y_true,y_pred,conf,std
7,7,0.9998215,0.00010907049
2,2,0.9801916,0.011803881
1,1,0.99423045,0.003010391
0,0,0.9991969,0.00050482113
4,4,0.99797356,0.0008164294
1,1,0.99887455,0.0004107193
4,4,0.99977523,8.3333245e-05
9,9,0.99999315,1.7693594e-06
5,5,0.97434694,0.0067254766
9,9,0.99775076,0.00067934237
0,0,0.9999757,1.3790273e-05
6,6,0.99900675,0.0003922739
9,9,0.9995583,0.0001366771
0,0,0.99999464,2.3562266e-06
1,1,0.99943197,0.00035086955
5,5,0.9363352,0.027527547
9,9,0.99921846,0.00021621154
7,7,0.997275,0.0014686699
3,8,0.5713374,0.075801946
4,4,0.99998647,4.810645e-06
9,9,0.697503,0.06869359
6,6,0.9899742,0.0061167614
6,6,0.99971354,0.00013049485
5,5,0.9999865,6.6285747e-06
4,4,0.99961424,0.00016004263
0,0,0.9999937,2.7405301e-06
7,7,0.99866235,0.00068759714
4,4,0.9998453,8.160895e-05
0,0,0.99995345,2.887566e-05
1,1,0.9995785,0.00017058942
3,3,0.99840593,0.00091470743
1,1,0.99953574,0.00022492235
3,3,0.99488765,0.0031063622
4,4,0.8220819,0.058549143
7,7,0.9818634,0.011464907
2,2,0.9973372,0.00079295423
7,7,0.99359024,0.004036648
1,1,0.99984825,7.0628535e-05
2,2,0.725355,0.07566956
1,1,0.99994767,2.7754199e-05
1,1,0.9995839,0.00022843186
7,7,0.998546,0.0009152878
4,4,0.99991953,3.129314e-05
2,2,0.8229119,0.05688324
3,3,0.8928262,0.051074643
5,5,0.9995459,0.00012458602
1,1,0.99744594,0.0010020665
2,2,0.99963456,0.00015558714
4,4,0.9997252,0.00013008983
4,4,0.94101083,0.021740723
6,6,0.99260587,0.0042036353
3,3,0.996679,0.0014062433
5,5,0.99996805,1.2640985e-05
5,5,0.99977505,9.4709954e-05
6,6,0.99688613,0.0015197304
0,0,0.9998101,0.000109656525
4,4,0.9998318,8.2184124e-05
1,1,0.9977274,0.0008290542
9,9,0.99966705,0.00011884769
5,5,0.977736,0.009460386
7,7,0.9998447,7.381856e-05
8,8,0.6960172,0.07212563
9,9,0.9555971,0.016467309
3,3,0.99833137,0.0005816887
7,7,0.9308427,0.04189827
4,4,0.95623857,0.013466375
6,6,0.98702985,0.005808536
4,4,0.99970484,0.00012256943
3,3,0.9980386,0.0012079473
0,0,0.9999626,1.823106e-05
7,7,0.999428,0.0002806805
0,0,0.99999845,7.26748e-07
2,2,0.99325335,0.0041089538
9,9,0.8364258,0.04246683
1,1,0.9996845,0.00014013497
7,7,0.99317944,0.0039842264
3,3,0.99978256,9.393764e-05
2,2,0.99676037,0.0019034145
9,9,0.9984045,0.00056867074
7,7,0.9987919,0.0007551436
7,7,0.9287756,0.023164054
6,6,0.99437046,0.0024978232
2,2,0.99997777,1.1362962e-05
7,7,0.99994534,2.0972639e-05
8,8,0.99842024,0.0006251886
4,4,0.99801034,0.0009874841
7,7,0.99974406,0.0001495051
3,3,0.99972886,8.948073e-05
6,6,0.99993783,2.6620564e-05
1,1,0.9985515,0.0007851485
3,3,0.99668914,0.0015885162
6,6,0.99894714,0.00046234284
9,9,0.9616071,0.015503891
3,3,0.98568153,0.0058983476
1,1,0.9990927,0.00034356417
4,4,0.99977446,7.602152e-05
1,1,0.7094846,0.07589451
7,7,0.9915987,0.0052815997
6,6,0.99958503,0.0001169023
9,9,0.9996994,0.00015606252
6,6,0.9999787,9.087374e-06
0,0,0.9999981,8.277001e-07
5,5,0.99988997,4.3945292e-05
4,4,0.99995345,1.7295279e-05
9,5,0.49998403,0.064892314
9,9,0.99935246,0.00032226555
2,2,0.9912221,0.0054750326
1,1,0.99885166,0.0006471618
9,9,0.9995977,0.00011649231
4,4,0.9999873,5.4370835e-06
8,8,0.9993599,0.00039551308
7,7,0.80040836,0.065394774
3,3,0.9989436,0.000497009
9,9,0.99998015,9.0942e-06
7,7,0.9857953,0.007109086
4,4,0.99696577,0.0010927416
4,4,0.9855882,0.00580397
4,4,0.99677104,0.0015210103
9,9,0.99853945,0.0004125895
2,2,0.68795353,0.07666641
5,5,0.99991876,4.554758e-05
4,4,0.9911679,0.005337837
7,7,0.99976313,9.853125e-05
6,6,0.99929667,0.00031927758
7,4,0.5347942,0.078104354
9,9,0.99243593,0.0028877321
0,0,0.9921244,0.0048126215
5,5,0.9999879,5.1686325e-06
8,8,0.9995507,0.0002817589
5,5,0.9999924,3.6730005e-06
6,6,0.9994992,0.000167345
6,6,0.9834706,0.0077624074
5,5,0.99962634,0.00018390182
7,7,0.9005362,0.06138549
8,8,0.9999197,4.8214173e-05
1,1,0.9997735,0.00012961234
0,0,0.9997343,0.00016463187
1,1,0.99816895,0.0008427389
6,6,0.9999949,1.9937588e-06
4,4,0.9998039,7.4010706e-05
6,6,0.99657595,0.0017989675
7,7,0.9995529,0.00023852484
3,3,0.9462017,0.0208054
1,1,0.9968445,0.0017681047
7,7,0.9747158,0.010138085
1,1,0.999801,0.000100263846
8,8,0.99992275,4.181149e-05
2,2,0.9998539,5.4054708e-05
0,0,0.9999877,7.1916206e-06
2,4,0.62816036,0.103460565
9,9,0.9953431,0.0026903562
9,9,0.5851653,0.08338107
5,5,0.999452,0.00026025606
5,5,0.99997807,9.412748e-06
1,1,0.9998539,6.427889e-05
5,5,0.9998806,5.8407848e-05
6,6,0.99368286,0.0028285177
0,0,0.99996805,1.9089322e-05
3,3,0.75424236,0.07508864
4,4,0.9983016,0.00041865752
4,4,0.9987484,0.00071685517
6,6,0.99978817,0.00012021484
5,5,0.9999946,2.3405667e-06
4,4,0.99758214,0.0013354683
6,6,0.99914855,0.00034253174
5,5,0.999922,3.504852e-05
4,4,0.9998948,4.651604e-05
5,5,0.8613933,0.054634817
1,1,0.99822176,0.0011005094
4,4,0.999972,1.0522863e-05
4,4,0.99997365,8.430428e-06
7,7,0.9633231,0.02170317
2,2,0.991294,0.0034282363
3,3,0.99799156,0.0009319
2,2,0.9997214,0.00014731812
7,7,0.63146347,0.11038864
1,1,0.9996853,0.00017220514
8,8,0.9997512,0.00010719893
1,1,0.9994982,0.00023932499
8,8,0.9898213,0.0062244637
1,1,0.9998251,6.978606e-05
8,8,0.99980277,0.00011787327
5,5,0.99981844,8.203316e-05
0,0,0.9999975,1.4159856e-06
8,8,0.98879606,0.006979349
9,9,0.9750811,0.012612691
2,2,0.99525946,0.0018308656
5,5,0.9999548,2.1529184e-05
0,0,0.999967,1.6021097e-05
1,1,0.9986327,0.0005421209
1,1,0.99198306,0.0044478006
1,1,0.98546714,0.005820296
0,0,0.99999917,3.5733615e-07
9,9,0.9813138,0.008462629
0,0,0.9995781,0.00025183425
3,3,0.7771219,0.07726675
1,1,0.99850416,0.0008106938
6,6,0.90043986,0.045403328
4,4,0.99999064,2.796226e-06
2,2,0.9876013,0.0046507516
3,3,0.9233446,0.04065016
6,6,0.9999337,1.9551231e-05
1,1,0.9996028,0.00016298183
1,1,0.9996973,0.00017029131
1,1,0.9985754,0.00064965076
3,3,0.9995514,0.00023634538
9,9,0.9998005,7.575106e-05
5,5,0.9948017,0.0021004435
2,2,0.999921,4.7296893e-05
9,9,0.9997751,6.439186e-05
4,4,0.9965895,0.0015307057
5,5,0.9216248,0.028832978
9,9,0.9999157,3.126247e-05
3,3,0.9694153,0.018504197
9,9,0.99896824,0.0002566952
0,0,0.98712796,0.0074966503
3,3,0.9979391,0.0012546803
6,6,0.6067816,0.09800118
5,5,0.6612026,0.07319889
5,5,0.9999159,4.3703618e-05
7,7,0.9997956,0.00010867631
2,2,0.8487958,0.040906653
2,2,0.99900925,0.0005696408
7,7,0.99963266,0.00021626582
1,1,0.95087826,0.018410942
2,2,0.9982033,0.0006357096
8,8,0.99679166,0.0019801797
4,4,0.9997935,8.097234e-05
1,1,0.99761564,0.0011817703
7,7,0.9998499,8.213124e-05
3,3,0.9924353,0.0042906543
3,3,0.9996487,0.00017724928
8,8,0.95661134,0.011389835
8,8,0.76611763,0.088281594
7,7,0.9524295,0.020326126
9,9,0.9650963,0.012973754
2,2,0.9999685,1.76258e-05
2,2,0.99980086,8.073849e-05
4,4,0.999891,5.358221e-05
1,1,0.9997503,0.00014926624
5,5,0.99970305,0.00016403373
9,5,0.57254726,0.07106683
8,8,0.9734273,0.014249712
7,7,0.9997015,0.00014251293
2,2,0.9963028,0.0020364453
3,3,0.8373424,0.046573956
0,0,0.99997675,1.4529003e-05
4,6,0.48725787,0.11193075
4,4,0.9999563,1.7965604e-05
2,2,0.9995588,0.00018155204
4,4,0.97712964,0.008019776
1,1,0.99973214,0.00011882923
9,9,0.9999914,2.3398966e-06
5,5,0.9999827,7.3865476e-06
7,7,0.9996456,0.00017566052
7,7,0.96432257,0.022210311
2,2,0.96513236,0.016149601
8,8,0.99850786,0.0008602553
2,2,0.9920929,0.0037197894
6,0,0.9720174,0.014566839
8,8,0.99993247,2.7414464e-05
5,5,0.99989784,4.5692104e-05
7,7,0.99994147,3.484692e-05
7,7,0.9997951,0.00011316377
9,9,0.8367283,0.056813486
1,1,0.99969304,0.00018182978
8,8,0.9563181,0.014242361
1,1,0.9993305,0.00039824742
8,8,0.9951522,0.0023606864
0,0,0.9998101,0.00010183869
3,3,0.9924595,0.004664972
0,0,0.9997023,0.00018401246
1,1,0.99986583,7.345879e-05
9,9,0.80776197,0.06399641
9,9,0.71941596,0.07807845
4,4,0.99934614,0.00027522218
1,1,0.9998854,6.278777e-05
8,8,0.9991328,0.00040673037
2,2,0.9986331,0.00072166417
1,1,0.9998018,0.00011734971
2,2,0.999876,4.5615012e-05
9,9,0.99912834,0.00030710694
7,7,0.8039764,0.060503
5,5,0.99994344,2.4991747e-05
9,9,0.99896556,0.00037439386
2,2,0.99997103,1.5151731e-05
6,6,0.91081226,0.04711786
4,4,0.9960331,0.0023256545
1,1,0.99929464,0.00032829685
5,5,0.9989928,0.00044082626
8,8,0.9224089,0.02846751
2,2,0.8929556,0.04136799
9,9,0.9974524,0.0011371807
2,2,0.9984454,0.0009327944
0,0,0.99986124,6.7739544e-05
4,4,0.99968636,0.000101012076
0,0,0.9999464,3.240136e-05
0,0,0.9998113,9.8165896e-05
2,2,0.99935895,0.0002549141
8,8,0.99982536,0.000101465404
4,4,0.9988305,0.00032609035
7,7,0.98770154,0.0077327127
1,1,0.99925554,0.00045112573
2,2,0.99912626,0.0003470639
4,4,0.9992062,0.0002964409
0,0,0.999421,0.00027547433
2,2,0.9999567,2.388851e-05
7,7,0.97299796,0.0148947295
4,4,0.98066425,0.0050271703
3,3,0.9911243,0.005333589
3,3,0.9990986,0.0005504663
0,0,0.9998873,7.056851e-05
0,0,0.99939996,0.00023182746
3,3,0.8929285,0.049734864
1,1,0.9982053,0.0011101636
9,9,0.9593587,0.012485266
6,6,0.9285795,0.042584855
5,5,0.9927214,0.0031728402
2,2,0.9670952,0.01558503
5,5,0.99659425,0.0017545779
9,9,0.81632775,0.07333669
2,7,0.59018266,0.0893638
9,9,0.9999525,1.4332853e-05
3,3,0.99873734,0.00077635737
0,0,0.8267291,0.055715702
4,4,0.9988467,0.0006261879
2,2,0.87808895,0.050867565
0,0,0.9999629,1.7943468e-05
7,7,0.9852009,0.008578405
1,1,0.99906397,0.0005080837
1,1,0.9986602,0.00080278673
2,2,0.99985015,7.0073955e-05
1,1,0.99980134,9.22061e-05
5,5,0.9986979,0.0006567113
3,3,0.99989414,6.51876e-05
3,3,0.95615375,0.026839409
9,9,0.99546415,0.0016979143
7,7,0.9931291,0.0036593638
8,8,0.99918234,0.00046862647
6,6,0.9434236,0.02138551
5,5,0.5091765,0.09297402
6,6,0.97555465,0.009893889
1,1,0.9998952,4.4500834e-05
3,3,0.99893206,0.0004145958
8,8,0.9435326,0.022812178
1,1,0.9997119,0.0001479449
0,0,0.99949026,0.00030918888
5,5,0.9981617,0.0006549865
1,1,0.9779255,0.013374413
3,3,0.9569112,0.026717246
1,1,0.99822617,0.0007327819
5,5,0.9999741,1.1574275e-05
5,5,0.9563246,0.020056363
6,6,0.99432915,0.0029686294
1,1,0.98454916,0.00801448
8,8,0.99999124,3.371658e-06
5,5,0.99997234,1.3189424e-05
1,1,0.9997656,9.68563e-05
7,7,0.8036331,0.06833489
9,4,0.50227946,0.09443098
4,4,0.9076661,0.03653588
6,6,0.99999225,4.001631e-06
2,2,0.82287407,0.04536753
2,2,0.9998952,4.8218462e-05
5,5,0.9999507,2.6856786e-05
0,0,0.99986994,7.604392e-05
6,6,0.8934881,0.047920726
5,5,0.999218,0.00041686013
6,6,0.94272375,0.03417321
3,3,0.9987723,0.0006398749
7,7,0.99922407,0.00048281773
2,2,0.9997128,0.00015162854
0,0,0.9821437,0.011254123
8,8,0.99993765,3.2823664e-05
8,8,0.99990404,4.8631086e-05
5,5,0.9999927,3.5966125e-06
4,4,0.9877877,0.0045350785
1,1,0.9997755,0.00011019737
1,1,0.9998765,6.1183164e-05
4,4,0.9999472,2.2608268e-05
0,0,0.9998824,5.6827237e-05
3,7,0.82153845,0.07535832
3,3,0.99532574,0.0018298266
7,7,0.9996651,0.00020985799
6,6,0.9999976,1.1323135e-06
1,1,0.99979144,9.804871e-05
6,6,0.96268654,0.015677925
2,2,0.99934614,0.00040486996
1,1,0.9999536,1.771328e-05
9,9,0.9992386,0.00015262264
2,2,0.99980795,6.424982e-05
8,8,0.9733442,0.014793319
6,6,0.99969405,0.00013057441
1,1,0.9997535,0.00012123205
9,9,0.8658487,0.059361465
5,5,0.9999589,1.6501663e-05
2,2,0.99999774,8.074292e-07
5,5,0.99957466,0.00021570086
4,4,0.999344,0.00020502659
4,4,0.94643146,0.03339255
2,2,0.8826931,0.06271708
8,8,0.99990654,5.319567e-05
3,3,0.9986002,0.0005960699
8,8,0.97391874,0.0130120665
2,2,0.8849001,0.03598776
4,4,0.9901635,0.004042876
5,5,0.97268707,0.0068837493
0,0,0.999973,1.6325863e-05
3,3,0.9991145,0.00050233136
1,1,0.98966455,0.0047810352
7,7,0.9999939,3.0094545e-06
7,7,0.9151862,0.044642594
5,5,0.933067,0.03509258
7,7,0.9969161,0.0019185614
9,9,0.99702704,0.0010080514
7,7,0.99987775,4.645087e-05
1,1,0.99660003,0.0020366765
9,9,0.9646673,0.007756523
2,2,0.9999787,1.0446355e-05
1,1,0.9993564,0.00039814351
4,4,0.9956212,0.0018153653
2,2,0.96435815,0.011126389
9,9,0.9967187,0.00079494045
2,2,0.99999106,4.8718366e-06
0,0,0.99996984,1.7332639e-05
4,4,0.99560595,0.0017695694
9,9,0.9982705,0.0006502234
1,1,0.9999342,3.4929875e-05
4,4,0.9998959,5.7968304e-05
8,8,0.99989665,4.9487368e-05
1,1,0.9957442,0.0022609937
8,8,0.99994296,2.6325502e-05
4,4,0.9810136,0.0055203387
5,5,0.9197936,0.031972006
9,9,0.9988818,0.00038564677
8,8,0.7809094,0.081979394
8,8,0.99958104,0.0002577706
3,3,0.9960658,0.0024417925
7,7,0.999863,6.777552e-05
6,6,0.9915234,0.0052634994
0,0,0.99995005,3.0364463e-05
0,0,0.99995863,1.8804825e-05
3,3,0.9934621,0.003082653
0,0,0.99480045,0.0032232157
2,2,0.9855425,0.008030243
6,0,0.9998044,5.6934638e-05
6,6,0.82709044,0.05835523
4,4,0.5886946,0.09701287
9,9,0.61397135,0.079726115
3,3,0.57495815,0.0755539
3,3,0.96190226,0.019227605
3,3,0.99842596,0.0009808246
2,2,0.9988003,0.00061436865
3,3,0.99898463,0.0005413608
9,9,0.999133,0.00032458067
1,1,0.99965477,0.00013696353
2,2,0.5625175,0.08989711
6,6,0.65332335,0.08133189
8,8,0.9999126,4.5327273e-05
0,0,0.99998933,5.6789386e-06
5,5,0.94987315,0.014949478
6,6,0.99624985,0.0019872333
6,6,0.99913514,0.0004160406
6,6,0.9999479,1.8786885e-05
3,7,0.5656452,0.07742276
8,8,0.9994604,0.00032687598
8,8,0.99998045,6.701229e-06
2,2,0.99898845,0.0003818501
7,7,0.9614216,0.024193048
5,5,0.99983585,8.646028e-05
8,8,0.98791,0.006397388
9,9,0.9758908,0.012486549
6,6,0.99956876,0.00015269872
1,1,0.9999077,4.328158e-05
8,8,0.99994737,2.8448185e-05
4,4,0.99758947,0.0012011564
1,1,0.99965703,0.000196142
2,2,0.99014443,0.005412205
5,5,0.99797136,0.0009835908
9,9,0.9228303,0.037365854
1,1,0.9981736,0.00083689217
9,9,0.99994123,1.7039656e-05
7,7,0.9971241,0.0017531418
5,5,0.9684868,0.013365557
4,4,0.9999219,2.6987744e-05
0,0,0.9988554,0.00050974474
8,8,0.99946994,0.0002709985
9,9,0.9963066,0.00162777
9,9,0.9173101,0.023613881
1,1,0.99907017,0.00040568208
0,0,0.9994938,0.00018710212
5,5,0.9997562,8.960771e-05
2,2,0.85594094,0.060203582
3,3,0.99901056,0.0006147643
7,7,0.999585,0.000260247
8,0,0.43663502,0.11128439
9,9,0.99998105,6.864347e-06
4,4,0.98664236,0.0045467713
0,0,0.90903294,0.053926654
6,6,0.78216636,0.090442345
3,3,0.99967206,0.00019768436
9,9,0.99809724,0.00070896983
5,5,0.9968077,0.001835097
2,2,0.9999949,2.4935935e-06
1,1,0.99983597,6.550448e-05
3,3,0.99582577,0.0022914999
1,1,0.99951184,0.00022116878
3,3,0.3840794,0.10274221
6,5,0.64713377,0.07818324
5,5,0.99980354,0.00010164883
7,7,0.967398,0.020463059
4,4,0.9966048,0.001769516
2,2,0.99999774,1.1158506e-06
2,2,0.9999541,2.8002552e-05
6,6,0.9990858,0.00042998604
3,3,0.96229,0.012371017
2,2,0.9819853,0.0086319065
6,6,0.99606884,0.0014271811
5,5,0.9999976,8.911226e-07
4,4,0.9995469,0.00022407927
8,8,0.9996673,0.00013222072
9,9,0.99991083,2.6315674e-05
7,7,0.9510363,0.022077927
1,1,0.98656356,0.0047982996
3,3,0.99896973,0.0003359932
0,0,0.9999976,1.0041247e-06
3,3,0.98960626,0.004725668
8,8,0.99927104,0.00032392007
3,3,0.82674074,0.04341359
1,1,0.9993421,0.00038012763
9,9,0.91691303,0.031938836
3,3,0.9710328,0.0077811563
4,4,0.9978647,0.00075247604
4,4,0.9999205,3.235919e-05
6,6,0.9996487,0.00019524663
4,4,0.99988544,4.719172e-05
2,2,0.9664909,0.018492993
1,1,0.9834423,0.009812476
8,8,0.9998929,4.9514045e-05
2,2,0.99997413,1.1717701e-05
5,5,0.99983567,9.0055444e-05
4,4,0.9996893,0.000146754
8,8,0.9755312,0.012477374
8,8,0.8405464,0.06496376
4,4,0.99992245,2.9408116e-05
0,0,0.9959962,0.0016710975
0,0,0.9999987,7.8261735e-07
2,2,0.9683901,0.013771644
3,3,0.98466337,0.00704702
2,2,0.9997326,0.000117479256
7,7,0.99798346,0.0010582538
7,1,0.58623433,0.07298339
0,0,0.9960741,0.0023677337
8,8,0.9976864,0.0010174445
7,7,0.9938735,0.0038707212
4,4,0.9999404,2.498919e-05
4,4,0.9991277,0.0003959774
7,7,0.98878175,0.0061620576
9,9,0.99933374,0.0003120342
6,6,0.85897255,0.059363753
9,9,0.9996851,9.196278e-05
0,0,0.99992275,4.0312185e-05
9,9,0.99589336,0.0011442917
8,8,0.9997568,0.00015014829
0,0,0.9999979,1.2026678e-06
4,4,0.9894206,0.004372961
6,6,0.97966117,0.011847189
0,0,0.9996422,0.00018751189
6,6,0.9059712,0.041199077
3,3,0.99488384,0.0030553206
5,5,0.9999669,1.5771988e-05
4,4,0.7654711,0.06308441
8,8,0.99709857,0.0015287516
3,3,0.99982643,8.053258e-05
3,3,0.99616796,0.0016127393
9,9,0.9996707,0.000121042496
3,3,0.9988899,0.00068489474
3,3,0.99711055,0.0018089267
3,3,0.6987821,0.07821119
7,7,0.99948245,0.00024152626
8,8,0.9880482,0.007508273
0,0,0.99998796,7.1796776e-06
8,2,0.7553743,0.058376648
2,2,0.60516065,0.08894459
1,1,0.9990695,0.00051274296
7,7,0.9999086,4.609125e-05
0,0,0.9999949,2.8387735e-06
6,6,0.9998953,3.6805417e-05
5,5,0.99869424,0.0006284466
4,4,0.9991603,0.0002710284
3,3,0.9980553,0.0011554083
8,8,0.90168,0.0564745
0,0,0.99999666,1.4822418e-06
9,9,0.82677734,0.06269093
6,6,0.9956605,0.002677674
3,3,0.9974696,0.0013543436
8,8,0.995469,0.0027668476
0,0,0.99694955,0.0018187243
9,9,0.9999838,4.290841e-06
9,9,0.9932474,0.0038248133
6,6,0.99995625,1.8989733e-05
8,8,0.9725474,0.016679736
6,6,0.9994942,0.00025375668
8,8,0.9997783,9.201255e-05
5,5,0.99997175,1.1444261e-05
7,7,0.9796957,0.006991507
8,8,0.9964751,0.0021652277
6,6,0.9986205,0.00048042732
0,0,0.99948895,0.00031770254
2,2,0.99969494,0.00017219689
4,6,0.4651774,0.10635042
0,0,0.9999918,3.4435336e-06
2,2,0.9962517,0.0022426238
2,2,0.5009921,0.12167847
3,3,0.9953063,0.0028317606
1,1,0.9019519,0.054974694
9,9,0.9998027,6.25166e-05
7,7,0.926795,0.04527696
5,5,0.99991786,2.8188815e-05
1,8,0.52595425,0.090965316
0,0,0.99986756,8.2229395e-05
8,8,0.9998066,0.00010312391
4,4,0.9997817,9.5392556e-05
6,6,0.99901104,0.00051114726
2,2,0.77806395,0.093422994
6,6,0.9820965,0.008407622
7,7,0.99958646,0.0002608245
9,9,0.8941983,0.04678143
3,3,0.86211985,0.05777564
2,2,0.772116,0.07202111
9,9,0.97932225,0.010672687
8,8,0.99937475,0.00032385258
2,2,0.99986804,6.3314576e-05
2,2,0.99651635,0.0020848042
9,9,0.99958783,0.00012647963
2,2,0.993748,0.0018645835
7,7,0.9996726,0.00018745221
3,3,0.9983713,0.0003540915
5,5,0.77311623,0.074814275
9,9,0.99991465,3.5650017e-05
1,1,0.99755985,0.0013928395
8,8,0.9999342,3.866222e-05
0,0,0.99945945,0.0003303706
2,2,0.99961317,0.00023498535
0,0,0.99970055,0.00014191205
5,5,0.99587095,0.0017447894
2,6,0.65318334,0.09046007
1,1,0.999895,5.6779158e-05
3,3,0.99847144,0.0009399696
7,7,0.99915916,0.0005192695
6,6,0.8271939,0.05992369
7,7,0.99996793,1.602156e-05
1,1,0.9999119,3.71845e-05
2,2,0.99941903,0.00025802132
5,5,0.9948859,0.0022621532
8,8,0.9427167,0.02049703
0,0,0.9998819,5.587422e-05
3,3,0.99703294,0.0011391889
7,7,0.8370725,0.0529019
2,1,0.63448894,0.091757715
4,4,0.9999857,4.4869644e-06
0,0,0.9999134,5.0383398e-05
9,9,0.9999935,2.3153564e-06
1,1,0.9998206,8.32533e-05
8,8,0.9996874,0.00016101182
6,6,0.99999034,3.6743083e-06
7,7,0.99950963,0.00028509676
7,7,0.67273533,0.08864461
4,4,0.9995459,0.00015333833
3,3,0.9977704,0.0013440301
4,4,0.9999735,1.2237908e-05
9,9,0.9800118,0.009774953
1,1,0.9992696,0.00033938378
9,9,0.999267,0.00024987565
5,5,0.98010796,0.0068024085
1,1,0.99992216,3.5568577e-05
7,7,0.98659456,0.008439071
3,3,0.99994135,2.4094485e-05
9,9,0.999648,0.00014459454
7,7,0.90997964,0.05432775
6,6,0.9999564,1.726959e-05
9,9,0.99691963,0.00093980815
1,1,0.9992839,0.00043524842
3,3,0.9947876,0.0022584107
7,7,0.5583831,0.102759145
8,8,0.9960209,0.002296017
3,3,0.9999091,4.9379636e-05
3,3,0.9994707,0.00025425197
6,6,0.94559205,0.029236447
7,7,0.748256,0.07495169
2,2,0.9996192,0.000120776545
8,8,0.53854847,0.08803287
5,5,0.9671752,0.015070094
8,8,0.9306204,0.041796617
5,5,0.9995879,0.00022110673
1,1,0.9987295,0.00043821437
1,1,0.9616273,0.015152316
4,4,0.9999715,1.1093454e-05
4,4,0.99762475,0.00082217914
3,3,0.8682467,0.058504235
1,1,0.986848,0.005855151
0,0,0.99998474,8.654534e-06
7,7,0.9721201,0.01743336
7,7,0.95943964,0.02485119
0,0,0.99999744,1.4276555e-06
7,7,0.9999339,3.6766934e-05
9,9,0.99965346,8.1181606e-05
4,4,0.9410637,0.029747015
4,4,0.9998528,4.6883877e-05
8,8,0.9998395,8.55515e-05
5,5,0.96328783,0.021640657
5,5,0.9999859,6.459703e-06
4,4,0.98470956,0.006046233
0,0,0.99901074,0.00047855577
8,8,0.99839485,0.00088323513
2,2,0.9998229,9.5091644e-05
1,1,0.95144,0.018605852
0,0,0.4815511,0.1193236
8,8,0.9967845,0.0014946032
4,4,0.991218,0.003419023
5,8,0.9635402,0.01041303
0,0,0.9999534,2.5966714e-05
4,4,0.99206096,0.0043613957
0,0,0.9994459,0.00027438946
6,6,0.999963,1.2582301e-05
1,1,0.9978219,0.0012021383
7,7,0.94495916,0.020090748
3,3,0.9969405,0.0015462291
2,2,0.99608964,0.0020227295
6,6,0.98348844,0.0093954895
7,7,0.9114911,0.032031395
2,2,0.99991,5.5157165e-05
6,6,0.9821809,0.0066933273
9,9,0.9997401,0.00015167128
3,3,0.99030524,0.0023550736
1,1,0.9966823,0.002062681
4,4,0.999846,6.308996e-05
6,6,0.77179784,0.06477411
2,2,0.995489,0.0020803525
5,5,0.9999859,5.141723e-06
4,9,0.6097141,0.049492247
2,2,0.96866876,0.019307632
0,0,0.99999905,4.5788516e-07
6,6,0.9993726,0.00038317108
2,2,0.9975729,0.0014915972
1,1,0.99937457,0.00022410383
7,7,0.99970084,0.00015639943
3,3,0.99923694,0.00043398375
4,4,0.9894675,0.0051480457
1,1,0.99921876,0.00038024955
0,0,0.99999714,1.3412163e-06
5,5,0.99980927,8.876384e-05
4,4,0.9999825,8.216119e-06
3,3,0.99996316,2.0420459e-05
1,1,0.9986409,0.0007316495
1,1,0.99987423,5.9181115e-05
7,7,0.94952595,0.03191459
4,4,0.9999814,5.638613e-06
9,9,0.99988794,5.631138e-05
9,9,0.99844724,0.0008860601
4,4,0.7230333,0.061007045
8,8,0.9973119,0.0009972703
4,4,0.9998986,3.5823403e-05
0,0,0.9994585,0.0003153023
2,2,0.9997525,7.7277175e-05
4,4,0.9999894,4.4772123e-06
5,5,0.9999379,3.2265347e-05
1,1,0.99378854,0.003207853
1,1,0.99291813,0.0040977937
6,6,0.9147552,0.052598782
4,4,0.99998885,3.984679e-06
7,7,0.9981721,0.00090285216
1,1,0.9998506,6.407887e-05
9,9,0.9999955,1.4753844e-06
4,4,0.96290004,0.010944405
2,2,0.9999908,5.109009e-06
4,4,0.997495,0.0011110171
1,1,0.999585,0.00021240348
5,5,0.99992275,3.165017e-05
5,5,0.999953,2.3481884e-05
3,3,0.99331427,0.0029614489
8,8,0.9772768,0.009738235
3,3,0.9962037,0.001684287
1,1,0.99994564,2.3747129e-05
4,4,0.9972992,0.0012359663
5,5,0.99918777,0.00043316875
6,6,0.92569554,0.026671227
8,8,0.99534523,0.0016212728
9,9,0.9999129,1.6829332e-05
4,4,0.99976224,0.00011259866
1,1,0.99956846,0.00025363074
5,5,0.99189454,0.0025378775
3,3,0.99986726,6.658808e-05
8,8,0.9997322,0.00015230208
0,0,0.99999297,2.3740981e-06
3,3,0.983558,0.0041116113
2,2,0.99977696,0.00012561984
5,5,0.9980637,0.00066724885
1,1,0.9994284,0.0002144186
2,2,0.99999887,4.5103306e-07
8,8,0.99231595,0.0042361813
3,3,0.99917233,0.00029945973
4,4,0.9998953,4.301073e-05
4,4,0.9998595,5.520216e-05
0,0,0.9995077,0.00029577228
8,8,0.99566156,0.0026111142
8,8,0.9997546,0.00013337535
3,3,0.99979067,0.00010870509
3,3,0.99977124,0.000121406316
1,1,0.999627,0.00019054295
7,7,0.8776493,0.06252431
3,3,0.9976433,0.0014293775
5,5,0.9999739,1.33848935e-05
9,9,0.6563943,0.06859161
6,6,0.99962556,0.00019836279
3,3,0.9895347,0.0033762965
2,2,0.9987157,0.0005981816
6,6,0.85170615,0.044582587
1,1,0.99906284,0.00043072546
3,3,0.9997635,9.784788e-05
6,6,0.9994505,0.00033171356
0,0,0.99999845,6.642741e-07
7,7,0.9987186,0.0006309876
2,2,0.990973,0.005659356
1,1,0.9967864,0.0018561712
7,7,0.9998719,7.985276e-05
1,1,0.99911565,0.00050519133
4,4,0.99937665,0.000268741
2,2,0.99932003,0.00020514967
4,4,0.9910302,0.0052712997
2,2,0.9344783,0.034177873
1,1,0.9997667,8.309809e-05
7,7,0.999055,0.00045805116
9,9,0.9777749,0.008081484
6,6,0.9645592,0.017265853
1,1,0.9969858,0.0013983982
1,1,0.9893964,0.005531677
2,2,0.63932395,0.09116763
4,4,0.99997187,1.1316652e-05
8,8,0.9548052,0.02171595
1,1,0.9971272,0.001272334
7,7,0.9874954,0.0073806485
7,7,0.9975788,0.0014911373
4,4,0.9996544,0.000140211
8,7,0.62627006,0.08607997
0,0,0.9999914,3.884533e-06
7,7,0.7792482,0.061900962
3,3,0.99135363,0.005256514
1,1,0.99978983,0.00010087851
3,3,0.99784297,0.0010933185
1,1,0.9994109,0.00034858153
0,0,0.9999897,3.4471675e-06
7,7,0.9994885,0.00029242752
7,7,0.99758494,0.0014741555
0,0,0.9999959,1.8055986e-06
3,3,0.9991292,0.0005273967
5,5,0.995934,0.001275437
5,5,0.9924022,0.0025660477
2,2,0.99980795,0.000115717376
7,7,0.9991934,0.00039867553
6,6,0.99999535,2.7619762e-06
6,6,0.99998295,4.9005343e-06
9,9,0.9997082,8.494507e-05
2,2,0.9998003,9.187865e-05
8,8,0.9986132,0.000711937
3,3,0.9998902,4.280234e-05
5,5,0.9518403,0.016358625
2,2,0.9858036,0.006234746
2,2,0.9999102,4.9045677e-05
5,5,0.9999646,1.2117505e-05
6,6,0.64558595,0.076500945
0,0,0.99999917,4.027961e-07
8,8,0.99946815,0.00028151085
2,2,0.9996978,9.990392e-05
9,9,0.67320573,0.070373334
2,2,0.98337966,0.009064202
8,8,0.9970843,0.0015540939
8,8,0.96173203,0.017752085
8,8,0.99833184,0.00082164456
8,8,0.99155176,0.005273871
7,7,0.9412651,0.037070125
4,9,0.5732592,0.06749329
9,7,0.65980643,0.10157776
3,3,0.6112288,0.06538946
0,0,0.9999877,6.829745e-06
6,6,0.98636615,0.0066146776
6,6,0.9851221,0.007466872
3,3,0.9969742,0.0017333592
2,2,0.99990547,3.381393e-05
1,1,0.998905,0.0006266194
3,3,0.8879491,0.056512345
2,2,0.99971926,0.00013674995
2,2,0.99996996,1.5982983e-05
9,9,0.99962443,0.000121310586
3,3,0.9498706,0.020013195
0,0,0.9107734,0.050363235
0,0,0.91641694,0.04994964
5,5,0.9999658,1.1290106e-05
7,7,0.9385106,0.03243461
8,8,0.999005,0.0006253628
1,1,0.62584347,0.08305484
4,4,0.9961254,0.00139934
4,4,0.9994745,0.0001963682
6,6,0.99990386,4.401913e-05
0,0,0.99998486,7.735894e-06
2,2,0.99998885,5.734754e-06
9,9,0.9955019,0.0019344378
1,1,0.9944752,0.0023038876
4,4,0.9999896,3.913409e-06
7,7,0.99934626,0.0003781577
4,4,0.9999264,3.2490898e-05
7,7,0.9484714,0.032576103
3,3,0.9984307,0.00094624265
9,9,0.9996451,0.00020025848
8,8,0.9990362,0.0006029662
8,8,0.99902153,0.00061301724
4,4,0.9979307,0.00077585457
7,7,0.99982166,0.00011053091
1,1,0.99984705,8.041122e-05
2,2,0.8331915,0.066805616
1,1,0.9992797,0.00023905661
2,2,0.9999975,1.2799553e-06
2,2,0.99762887,0.00093592535
3,3,0.99988973,6.805225e-05
2,2,0.70838237,0.06850639
3,3,0.9990013,0.0005005958
2,2,0.801496,0.05874175
3,3,0.9995055,0.00029090905
9,9,0.9939216,0.0026210821
1,1,0.9994968,0.00018248688
7,7,0.96881866,0.018976962
4,4,0.99944705,0.0001929767
0,0,0.99940664,0.0003234351
3,3,0.9999771,1.3168309e-05
5,5,0.9998949,5.353967e-05
5,5,0.99292725,0.0022218055
8,8,0.9800013,0.0069756047
6,6,0.9999735,1.1487959e-05
3,5,0.6186984,0.07310767
2,2,0.82707727,0.062315065
6,5,0.50918376,0.073843405
7,7,0.99899757,0.0006309066
6,6,0.9999981,7.3619947e-07
6,6,0.8487002,0.058172237
3,8,0.4656906,0.09092309
2,2,0.99587524,0.0024111536
7,7,0.965909,0.02072773
8,8,0.9589327,0.010839784
1,1,0.999879,7.1225695e-05
1,1,0.9994054,0.00033249593
7,7,0.8371035,0.07340432
5,4,0.73534864,0.090554014
6,6,0.63835055,0.08691384
4,4,0.9999801,7.2576076e-06
9,9,0.99991626,2.3967932e-05
5,5,0.99990404,3.4608514e-05
1,1,0.6764965,0.098458275
3,3,0.7459634,0.059666224
3,3,0.9976061,0.00085577543
4,4,0.7983924,0.05356338
7,7,0.9878513,0.004984121
8,8,0.9981594,0.0011534144
9,7,0.50160563,0.07851324
1,1,0.9979831,0.00077626633
1,1,0.9915291,0.0036591068
6,0,0.8824704,0.061870806
9,9,0.81320554,0.055588562
1,1,0.99967974,0.000184932
4,4,0.9995678,0.000119068995
4,4,0.97411317,0.00837488
5,5,0.9999278,3.5734185e-05
4,4,0.9803232,0.007843744
0,0,0.99999857,6.4468315e-07
6,6,0.9999763,7.2155963e-06
2,2,0.99948585,0.00027283086
2,2,0.9997937,9.855801e-05
3,3,0.9839164,0.008704623
1,1,0.98903894,0.006519059
5,5,0.99997395,1.2002505e-05
1,1,0.9997922,0.000103053615
2,2,0.99999964,1.8766953e-07
0,0,0.99999774,1.1777545e-06
3,3,0.45368895,0.10779996
8,8,0.999839,7.996593e-05
1,1,0.9998663,6.270931e-05
2,2,0.9998878,4.3378353e-05
6,6,0.8855813,0.0510736
7,7,0.99953425,0.00027987198
1,1,0.99964315,0.00017436882
6,6,0.9770993,0.0102464985
2,2,0.99553263,0.0020689075
3,3,0.9972795,0.0017057139
9,9,0.76368034,0.05630374
0,0,0.9999579,2.2788723e-05
1,1,0.94129264,0.023346439
2,2,0.81088465,0.05493129
2,2,0.99999315,2.4478009e-06
0,0,0.99999934,3.3986913e-07
8,8,0.9909633,0.004596305
9,9,0.8392774,0.05921469
9,9,0.9512168,0.010499729
0,0,0.99994457,2.794687e-05
2,2,0.993739,0.0021668477
5,5,0.9910983,0.003474767
1,1,0.99892807,0.00043834755
9,9,0.99991214,2.1204456e-05
7,7,0.9853841,0.008827815
8,8,0.99696493,0.001872977
1,1,0.9996309,0.00020886077
0,0,0.99888074,0.000698265
4,4,0.9907068,0.005742742
1,1,0.99565613,0.002720051
7,7,0.8098553,0.069352016
9,9,0.9985119,0.000671209
6,5,0.8093473,0.05819086
4,4,0.99941254,0.00021275583
2,2,0.99997824,7.58807e-06
6,6,0.9971851,0.0010129024
8,8,0.99895555,0.0005783253
1,1,0.9997589,9.018036e-05
3,3,0.99734974,0.0016561799
7,7,0.98985815,0.0062817372
5,5,0.9993941,0.00023655265
4,4,0.9599398,0.02456617
4,4,0.98243636,0.007939933
1,1,0.9985263,0.00072047446
8,8,0.99994886,2.0574396e-05
1,1,0.99969435,0.00013768754
3,3,0.98858774,0.005731868
8,8,0.99701613,0.0017855084
1,1,0.9993712,0.00030040753
2,2,0.9968155,0.0019012466
5,5,0.99138564,0.0026320177
8,8,0.88287485,0.06258638
0,0,0.9994012,0.0003371086
6,6,0.97558796,0.009194016
2,2,0.99602044,0.0019412789
1,1,0.99979526,0.00011322013
1,1,0.99972856,0.00013697716
7,2,0.8917038,0.040847123
1,1,0.97233564,0.017453436
5,5,0.99999446,2.5978054e-06
3,3,0.92360413,0.029575765
4,4,0.9998454,3.8778988e-05
6,8,0.6718771,0.08977171
9,9,0.9073369,0.05358401
5,5,0.9999741,1.3489678e-05
0,0,0.9999504,2.706192e-05
9,9,0.99889886,0.0005909597
2,2,0.9962584,0.0013796154
2,2,0.9443695,0.02879103
4,4,0.9949132,0.0023339624
8,8,0.9461999,0.021195225
2,2,0.9999515,2.2345714e-05
1,1,0.99981004,9.056412e-05
7,7,0.9853729,0.005065767
2,2,0.99900377,0.00061794696
4,4,0.9999093,4.015185e-05
9,9,0.9998287,5.8799098e-05
4,4,0.9998981,5.1352585e-05
4,4,0.99965876,0.00016609949
0,0,0.9999925,3.4041113e-06
3,3,0.72841823,0.08101091
9,9,0.9999137,1.9163877e-05
2,2,0.999745,0.00012606727
2,2,0.99966896,0.00016269357
3,3,0.84947807,0.061209798
3,3,0.9960784,0.001314104
8,8,0.97579205,0.014084649
3,3,0.99094933,0.0041974634
5,5,0.99998397,6.3356733e-06
7,7,0.99980175,0.00011829122
3,3,0.86041766,0.046294194
5,5,0.83990014,0.05011512
8,8,0.99642545,0.0021779912
1,1,0.9997814,0.00010802552
2,2,0.9996044,0.00020570568
4,4,0.9999542,1.3493378e-05
4,4,0.99926615,0.00037555458
6,6,0.98485184,0.0061698845
4,4,0.9998773,3.608935e-05
9,9,0.9977803,0.0013450318
5,5,0.9816238,0.0052919006
1,1,0.9998617,7.4807176e-05
0,0,0.9999914,4.638456e-06
6,6,0.99978894,8.223913e-05
9,9,0.99941194,0.0003040092
5,5,0.99985,5.413104e-05
9,9,0.99981993,4.697106e-05
5,5,0.96143496,0.023944324
9,9,0.9834099,0.006407892
7,7,0.96784556,0.020198707
3,3,0.9781865,0.010181295
8,8,0.9937741,0.002954328
0,0,0.9999291,4.368584e-05
3,3,0.99957323,0.00016532544
7,7,0.83585376,0.06696606
1,1,0.9821517,0.011096676
3,3,0.9958127,0.0020975473
6,6,0.9321195,0.038779475
7,7,0.9993911,0.00038131917
8,8,0.91583073,0.04794993
5,5,0.9999407,2.6763944e-05
9,9,0.9984169,0.0008680412
7,7,0.99963397,0.00023001168
9,9,0.99933434,0.0002175918
6,6,0.9999792,7.2109333e-06
9,9,0.7589914,0.08126934
6,6,0.94706744,0.0268364
3,3,0.9986986,0.00072985666
7,7,0.99912196,0.0005425686
4,4,0.999965,1.6933589e-05
4,6,0.5885378,0.08183877
5,5,0.9999794,9.412936e-06
3,3,0.930797,0.029154133
5,5,0.99995744,1.5560208e-05
4,4,0.9998167,6.0950384e-05
7,7,0.9948331,0.003160453
8,8,0.9999105,4.844935e-05
7,7,0.9012041,0.058726918
8,8,0.9999773,1.1861846e-05
0,0,0.99972355,0.00016624853
7,7,0.9987165,0.00078035495
6,6,0.99996156,1.5453694e-05
8,8,0.9252609,0.034721166
8,8,0.99560034,0.0027230405
7,7,0.9937541,0.0038431317
3,3,0.9858583,0.0088138385
3,7,0.7065495,0.09725713
1,1,0.99646604,0.0015384838
9,9,0.9902232,0.004087559
5,5,0.9997821,7.1792776e-05
2,2,0.9999841,8.784657e-06
7,7,0.9889513,0.00681975
3,3,0.9962307,0.0019796693
5,5,0.9999811,8.654006e-06
1,1,0.9994253,0.0002733383
1,1,0.9960147,0.0025101088
2,2,0.999835,5.281189e-05
1,1,0.9993515,0.0003077058
4,4,0.9999011,3.859201e-05
7,7,0.9472337,0.033322114
4,4,0.99987316,5.858825e-05
7,7,0.99432147,0.0035569605
5,5,0.9992975,0.00020384739
4,4,0.90655535,0.02379951
5,5,0.9994934,0.00022471903
4,4,0.8732805,0.060724594
0,0,0.99999714,1.0907663e-06
8,8,0.9993316,0.0003450134
3,3,0.9893527,0.0045733307
6,6,0.90073717,0.04989109
9,9,0.987996,0.0045896857
6,6,0.62257636,0.090793915
0,0,0.9968108,0.0020065468
2,2,0.99931085,0.00030983426
7,7,0.8005684,0.09175616
4,4,0.9948288,0.0015415188
4,4,0.9997808,9.487418e-05
4,4,0.9851429,0.007346074
4,4,0.99970883,0.00014311538
6,6,0.99479544,0.0025700903
6,6,0.99995106,2.4136447e-05
4,4,0.9996916,0.00018275976
7,7,0.8810086,0.058223106
9,9,0.9997612,9.017164e-05
3,5,0.76695704,0.05691768
4,4,0.99995947,2.02783e-05
5,5,0.9997606,8.970859e-05
5,5,0.9875868,0.0055312384
8,8,0.9987788,0.00071995123
7,7,0.9992713,0.00045605347
3,3,0.9999682,1.0997886e-05
7,7,0.9203579,0.049063556
2,2,0.998096,0.0010439979
7,7,0.9999679,1.5023057e-05
0,0,0.9914344,0.0052346746
2,2,0.9967621,0.0017688842
4,4,0.58632886,0.09389977
1,1,0.9996928,0.0001524008
1,1,0.9997817,0.00012444095
6,6,0.5625847,0.11343364
6,8,0.6820098,0.07120861
9,9,0.88080895,0.041161504
2,2,0.94716835,0.032596733
8,8,0.9998344,8.3267725e-05
7,7,0.99880993,0.0006878743
2,2,0.9858271,0.0062553384
0,0,0.9999839,7.3781957e-06
1,1,0.9987919,0.00061248866
5,5,0.99957734,0.00019917884
0,0,0.9231613,0.048356783
9,9,0.98106796,0.0038937866
1,1,0.9987399,0.0007253427
7,7,0.6616955,0.07758593
0,0,0.9999871,5.2531805e-06
6,6,0.9857891,0.008118367
0,0,0.9990242,0.00060307066
8,8,0.9561666,0.016999345
6,6,0.9999258,3.0730178e-05
8,8,0.8298437,0.08379833
1,1,0.9983948,0.0008815677
8,8,0.9962125,0.002141873
0,0,0.99995834,2.2165787e-05
3,3,0.87642825,0.06788575
3,3,0.9997264,0.00016987929
7,7,0.9117983,0.049485672
2,2,0.9997264,0.00013881868
3,3,0.9754075,0.014099574
6,6,0.93269587,0.029850278
2,2,0.9999936,3.049377e-06
1,1,0.99826443,0.00083612
6,6,0.81119883,0.07169965
1,1,0.9993473,0.00028345414
1,1,0.99981034,8.066674e-05
3,3,0.98970854,0.00623415
7,7,0.95016193,0.030776937
9,1,0.5001701,0.08484544
0,0,0.99991643,5.10919e-05
8,8,0.88168514,0.058194358
0,0,0.99996436,2.1486365e-05
5,5,0.99984014,6.5802575e-05
4,4,0.999938,2.8211312e-05
0,0,0.9999859,7.792367e-06
2,2,0.58209246,0.08792536
8,8,0.9999591,2.312997e-05
7,2,0.9981786,0.0008660079
2,2,0.99982965,8.927357e-05
9,9,0.63186127,0.07863099
8,8,0.99581605,0.0025546863
4,4,0.99959105,0.00016370465
0,0,0.9571764,0.025874112
9,4,0.75030196,0.08339283
5,5,0.999891,5.8100308e-05
8,8,0.94628924,0.027077248
5,5,0.99998635,5.1011466e-06
1,1,0.99720466,0.0017600065
2,2,0.8962887,0.04323674
1,1,0.9994443,0.00028275384
3,3,0.8670889,0.04705893
1,1,0.99752444,0.0013422788
7,7,0.977856,0.012751189
4,9,0.9808971,0.005345813
5,5,0.9997245,0.00014174738
7,7,0.9833994,0.00786067
2,2,0.9999968,1.6740763e-06
0,0,0.99988776,4.7597478e-05
9,3,0.5629009,0.0878926
8,8,0.935578,0.02044377
8,8,0.9941493,0.0024924618
6,6,0.9592885,0.024119694
2,2,0.91206026,0.042598337
5,5,0.996785,0.0018259177
4,4,0.87054956,0.050343387
1,1,0.99991643,3.6933656e-05
9,9,0.9999924,2.1718383e-06
2,2,0.9832363,0.007844397
1,1,0.99655676,0.002022627
5,5,0.99994886,2.0391319e-05
8,8,0.9995988,0.00018289255
7,1,0.95873916,0.0115329195
0,0,0.9999878,5.9903336e-06
2,2,0.99996823,1.8031285e-05
4,4,0.9438981,0.016280815
4,4,0.9979509,0.00065172714
3,3,0.99894,0.0006111429
6,6,0.832831,0.061797887
8,8,0.962197,0.023665238
8,8,0.9997792,9.3020426e-05
2,2,0.9964326,0.0017847102
4,4,0.9772811,0.013154754
0,0,0.9999279,4.5285466e-05
5,5,0.99426204,0.0029434334
0,0,0.9999608,2.0351088e-05
4,4,0.9987334,0.00058653095
4,4,0.99989176,3.4018703e-05
7,7,0.99819934,0.001126628
9,9,0.9997245,0.00010537539
3,3,0.99993277,3.9498038e-05
4,4,0.9504782,0.02347428
1,1,0.9981682,0.00094770454
5,5,0.9017075,0.046087567
9,9,0.88658476,0.050378013
7,7,0.80413854,0.082745634
3,3,0.999952,2.9378134e-05
5,5,0.99885356,0.0006401272
8,8,0.99003303,0.0061920686
8,8,0.99809426,0.0011642021
0,0,0.94218314,0.03318906
5,5,0.5460135,0.10767329
3,5,0.76602554,0.053567953
3,3,0.9997951,0.00011016145
6,6,0.59500206,0.07798335
6,6,0.99991816,3.686871e-05
0,0,0.9999529,1.7509843e-05
1,1,0.99854565,0.00065696944
6,6,0.8896656,0.055824738
0,0,0.99999505,2.350393e-06
3,3,0.996328,0.0019897823
5,7,0.9293273,0.035372954
4,4,0.99975777,0.00010373378
4,4,0.99891424,0.0002594804
1,1,0.99916756,0.00036912938
2,2,0.99165374,0.0029865955
9,9,0.9999401,1.7954171e-05
1,1,0.9975937,0.0012963626
4,4,0.99636936,0.0012892096
6,6,0.9928196,0.003104731
9,9,0.996089,0.001753871
9,9,0.9971468,0.00097655895
3,3,0.85917014,0.04322318
9,9,0.99316037,0.0020612176
8,8,0.99873066,0.0004684145
4,4,0.99994004,2.3000119e-05
4,4,0.9995801,0.00018785846
3,3,0.9261619,0.03929779
1,1,0.9994415,0.00031102405
3,3,0.99093515,0.0054451223
1,1,0.99645054,0.0017494637
8,3,0.5590715,0.08428954
8,8,0.99939525,0.00036163273
7,7,0.99959993,0.00023579749
9,9,0.9997732,0.00010801002
4,4,0.9999609,1.7047216e-05
8,8,0.99696124,0.0019087151
8,8,0.97994435,0.0057999296
7,7,0.3833303,0.11798571
9,9,0.99976647,8.796604e-05
7,9,0.5550341,0.09916119
1,1,0.9985722,0.00088149775
4,4,0.99995166,1.3740452e-05
5,5,0.9872813,0.005028007
6,6,0.999934,2.4522005e-05
0,0,0.9999981,1.1107861e-06
5,5,0.9756626,0.007603403
2,2,0.99709713,0.0017554245
2,2,0.99218714,0.00487068
2,2,0.8927156,0.04394414
1,1,0.99994385,2.579214e-05
5,5,0.9911407,0.0040816264
5,5,0.9996815,0.0001852056
2,2,0.99996024,2.070882e-05
4,4,0.9987132,0.00039309124
9,9,0.99895847,0.00026693853
6,6,0.95900714,0.024790203
2,2,0.9995492,0.00022280635
7,7,0.96801776,0.020126253
7,7,0.9885136,0.004248607
2,2,0.8634349,0.047569603
2,2,0.99815905,0.0006935328
1,1,0.9997624,0.00011886868
1,1,0.9997781,0.00010142771
2,2,0.97188056,0.007910368
8,8,0.9459944,0.034081243
3,3,0.99695665,0.00068673515
7,7,0.90890676,0.031434547
2,2,0.65614337,0.08540836
4,4,0.99882364,0.0005994596
1,1,0.99932134,0.00034268937
7,7,0.99946946,0.00033136527
1,1,0.9999075,5.0944036e-05
7,7,0.99952143,0.00028345484
6,6,0.9999509,2.106978e-05
7,7,0.9295511,0.044411164
8,8,0.6528567,0.08879091
2,2,0.9914411,0.0034757839
7,7,0.93409884,0.041558824
3,3,0.9998124,0.00011650432
1,1,0.9986423,0.00078662654
7,7,0.99955523,0.00024557527
5,5,0.9997071,0.00014479482
8,8,0.9999026,5.251272e-05
2,2,0.99662447,0.0016098779
6,6,0.999914,3.338639e-05
2,2,0.99963313,0.0001186354
2,2,0.9573204,0.017167518
5,5,0.9999927,2.9825737e-06
6,6,0.95493287,0.026247794
5,5,0.7965714,0.07725772
0,0,0.999831,0.00010215503
9,9,0.9975914,0.00093308685
2,2,0.99990386,4.2506243e-05
4,4,0.99729407,0.0011438678
3,3,0.9982932,0.0006881944
3,3,0.9579853,0.02515398
9,9,0.9993628,0.00015980941
7,7,0.99901104,0.0006137236
6,6,0.9992957,0.00021426885
6,6,0.9963295,0.0015028255
8,8,0.9983859,0.0009947983
0,0,0.99992466,2.9318366e-05
4,4,0.5026558,0.07997908
1,1,0.999842,7.458923e-05
5,5,0.66151273,0.06344496
8,8,0.99858797,0.0007237772
2,2,0.99409425,0.0021659622
9,9,0.99996185,9.224816e-06
1,1,0.94851744,0.023193978
8,8,0.98239774,0.011031339
0,0,0.99868566,0.0007961571
6,6,0.9995573,0.0002309933
7,7,0.999279,0.00044018673
2,2,0.9064309,0.03317041
1,1,0.95517313,0.015411744
0,0,0.99980897,7.5203265e-05
5,5,0.9993248,0.0003222924
5,5,0.9913729,0.004197185
2,2,0.99999774,1.1180218e-06
0,0,0.9999879,5.9463564e-06
2,2,0.9995939,0.00021561817
2,2,0.99890584,0.0005551667
0,0,0.9995345,0.00025914802
2,2,0.9640568,0.014257096
4,4,0.9282336,0.031679668
9,9,0.6220326,0.08548423
8,8,0.9996721,0.00014124239
0,0,0.99997187,1.6686125e-05
9,9,0.9993887,0.00031182627
9,9,0.9998714,3.3669057e-05
4,4,0.9927715,0.0030621875
6,6,0.99979484,6.86565e-05
5,5,0.9702505,0.0129120145
4,4,0.97447395,0.0085269185
9,9,0.99977416,9.3067414e-05
1,1,0.99967813,0.00015365412
8,8,0.65035236,0.07479659
3,3,0.9996151,0.0002076278
4,4,0.9925488,0.0029025108
9,9,0.9998541,5.758225e-05
9,9,0.9615493,0.009923313
1,1,0.99971706,0.00016641353
2,2,0.99558485,0.002340401
2,2,0.99008334,0.0054890127
8,8,0.85977185,0.06317131
1,1,0.99994785,2.3770683e-05
9,9,0.99700975,0.0007380872
6,6,0.61299,0.074934125
4,4,0.98767394,0.0058917864
0,0,0.95574886,0.021479052
9,9,0.9996084,0.00016138777
4,4,0.87620384,0.053801786
8,8,0.84404886,0.07388722
3,3,0.9998724,7.806619e-05
8,8,0.99975455,0.00015414173
6,6,0.5184231,0.09774549
0,0,0.99999106,3.5541311e-06
2,2,0.8140599,0.060361486
5,5,0.99993545,2.9082128e-05
1,1,0.99851656,0.000570777
9,9,0.999876,3.8456772e-05
6,6,0.98706055,0.007044006
2,2,0.99993646,3.494643e-05
9,9,0.9999803,6.1203705e-06
4,4,0.9851078,0.006990173
0,0,0.9990055,0.0005892446
9,9,0.99912107,0.00024392216
6,6,0.9685496,0.011766487
0,0,0.99999714,1.4129704e-06
6,6,0.7457976,0.072113544
2,2,0.9995512,0.00025063657
5,5,0.99711573,0.0014620795
4,4,0.9982828,0.00081132306
2,2,0.96449107,0.019548833
3,7,0.7471555,0.07018272
8,8,0.90104294,0.058650166
4,4,0.9976991,0.00078960106
5,5,0.91016996,0.03946089
5,5,0.88059014,0.038179494
0,0,0.9942053,0.0022107337
3,3,0.5197288,0.0841101
8,8,0.99806195,0.001161703
5,5,0.9999856,6.9206426e-06
3,3,0.9943603,0.0023264885
5,5,0.9997678,0.00013277313
8,8,0.99987805,5.7859754e-05
6,6,0.9928398,0.0044247946
5,5,0.98812544,0.0053556515
7,7,0.9496187,0.031846717
6,6,0.9314656,0.036429126
3,3,0.9998161,0.00011171952
3,3,0.99796325,0.0012152838
9,9,0.9996807,7.727868e-05
6,6,0.87891304,0.036251057
1,1,0.9994801,0.00026728533
1,1,0.9933235,0.003880709
2,2,0.99942064,0.00018402752
9,9,0.9996422,0.00021688877
0,0,0.9999515,2.019548e-05
4,4,0.9998066,7.5926386e-05
3,3,0.9799129,0.011396394
3,3,0.9424349,0.034802917
6,6,0.9989492,0.00038672882
9,9,0.9994564,0.00018783615
5,5,0.99995744,1.7235521e-05
7,0,0.48164487,0.1177219
3,3,0.9052798,0.03196088
7,7,0.90345323,0.055794537
7,7,0.99179,0.0051786467
7,7,0.99946034,0.00029741146
8,8,0.9875126,0.0075224475
7,1,0.6698756,0.07763697
9,9,0.9975937,0.0011509478
8,8,0.99930733,0.0004127086
3,3,0.9989999,0.00036240584
0,0,0.99996626,1.942663e-05
7,7,0.8823789,0.05946238
2,2,0.9997326,0.00010806549
7,7,0.99865806,0.00074388494
9,9,0.87210226,0.048683524
4,4,0.99524194,0.0023378332
5,5,0.9995996,0.00014235848
4,4,0.9963957,0.0011789823
9,9,0.9998393,7.043729e-05
3,3,0.9975277,0.0010688425
2,2,0.99846345,0.0009505353
1,1,0.9996993,0.00015655454
4,4,0.9597233,0.021722544
0,0,0.9999922,3.4520722e-06
2,2,0.927003,0.035090197
3,3,0.9997781,9.178288e-05
7,7,0.74156594,0.08645289
5,5,0.9999701,1.7245848e-05
7,9,0.46492314,0.120543696
8,8,0.99760056,0.0011115177
8,8,0.9936005,0.003934606
5,5,0.9829589,0.0074648997
0,0,0.9989274,0.00039813324
1,1,0.649674,0.12251689
1,1,0.99489164,0.0032115194
4,4,0.9997776,8.044321e-05
8,7,0.8777048,0.059649397
3,5,0.6288407,0.07202773
9,9,0.9971827,0.001313756
0,0,0.99450856,0.0015944664
0,0,0.9997072,0.00017277276
0,0,0.9999154,5.1452553e-05
6,6,0.9998562,8.1752965e-05
6,6,0.99898434,0.0005045189
2,2,0.9999177,2.9190696e-05
3,3,0.99981344,0.00010717162
7,7,0.9984127,0.0006220465
8,8,0.99978703,0.0001315612
4,4,0.99962586,0.000105856474
7,7,0.98522294,0.008384955
7,7,0.9997161,0.00017699013
9,9,0.99956214,0.00022002039
2,2,0.7679986,0.05470146
4,4,0.99969417,0.0001088965
1,1,0.9998843,4.645897e-05
4,6,0.80842125,0.07857807
5,5,0.9999741,1.3201493e-05
2,2,0.9343538,0.03557855
4,4,0.9999029,4.173205e-05
9,9,0.4595975,0.09704925
9,8,0.491215,0.1255551
1,1,0.99892795,0.00047691367
8,8,0.9993974,0.00033153186
4,4,0.9999491,2.2075003e-05
0,0,0.9781332,0.012802784
9,9,0.85117406,0.04106805
8,8,0.9999356,3.597331e-05
4,4,0.9998053,9.1542475e-05
8,8,0.76401657,0.07043229
7,7,0.99955714,0.00021791816
7,7,0.9999372,3.662465e-05
0,0,0.999948,2.0964042e-05
7,7,0.8759783,0.05307909
8,8,0.95148194,0.03059567
8,8,0.95595235,0.022969566
6,6,0.56083834,0.11463159
0,0,0.99117786,0.0054018116
4,4,0.9961008,0.0012049675
8,8,0.99979573,0.00010320799
8,8,0.9986329,0.00038767554
2,2,0.9998991,3.2812914e-05
4,4,0.99985266,5.305534e-05
7,7,0.9823537,0.011094252
6,6,0.99954545,0.00014029384
6,6,0.9946477,0.0023772533
6,6,0.8261961,0.07449993
4,4,0.9999577,2.0756423e-05
7,7,0.7461546,0.06307076
1,1,0.99610025,0.002160652
8,8,0.99358284,0.004016575
8,8,0.9968751,0.0012159748
2,2,0.99999887,5.561155e-07
3,3,0.9899397,0.0045839665
6,6,0.56685233,0.0792207
3,3,0.99989,5.832979e-05
0,0,0.9999981,1.0229735e-06
0,0,0.99993145,2.2897737e-05
3,3,0.9943613,0.0029552474
7,7,0.96707267,0.020163612
6,6,0.99871886,0.00063713104
9,9,0.99987286,5.2195905e-05
7,7,0.98194885,0.00794749
9,9,0.9998748,3.582533e-05
9,9,0.7036921,0.069667295
5,5,0.9999874,5.063389e-06
4,4,0.99994075,2.1858195e-05
3,3,0.8868803,0.040806234
3,7,0.76130116,0.07895004
6,6,0.9984946,0.0007255095
1,1,0.9988769,0.0005974035
2,2,0.984447,0.0066777156
3,3,0.99450225,0.0020510391
7,7,0.9999037,4.3218595e-05
3,3,0.5383707,0.0855863
3,3,0.9997219,0.00014026879
2,6,0.6748341,0.075790405
0,0,0.99963206,0.00023038452
3,3,0.77837706,0.060038336
3,3,0.96409017,0.022342678
8,8,0.99997216,1.3772975e-05
4,4,0.9993199,0.00021324206
3,3,0.9999421,3.57948e-05
6,6,0.95553696,0.015096392
3,3,0.73859805,0.06733454
5,5,0.75339687,0.047056127
0,0,0.9999043,5.7763868e-05
2,2,0.99990046,5.130076e-05
0,0,0.9968313,0.0011345912
9,9,0.9996316,0.00015804984
0,0,0.9999979,1.1634181e-06
7,7,0.99915683,0.00036939216
4,4,0.99984515,5.859864e-05
6,5,0.769406,0.066942826
9,9,0.865538,0.050673224
3,3,0.9994152,0.00031528343
5,5,0.9999682,1.732263e-05
1,1,0.9971136,0.0017397951
9,9,0.999139,0.00023245424
6,6,0.99678916,0.0014231477
1,1,0.998783,0.00068858097
4,4,0.998139,0.00051283004
5,5,0.9992639,0.00044455254
4,4,0.99925965,0.00038893853
5,5,0.9986844,0.00032636628
0,0,0.99978447,7.958016e-05
5,5,0.99993676,3.2562126e-05
9,9,0.92091596,0.03231491
5,5,0.99013644,0.003771919
2,2,0.68001854,0.09733869
1,1,0.9981047,0.0011228662
2,2,0.828788,0.06583662
9,9,0.99985945,4.353159e-05
1,1,0.99954283,0.00021220732
9,9,0.9999773,5.8703226e-06
9,9,0.99991715,1.9285528e-05
4,4,0.99997646,1.0077194e-05
0,0,0.9999796,8.612156e-06
8,8,0.9998649,8.453627e-05
4,4,0.9948312,0.00234623
5,5,0.9997414,0.00014051987
2,2,0.9669808,0.018108856
9,9,0.96574897,0.011238376
2,2,0.99999225,3.7503473e-06
1,1,0.9947463,0.0031176894
2,2,0.9987491,0.0007396538
1,1,0.99886686,0.00037588604
7,7,0.9277403,0.04547687
3,3,0.9999205,4.5525307e-05
6,6,0.99999666,1.0518945e-06
8,8,0.99860126,0.00075349276
8,8,0.99062556,0.005819752
4,4,0.9998043,7.798617e-05
9,9,0.9996338,0.000108436696
1,1,0.9997864,8.387856e-05
9,9,0.99997616,7.241776e-06
8,8,0.9961089,0.0017901562
5,5,0.9856184,0.004105968
7,7,0.9303055,0.025927698
5,5,0.9997934,7.129683e-05
1,1,0.9964674,0.0019778893
1,1,0.99954784,0.0002339859
8,8,0.9975298,0.0013563824
6,6,0.9867344,0.007853566
5,5,0.99997246,1.0692836e-05
2,0,0.7181566,0.09405403
4,4,0.9925868,0.0040222397
4,4,0.99969786,0.00011315752
3,7,0.98732156,0.005416823
2,2,0.97171086,0.017722232
3,3,0.9988185,0.00072778284
5,5,0.99994195,1.746994e-05
6,6,0.99997556,9.600626e-06
8,8,0.98982924,0.0035877917
8,8,0.89795476,0.062392063
6,6,0.9810284,0.011112267
2,2,0.9997285,0.00015661727
3,3,0.9989743,0.00040565495
1,1,0.8974392,0.046524458
0,0,0.99987316,7.34547e-05
5,5,0.99998504,6.6775197e-06
8,8,0.9849695,0.007874104
9,9,0.9944979,0.0021008176
2,2,0.99957246,0.0002081769
9,9,0.999931,1.5156492e-05
6,6,0.99948823,0.00026759336
7,7,0.99966127,0.00021019862
0,0,0.9986907,0.0007738813
4,4,0.98106635,0.005617597
8,8,0.99726564,0.001628329
7,7,0.99887764,0.00063708925
1,1,0.9995775,0.00017961564
7,7,0.9999043,5.7691774e-05
4,4,0.99055415,0.0047767065
1,1,0.9565922,0.017386353
0,0,0.9999946,2.7120113e-06
9,9,0.87562674,0.03820009
7,7,0.9607156,0.024522725
2,2,0.9985849,0.0006625798
0,0,0.9296552,0.029761594
0,0,0.99997216,1.350019e-05
9,9,0.99986935,4.3091084e-05
1,1,0.9997611,0.00013429557
7,7,0.8528744,0.06429161
8,0,0.83292264,0.06076459
7,7,0.89002067,0.05169931
8,8,0.9972476,0.0015527708
4,4,0.9957646,0.001688657
7,7,0.815334,0.081344776
2,2,0.9947956,0.0016642197
0,0,0.99999964,2.0758992e-07
4,4,0.99990904,4.6176512e-05
6,6,0.86242086,0.06332415
0,0,0.9999855,6.6054977e-06
3,3,0.8892927,0.057501484
1,1,0.9995654,0.0002641417
1,1,0.9994256,0.00025807522
3,3,0.80404747,0.053113442
3,3,0.9998026,8.818149e-05
9,9,0.58967,0.10286309
6,6,0.99969655,0.000120681594
7,7,0.9737383,0.010649075
4,4,0.9999015,3.0924544e-05
1,1,0.99993455,3.633296e-05
5,5,0.7772278,0.07434292
3,3,0.9999728,1.320375e-05
0,0,0.99994075,2.8444725e-05
8,8,0.9919263,0.003756818
7,7,0.87948686,0.053481817
3,3,0.99984294,6.391027e-05
9,9,0.99518794,0.0020268182
6,6,0.9998436,5.5893895e-05
9,9,0.9998026,5.60409e-05
3,3,0.99323547,0.002656327
5,5,0.8747161,0.053920366
0,0,0.92535543,0.041287355
2,2,0.9983431,0.00096569984
7,7,0.99550426,0.0021332453
4,4,0.8778291,0.045697864
5,5,0.99993753,3.245366e-05
1,1,0.9997083,0.00017484024
7,2,0.8685153,0.05057032
5,5,0.99979466,0.00010578515
8,8,0.9992471,0.0004679191
0,0,0.9994396,0.0003408357
8,8,0.9903158,0.004169997
8,8,0.87290287,0.051382504
1,1,0.9996049,0.00020750647
5,5,0.8934781,0.05033186
0,0,0.9975668,0.0012069428
3,3,0.9925448,0.0029828832
0,0,0.99994105,2.8154132e-05
3,3,0.97836655,0.012289826
1,1,0.9898182,0.006136946
4,4,0.9991083,0.00037416705
0,0,0.99986726,7.732146e-05
3,3,0.999656,0.00018112126
7,7,0.9988481,0.00071212713
2,2,0.9651264,0.014747165
7,7,0.8051518,0.06800337
1,1,0.79202235,0.048311867
8,8,0.99623,0.0012906028
0,0,0.9998312,0.00010388471
7,7,0.9919077,0.005114503
0,0,0.9999975,1.1362222e-06
4,4,0.99913406,0.00052332575
3,3,0.94089967,0.03595733
1,1,0.99549276,0.0027890832
9,9,0.99716794,0.0013420613
8,8,0.8679174,0.05763767
7,7,0.9998045,8.507911e-05
7,7,0.99899644,0.00063359726
1,1,0.9923776,0.003314345
4,4,0.9999029,3.2685508e-05
9,9,0.9998169,5.3008658e-05
9,9,0.99993956,1.8897264e-05
3,3,0.9845196,0.00703085
2,7,0.4895495,0.10514617
1,1,0.99990547,4.4500655e-05
7,7,0.993713,0.003735099
9,9,0.9994434,0.00022144127
0,0,0.997826,0.001096875
2,2,0.9999994,2.3519893e-07
0,0,0.99995995,2.4001485e-05
3,3,0.9940478,0.0028223356
3,3,0.8394966,0.057735544
7,7,0.9999089,5.473353e-05
6,6,0.73321235,0.08931577
9,9,0.91914403,0.035422526
2,2,0.994768,0.0032362281
3,3,0.99808633,0.0010562233
3,3,0.9993477,0.0004035388
7,7,0.999891,5.9124093e-05
7,7,0.97709227,0.014474273
0,0,0.99985063,9.240942e-05
0,0,0.9846136,0.008085525
7,7,0.9031345,0.050292235
5,5,0.99961394,0.00021884605
2,2,0.99622375,0.0016241081
9,9,0.9998536,4.017516e-05
8,8,0.91953546,0.04066799
7,7,0.9764702,0.012984236
4,4,0.9914099,0.0031848033
4,4,0.9998144,9.883421e-05
2,2,0.999636,0.00013256902
6,6,0.9997487,9.220348e-05
6,6,0.9921237,0.003000792
1,1,0.99897593,0.00055493286
9,9,0.99764097,0.00117901
6,6,0.84165686,0.06176681
8,8,0.9468541,0.01733428
2,2,0.9972717,0.0013919165
9,9,0.9968395,0.0016422257
0,0,0.99965876,0.00014942531
8,8,0.99931604,0.00042024133
3,7,0.4396305,0.10425459
1,1,0.9996306,0.00015288251
1,1,0.9914689,0.004405781
6,6,0.99033105,0.0051123286
3,3,0.9987251,0.0006056452
5,5,0.99848974,0.00073052396
1,1,0.9996379,0.0001566439
1,1,0.99901116,0.0005617342
1,1,0.99810123,0.00064424693
3,3,0.99713725,0.0010912921
1,1,0.8883972,0.062307186
2,2,0.94254094,0.025678903
3,3,0.99839944,0.0008803861
0,0,0.99999315,3.4444245e-06
2,2,0.99978524,0.00011076644
0,0,0.9752816,0.012041269
1,1,0.9992379,0.00028362527
3,3,0.99916685,0.0005206716
5,5,0.9999337,2.8902665e-05
5,5,0.99931204,0.00022630153
7,7,0.9987461,0.0007295413
4,4,0.9996213,0.00013568615
8,8,0.8373612,0.07134555
9,9,0.99993753,3.350201e-05
6,6,0.99166954,0.00513526
9,9,0.91035557,0.04422145
6,6,0.9997312,0.00011386302
8,8,0.94517004,0.033067934
3,3,0.996898,0.0018276034
6,6,0.9969484,0.0012529937
6,6,0.99998665,5.1603465e-06
8,8,0.99434346,0.0033812008
5,5,0.9999412,2.5316962e-05
1,1,0.9993473,0.00027175015
4,4,0.999434,0.0002542486
2,2,0.9995464,0.00027420136
4,4,0.99999064,3.8765206e-06
4,4,0.9656472,0.012540786
5,5,0.9998767,6.436852e-05
1,1,0.99972373,0.00014725437
1,1,0.96326417,0.0146320285
9,9,0.9999609,9.335469e-06
0,0,0.9999862,7.143991e-06
2,2,0.93495876,0.020040406
4,4,0.9999563,2.2148817e-05
9,9,0.9977101,0.00067820674
5,5,0.9998072,6.2488725e-05
7,7,0.97495747,0.015556911
1,1,0.99962103,0.00018361383
8,8,0.99995536,2.5819967e-05
8,8,0.9716123,0.014129914
5,5,0.99987173,4.9010578e-05
6,0,0.5426037,0.09608265
9,9,0.99946517,0.0002119006
8,8,0.9999207,3.2992484e-05
7,7,0.947986,0.022483185
1,1,0.99988794,4.2510208e-05
1,1,0.98252356,0.0060338033
6,6,0.9656757,0.01673225
7,7,0.996414,0.0016797017
6,6,0.9521011,0.029467428
3,3,0.9945885,0.0027082893
2,2,0.9999992,4.7852996e-07
2,2,0.9999959,1.610754e-06
0,0,0.999961,1.8844523e-05
8,8,0.99217147,0.0049080076
9,9,0.96601737,0.019018866
2,2,0.9999736,9.54421e-06
5,5,0.9986925,0.00075402966
1,1,0.9992091,0.00044404785
0,0,0.9999875,5.105265e-06
8,8,0.97190094,0.017556481
1,1,0.72613573,0.081511706
9,4,0.9244207,0.039843228
5,5,0.9994723,0.00018549924
7,7,0.8013816,0.06720404
9,9,0.99996984,1.1577391e-05
6,6,0.9997619,0.00010011366
9,9,0.99284065,0.0022305762
0,0,0.99997044,1.4259449e-05
6,6,0.99000615,0.0056443578
1,1,0.9939144,0.0022989311
5,5,0.99971056,6.558501e-05
5,5,0.62767565,0.07539115
8,8,0.99961054,0.00014720525
3,3,0.3217045,0.10626008
8,8,0.99997556,1.1295212e-05
2,2,0.9793636,0.012599151
6,6,0.91164255,0.050133396
5,5,0.9983274,0.00058104034
0,0,0.95129776,0.025951153
7,7,0.999259,0.00046777743
4,4,0.9923032,0.0040080836
6,6,0.9999919,3.2082037e-06
1,1,0.9958504,0.0022432134
3,3,0.9999779,1.2440035e-05
4,4,0.94968337,0.015901487
7,7,0.99986184,8.655623e-05
3,3,0.8841427,0.033194132
2,2,0.9999509,1.793035e-05
3,3,0.9954851,0.0027459753
4,4,0.9998932,5.4316875e-05
2,2,0.95871085,0.021365471
5,5,0.99542916,0.002213215
2,2,0.99993074,3.5905425e-05
7,7,0.96349114,0.02305333
1,1,0.9998785,6.0030678e-05
7,7,0.99978906,0.00012809382
2,2,0.99994314,2.5366617e-05
6,6,0.91801625,0.04736073
4,4,0.97793114,0.008938813
1,1,0.99983275,7.613404e-05
5,0,0.8583871,0.06433953
7,2,0.568704,0.10660879
8,8,0.99927485,0.00034225534
6,6,0.7318365,0.07951421
0,0,0.9998848,5.8610785e-05
1,1,0.9956347,0.0021470613
8,8,0.99991626,4.7004516e-05
2,2,0.9979254,0.0011475112
5,5,0.9252847,0.03827229
7,7,0.9969519,0.0017181042
7,7,0.99994624,2.6938182e-05
6,6,0.99774706,0.0008314644
9,8,0.37292832,0.11831273
3,3,0.97398174,0.008173892
5,5,0.8498513,0.04744302
8,8,0.9915943,0.005076767
4,4,0.9989809,0.000348633
2,2,0.99989253,5.5973964e-05
4,4,0.99997175,1.1463994e-05
0,0,0.9999936,3.4751884e-06
8,8,0.9953474,0.0027339614
8,8,0.99993277,3.6613328e-05
3,3,0.99966776,0.00019582038
4,4,0.9970523,0.0012596662
9,9,0.9999706,1.1467806e-05
2,2,0.99996984,9.7965185e-06
7,7,0.99988616,6.9076064e-05
5,5,0.9999919,4.0265486e-06
8,8,0.685465,0.08678134
6,6,0.82042706,0.047123097
5,5,0.99704635,0.0011079172
6,6,0.97087586,0.012189589
0,0,0.9999938,3.027015e-06
8,8,0.9992542,0.00037871086
6,6,0.9995642,0.00023748989
7,7,0.9980305,0.0012404645
3,3,0.97896147,0.00550194
6,6,0.99670345,0.0012605772
4,4,0.9986831,0.0005066583
9,9,0.9944946,0.0016961636
4,4,0.9998826,6.478863e-05
6,6,0.64199424,0.084163375
6,5,0.97549313,0.009374116
3,3,0.99666405,0.0017302163
2,2,0.6978689,0.07480585
4,4,0.9999531,1.9135494e-05
1,1,0.9999611,1.8268347e-05
0,0,0.6917798,0.08221425
1,1,0.9985752,0.000834144
4,4,0.9952092,0.0017358403
6,6,0.99975264,7.747049e-05
2,2,0.9999774,1.2955097e-05
9,9,0.8056719,0.054685198
1,1,0.9460993,0.029956833
1,1,0.9997339,0.00014914923
0,0,0.99918175,0.00051031186
6,6,0.98622787,0.006252697
3,3,0.99960643,0.0001982818
9,9,0.99988496,2.9276958e-05
5,5,0.99989665,4.2548912e-05
6,6,0.9906573,0.004772681
5,5,0.9880387,0.0038898983
6,6,0.99993074,2.5516474e-05
5,5,0.99980956,6.985347e-05
8,3,0.7095593,0.079187386
4,4,0.9997646,9.807387e-05
6,6,0.99879587,0.00040329056
4,4,0.99995863,1.2304534e-05
3,3,0.987563,0.0055638
9,9,0.99558055,0.0023853322
1,1,0.99975854,9.52563e-05
3,3,0.9125775,0.054425042
4,4,0.9999917,3.3624922e-06
1,1,0.99985886,6.716537e-05
9,9,0.9998597,4.3780212e-05
1,1,0.9995631,0.0002446007
7,2,0.48831454,0.0768769
1,1,0.9992032,0.00037242429
1,1,0.8531352,0.06847717
9,9,0.99998796,2.6749105e-06
3,3,0.99987686,6.99639e-05
5,5,0.999622,0.00015123413
4,4,0.9997093,9.1809794e-05
0,0,0.99289864,0.0025833147
7,9,0.626267,0.06968746
3,3,0.9593779,0.018201735
6,6,0.9997371,0.00015466256
1,1,0.9974683,0.0012855689
7,7,0.8371849,0.060302246
5,5,0.9978119,0.0005584328
5,5,0.99992496,4.0503164e-05
3,3,0.9984647,0.0009664721
3,3,0.99989444,6.1072096e-05
0,0,0.9769327,0.014433193
1,1,0.99937975,0.00037706428
5,5,0.93229485,0.033827253
7,7,0.999926,3.164741e-05
5,5,0.99993575,2.470207e-05
8,8,0.90963334,0.0550475
6,6,0.9978673,0.0011488859
5,5,0.4934175,0.113646805
1,1,0.99956095,0.00026446703
0,0,0.99996245,1.5796324e-05
4,8,0.686978,0.07312058
2,7,0.6086319,0.06748172
3,3,0.99906194,0.0005688049
4,4,0.9999918,2.603389e-06
6,6,0.79266036,0.054397453
7,7,0.99993944,2.4913485e-05
9,9,0.93832314,0.025428265
8,8,0.9985095,0.0008535505
1,1,0.9989189,0.00059473846
8,8,0.56807375,0.084590845
4,9,0.9594042,0.012438134
9,9,0.96163905,0.014086154
2,2,0.9998968,3.977307e-05
8,8,0.99941504,0.00032591302
6,6,0.99989206,3.3480945e-05
2,2,0.9906871,0.0032049962
7,7,0.9997857,9.849118e-05
0,0,0.99997234,1.5507281e-05
0,0,0.9999752,1.3083691e-05
6,6,0.99994314,2.701756e-05
7,7,0.77690446,0.07509575
5,5,0.99993354,3.0395497e-05
8,8,0.99969256,0.00019098258
6,6,0.98971224,0.0039311196
0,0,0.9996853,0.00015311336
9,9,0.99885064,0.0003239563
3,3,0.99968845,0.00016932475
7,9,0.7296828,0.07296242
1,1,0.999728,0.00010534217
3,3,0.99935806,0.00039769436
5,0,0.63911724,0.08311956
4,4,0.999931,2.0897223e-05
3,3,0.99722844,0.0011587616
3,3,0.9996432,0.00020441719
5,5,0.9999272,3.6293597e-05
5,5,0.9993695,0.00037316867
6,6,0.98870295,0.007105393
3,3,0.989925,0.006334161
0,0,0.9999288,2.5343581e-05
2,2,0.99679947,0.0017617696
3,3,0.9999275,4.3264256e-05
4,4,0.8404705,0.044861097
2,2,0.9925992,0.0033102229
3,3,0.989957,0.006179857
0,0,0.999956,2.4044599e-05
9,9,0.9998953,3.8637303e-05
9,9,0.9995044,0.00013050056
4,4,0.9534184,0.020603945
7,7,0.99985874,5.880105e-05
2,2,0.99999636,1.8991326e-06
8,8,0.66546464,0.08550196
4,4,0.9999646,1.16482215e-05
7,7,0.94254524,0.036176655
0,0,0.9999941,3.3702822e-06
6,6,0.99840516,0.000528113
2,0,0.9567649,0.016613297
8,8,0.995409,0.0019374316
5,5,0.9992178,0.00043420415
2,2,0.99958783,0.00024043946
8,8,0.9997269,0.00016053206
5,5,0.99983966,5.683751e-05
7,7,0.9981924,0.00073993485
3,3,0.6732633,0.068884
0,0,0.9999963,1.8180141e-06
8,8,0.8617303,0.046491988
2,2,0.9999339,3.4214885e-05
3,7,0.34161946,0.13381311
2,2,0.95848686,0.021306776
8,8,0.9999865,6.8706345e-06
2,2,0.9953779,0.002404874
5,5,0.99976265,0.00011288992
5,5,0.99994355,2.162383e-05
7,7,0.7619269,0.08042218
6,6,0.77196085,0.077881396
4,4,0.99993753,2.1770818e-05
6,0,0.87065285,0.055337448
8,8,0.99961174,0.00018190076
4,4,0.9999706,1.44616715e-05
8,8,0.98273677,0.009061203
2,2,0.9999774,1.0621736e-05
7,7,0.9990729,0.00057974865
4,4,0.9998105,7.296356e-05
5,5,0.7696748,0.05594825
2,2,0.9998692,6.873432e-05
0,0,0.99999464,2.689182e-06
3,3,0.99911386,0.00036756916
9,8,0.52492064,0.08691648
4,4,0.97285575,0.012522849
6,6,0.6805466,0.1019939
7,7,0.99977577,0.00014030449
2,2,0.99695647,0.0017854746
5,5,0.9820536,0.0054366705
6,1,0.6082028,0.099855825
1,1,0.99635667,0.001906236
1,1,0.9996578,0.00016285354
2,2,0.99199724,0.004470489
3,3,0.99981153,0.00011274962
6,6,0.9989751,0.00037933196
7,7,0.9999553,2.7304312e-05
8,8,0.9993569,0.000400364
7,7,0.99693954,0.0017991643
6,6,0.9134447,0.031460453
4,4,0.9959769,0.0015835438
8,8,0.99974555,0.00012042961
9,9,0.9976878,0.00073240383
4,4,0.57179093,0.08680946
8,8,0.99961776,0.0001809093
6,6,0.9996565,0.00019556745
3,3,0.993482,0.0038402502
8,8,0.9995891,0.00025028945
3,3,0.7758914,0.07150824
1,1,0.9994556,0.00021342756
0,0,0.99997425,1.0479254e-05
6,6,0.9983298,0.0005859452
2,2,0.9994937,0.00028669526
2,2,0.99994403,2.8960067e-05
5,5,0.9998541,5.8592857e-05
6,6,0.9888865,0.006989953
9,9,0.9901458,0.004613302
5,5,0.85632575,0.04947502
8,8,0.9993428,0.0003915125
1,1,0.9998822,4.9661583e-05
4,4,0.9998784,5.9576356e-05
1,1,0.98552114,0.0071920357
7,7,0.9998887,6.75326e-05
8,8,0.9363147,0.028561378
4,4,0.9994667,0.00019741815
6,6,0.9999725,1.0442407e-05
1,1,0.99985236,7.149315e-05
8,8,0.9993208,0.0004156331
4,4,0.99997747,8.018336e-06
3,5,0.57531554,0.0640205
1,1,0.99968517,0.00016926715
2,2,0.9991245,0.0004565319
8,8,0.9974235,0.0013024568
0,0,0.99995583,1.966673e-05
8,8,0.9932097,0.0026377197
5,5,0.99967253,0.00016065121
9,9,0.9999272,3.3559303e-05
1,1,0.74258244,0.0816956
4,4,0.9996516,0.00018071235
2,2,0.99993247,3.109517e-05
0,0,0.7022107,0.08798424
2,2,0.71838486,0.08713487
7,7,0.99958503,0.0002617953
0,0,0.9983727,0.0008017792
9,1,0.5948302,0.10001469
0,0,0.99994886,1.8683319e-05
2,2,0.9999668,1.7637363e-05
5,5,0.9872896,0.005606807
7,7,0.9150364,0.053239614
6,6,0.9986955,0.00055605965
7,7,0.8576063,0.06389554
9,9,0.999956,1.1482081e-05
4,4,0.9989799,0.00024092037
2,2,0.69584787,0.084441915
6,6,0.9408268,0.028319139
2,2,0.9914608,0.0039077187
4,4,0.9907037,0.0041652243
4,4,0.9999752,9.192037e-06
8,8,0.9996854,0.00016107112
0,0,0.99802,0.0012360753
4,4,0.9998935,4.627926e-05
4,4,0.99999064,3.1783609e-06
5,5,0.99998796,5.521262e-06
8,8,0.9988311,0.00062727666
0,0,0.9969883,0.0015508992
6,6,0.96245176,0.012302438
8,8,0.9996707,0.00014068396
9,9,0.9128769,0.024507271
8,8,0.9955641,0.0027883614
5,5,0.9955656,0.0018939218
6,6,0.68539876,0.07709096
9,9,0.9997452,9.711716e-05
0,0,0.99998266,7.858813e-06
4,4,0.9999062,3.1911815e-05
8,8,0.9957223,0.002664281
7,7,0.99987394,7.694288e-05
1,1,0.99889344,0.0005368449
3,3,0.9997656,8.4073785e-05
4,4,0.9999901,3.8612493e-06
5,8,0.57302463,0.053791005
8,8,0.9994689,0.00028386287
0,0,0.9999955,2.5028537e-06
9,9,0.9940382,0.0024912532
1,1,0.9981033,0.0009906779
3,3,0.954622,0.028400242
3,3,0.9975392,0.0015429534
6,6,0.9999914,4.0605028e-06
9,9,0.99436176,0.0021876001
8,8,0.99994767,2.4476501e-05
7,7,0.99666584,0.0019975766
1,1,0.9912101,0.0051452424
0,0,0.99999046,4.1735066e-06
5,5,0.9610003,0.020428957
7,7,0.99439764,0.0035350812
1,1,0.99851716,0.0007558298
7,7,0.99993694,3.936018e-05
5,5,0.999956,2.092536e-05
2,2,0.93865365,0.026007641
7,7,0.996874,0.0018759348
9,9,0.99989796,3.2521166e-05
1,1,0.9897618,0.006293144
8,8,0.9994814,0.00031896768
5,5,0.99996793,1.3712446e-05
2,2,0.9999989,4.4079985e-07
4,4,0.9997158,0.00012102477
9,9,0.9997643,3.6518333e-05
4,4,0.99787176,0.00075504667
7,7,0.9998377,9.3958515e-05
2,2,0.998975,0.0003932248
2,2,0.9990221,0.00037215714
3,3,0.9954055,0.001597162
4,4,0.9988745,0.00043306436
9,9,0.9999261,2.8434244e-05
1,1,0.909058,0.054003008
9,9,0.9999498,1.6959459e-05
2,2,0.9995529,0.00010665547
1,1,0.99955845,0.00018401309
7,7,0.9996918,0.00016896745
9,9,0.99845016,0.0006963276
4,4,0.99981654,7.3274845e-05
4,4,0.99985474,5.9744685e-05
1,1,0.7476812,0.08544637
6,6,0.9997627,0.00014407751
7,7,0.970467,0.014901077
2,2,0.98675853,0.0070012757
7,7,0.99912995,0.0005485497
8,8,0.99965256,0.00016101173
8,0,0.8457081,0.05288992
1,1,0.98590773,0.005155645
9,9,0.9999858,3.759364e-06
7,7,0.9998666,8.231898e-05
1,1,0.9969344,0.0012837988
1,1,0.998895,0.0004610315
7,7,0.99992865,3.0971707e-05
5,5,0.99853647,0.0005990871
3,3,0.9359706,0.032955058
3,3,0.999889,6.757203e-05
5,5,0.9997818,0.00011794911
1,1,0.99984944,7.03119e-05
3,3,0.99862134,0.0006174336
7,7,0.9984318,0.000983925
6,6,0.8399874,0.06536977
1,1,0.99944353,0.00033697818
3,3,0.9996263,0.0001290501
8,8,0.99450684,0.0022643197
7,7,0.9995985,0.00019684953
5,5,0.95014715,0.026885102
9,9,0.75522697,0.07827385
9,0,0.7202371,0.09843897
0,0,0.9999148,4.492679e-05
0,0,0.99998283,9.600856e-06
2,2,0.95244724,0.023692809
8,8,0.9993409,0.0003179653
8,8,0.751486,0.061655313
2,2,0.68849003,0.087239385
3,3,0.9933546,0.0018952498
7,7,0.9995636,0.00027505925
1,1,0.97496784,0.008572641
3,3,0.9999714,1.4928683e-05
0,0,0.9999097,3.9640054e-05
3,3,0.9930212,0.002627317
4,4,0.99998456,4.9772148e-06
4,4,0.9999779,8.157312e-06
3,3,0.773841,0.065799445
8,8,0.9996468,0.00021560867
9,9,0.99970686,7.625539e-05
2,2,0.99991643,4.8296337e-05
3,3,0.9968877,0.0010780822
9,9,0.9992504,0.00021354391
7,7,0.80097187,0.07778753
1,1,0.99963266,0.00021888185
1,1,0.9994583,0.00032522506
7,7,0.9943884,0.003351132
0,0,0.9998843,5.349152e-05
4,4,0.9979569,0.001113364
9,9,0.99932563,0.00024701387
6,6,0.9999722,1.0238426e-05
5,5,0.9997174,0.00014573042
9,9,0.99998474,5.055423e-06
1,1,0.99952173,0.00020717383
7,1,0.3860883,0.09042753
0,0,0.99936026,0.0003295148
2,2,0.8256229,0.07219764
0,0,0.999997,1.034907e-06
0,0,0.91634387,0.050021004
4,4,0.9994818,0.0002086696
6,6,0.99966085,0.00011561301
7,7,0.999977,9.967694e-06
0,0,0.64239293,0.07367755
7,7,0.9880101,0.0063382075
1,1,0.99989283,5.6643563e-05
4,4,0.99998105,7.3537667e-06
6,6,0.9996456,0.0001353411
4,4,0.9928894,0.0040044547
5,5,0.83184797,0.04172063
4,4,0.9999529,2.4216144e-05
9,9,0.9974135,0.0006918319
9,9,0.998666,0.00081493764
1,1,0.9919987,0.0026996355
7,7,0.9915756,0.0052540177
9,9,0.95598966,0.022184625
5,5,0.99996966,1.6838276e-05
3,3,0.99996454,1.5765982e-05
3,3,0.96802247,0.01818443
8,8,0.9998193,8.680344e-05
2,2,0.9990889,0.0005259494
3,3,0.9593074,0.012151465
6,6,0.99995196,2.059434e-05
2,2,0.99955654,0.00020538003
2,2,0.9999792,9.505879e-06
1,1,0.9990759,0.0004945778
1,1,0.997606,0.001400811
1,1,0.99930316,0.00032460171
1,1,0.8400574,0.05765435
1,1,0.9995136,0.00026490554
6,6,0.9945418,0.002227495
9,9,0.9996074,8.975409e-05
8,8,0.917977,0.04537537
4,4,0.999543,0.00027877983
3,3,0.9958728,0.0015952891
7,7,0.9930271,0.004353351
1,1,0.99556446,0.0023347542
6,6,0.99764407,0.0014643846
4,4,0.9999836,6.1898704e-06
5,9,0.52982163,0.08914805
0,0,0.99999076,4.9033865e-06
4,4,0.93853474,0.024137115
7,7,0.99901736,0.00043102092
4,4,0.9999922,3.6815866e-06
2,2,0.97932893,0.012662174
4,4,0.99951303,0.00018653079
0,0,0.9999832,6.705142e-06
7,7,0.9904748,0.0057103513
0,0,0.99874485,0.0007886359
1,1,0.99973583,0.00013602682
9,9,0.501371,0.08347221
8,8,0.7020291,0.110121325
8,8,0.95613223,0.017147593
6,6,0.99967116,0.00013039206
0,0,0.99900085,0.00062128645
0,0,0.9999956,1.9651693e-06
4,4,0.96926594,0.017900985
9,1,0.984244,0.007384145
6,6,0.9776065,0.013778034
8,8,0.99983436,0.00010053716
2,2,0.97573423,0.014159499
2,2,0.9993178,0.00032171077
3,3,0.99887544,0.00044027375
8,8,0.9089969,0.053934682
4,4,0.78729343,0.06562087
8,8,0.90887165,0.041251805
2,2,0.99930096,0.00031014692
2,2,0.97161674,0.016536564
1,1,0.9976498,0.0009780099
7,7,0.99980515,0.00012202548
5,5,0.9984334,0.0008873756
4,4,0.9999582,2.2295582e-05
4,4,0.9999344,1.6752014e-05
0,0,0.9999989,5.7099675e-07
4,4,0.9991597,0.00047098022
3,3,0.510925,0.11726326
9,9,0.39383593,0.10232435
7,7,0.99998474,8.592948e-06
3,9,0.53274184,0.07833099
1,1,0.9780542,0.011697389
0,0,0.99986315,8.156675e-05
1,1,0.9992672,0.00044673105
2,2,0.99944144,0.00024099785
5,5,0.9987151,0.00053983566
9,4,0.7846306,0.06470481
2,2,0.98593825,0.0051695174
1,1,0.99010456,0.0052563776
0,0,0.999399,0.00025717885
1,1,0.99924135,0.00030913265
8,8,0.9996538,0.00018082577
9,9,0.9961034,0.001775701
1,1,0.9998522,7.476196e-05
6,4,0.8585046,0.04843094
8,8,0.9988391,0.000534446
3,3,0.9982352,0.0010501866
8,8,0.9416237,0.036291145
9,4,0.59418094,0.08910318
3,3,0.9997732,0.00014005949
6,6,0.9996642,0.00017041563
2,2,0.98209846,0.006998808
8,8,0.9692954,0.019193146
3,3,0.9995028,0.00023470698
2,2,0.99358237,0.0027772484
2,1,0.9479268,0.017197471
1,1,0.99534476,0.0026488102
0,0,0.9999906,3.9457273e-06
4,4,0.9869026,0.0067017027
2,2,0.98276424,0.007726925
9,9,0.99937344,0.0001633212
2,2,0.9989669,0.00041383327
4,4,0.9992407,0.00036880758
3,3,0.5305753,0.08450999
7,7,0.9973868,0.0016507015
9,9,0.99984753,5.6608067e-05
1,1,0.997897,0.0013206734
5,5,0.9995893,0.0001867943
2,2,0.99930733,0.00042056182
4,4,0.95948285,0.013754117
9,9,0.7363875,0.07578407
0,0,0.99567926,0.0018195065
3,3,0.97695553,0.012815133
8,8,0.99985135,8.489411e-05
5,5,0.9997244,0.00014607431
3,3,0.9994135,0.00036586818
6,6,0.49869543,0.09182496
0,0,0.9957364,0.0026693107
9,9,0.9952345,0.001857512
4,4,0.99939525,0.00026404494
6,6,0.9998854,4.208902e-05
2,2,0.9985612,0.00066290284
5,5,0.9955699,0.0012596071
0,0,0.99951637,0.00028694648
2,0,0.57407725,0.09974378
7,7,0.99974203,0.00014674768
4,4,0.7765101,0.054152805
6,6,0.9999261,2.53142e-05
6,6,0.9998776,4.757825e-05
8,8,0.9999281,3.96234e-05
6,6,0.9999674,1.4591316e-05
6,6,0.8940164,0.04297447
8,8,0.99958974,0.00021118962
6,6,0.98994195,0.0049821557
9,9,0.9997594,6.222945e-05
1,1,0.9920683,0.0040766215
7,7,0.97428846,0.015997086
2,2,0.9989994,0.0004284434
5,5,0.9997867,7.202648e-05
9,9,0.99959624,0.00013280663
9,9,0.99967206,9.377608e-05
0,0,0.9976157,0.0013845318
7,7,0.99536276,0.0026193145
2,2,0.99994373,3.1141895e-05
7,7,0.9989297,0.00066749786
6,6,0.9992918,0.0003096098
7,7,0.8894663,0.055608295
0,0,0.9902295,0.0061659636
6,6,0.999992,2.38771e-06
5,5,0.9995661,0.0002568912
2,4,0.987465,0.007159561
4,4,0.9870337,0.0047451546
7,7,0.9870163,0.0076436936
2,2,0.9999776,8.331861e-06
0,0,0.9999299,3.783346e-05
9,9,0.99927074,0.0002061056
9,9,0.99984235,5.0870418e-05
2,2,0.9979259,0.0010908729
2,2,0.9810268,0.008855922
9,9,0.97380763,0.0073126666
4,4,0.99614894,0.0014193011
4,4,0.99994123,2.4754463e-05
2,2,0.99058646,0.0040889354
3,3,0.9983242,0.0009971017
3,3,0.9999059,4.9055303e-05
2,2,0.9999863,5.3656136e-06
1,1,0.9991757,0.00037969142
7,7,0.99991953,3.1119613e-05
0,0,0.99998295,9.53234e-06
7,7,0.9940359,0.0033413284
6,6,0.8578585,0.05647505
4,4,0.99965894,0.0001820339
1,1,0.9723833,0.013334677
3,3,0.9967473,0.0017041356
8,8,0.50043666,0.064461246
7,7,0.9956151,0.0027324813
4,4,0.73849785,0.06947082
5,5,0.99990386,3.3339966e-05
9,9,0.8959708,0.056620456
2,2,0.9652668,0.01098126
5,5,0.99997616,1.1880066e-05
1,1,0.99942744,0.00022295066
8,8,0.9967903,0.0020258708
7,7,0.87543327,0.053710245
3,3,0.9971353,0.0013431761
7,7,0.9978493,0.0007768975
1,1,0.9780701,0.012328699
5,5,0.9972755,0.0011149464
5,5,0.9489714,0.019143127
0,0,0.9996418,0.00013182522
9,9,0.99795616,0.00089090166
1,1,0.9993976,0.00029576392
4,4,0.99950045,0.00022065204
0,0,0.99999416,2.445869e-06
6,6,0.90693796,0.041509293
3,3,0.7034056,0.06846111
3,5,0.5248169,0.073096536
6,6,0.9992882,0.00025016512
0,0,0.9999795,9.877268e-06
4,4,0.99998176,5.6169156e-06
9,9,0.9990324,0.00033993306
7,7,0.9898988,0.004245191
5,5,0.999967,1.5936177e-05
1,1,0.99945813,0.00032147038
6,6,0.96129644,0.008820949
8,8,0.9998368,8.805927e-05
9,9,0.98093843,0.009699708
5,5,0.9704684,0.013585697
5,5,0.999658,0.00017876434
7,7,0.92427385,0.04768753
9,9,0.9906193,0.0019201506
3,3,0.9981818,0.0011278647
8,8,0.9884561,0.006663571
3,3,0.99947137,0.00029063775
8,8,0.97204095,0.016673688
1,1,0.99864674,0.0007120536
5,5,0.9999922,3.7115376e-06
3,3,0.9969597,0.0013995345
5,5,0.9968026,0.0012541113
0,0,0.99929774,0.0004268881
5,5,0.99999684,1.3386132e-06
5,5,0.9927642,0.0034214556
3,3,0.84223783,0.04764874
8,8,0.99991,4.3288666e-05
6,6,0.93469113,0.037998546
7,7,0.99974996,0.00015755522
7,7,0.9083889,0.043307494
7,7,0.9953249,0.002829637
3,3,0.9967114,0.0018522125
7,7,0.9998654,8.310238e-05
0,0,0.99923927,0.00048085814
5,5,0.9993289,0.00018412375
9,8,0.6828534,0.066979036
0,0,0.9978465,0.0013287512
2,2,0.99942,0.00036425964
5,5,0.9960882,0.0011974301
5,5,0.9838894,0.009738846
3,3,0.9998085,0.00011367667
1,1,0.9997163,0.00012438383
7,7,0.8615721,0.06335597
7,7,0.6811035,0.090482295
8,8,0.9997796,0.000108807464
6,6,0.9623311,0.023390528
5,5,0.9998733,7.280517e-05
9,7,0.6908365,0.06650706
3,3,0.9999407,3.547636e-05
8,8,0.99893075,0.0006204115
9,9,0.9947649,0.0018241967
5,5,0.9999173,3.6441794e-05
3,3,0.9996688,0.00016044559
7,7,0.9999296,3.267525e-05
9,9,0.5471984,0.074797
1,1,0.99959314,0.00018430054
7,7,0.9999161,5.1082043e-05
0,0,0.999183,0.0004539481
0,0,0.9999484,2.5916228e-05
3,3,0.9990894,0.0005110499
7,7,0.9999409,3.2645745e-05
2,2,0.9985014,0.0007537389
5,5,0.8216446,0.054930307
8,8,0.56659114,0.09185585
1,1,0.99980366,8.673962e-05
8,8,0.996321,0.0022734911
6,6,0.9999685,1.4842148e-05
2,2,0.97583216,0.013466315
9,9,0.9961454,0.0013882073
5,5,0.98949224,0.0042584045
7,7,0.9996697,0.00016607389
5,5,0.99998724,4.9428463e-06
7,1,0.2841466,0.14181684
8,8,0.9984592,0.000921033
6,6,0.99962556,0.00014260334
2,2,0.95399797,0.02568767
5,5,0.99977,7.242184e-05
1,1,0.9996599,0.00014029985
4,4,0.9998312,6.1268554e-05
8,8,0.9993431,0.00039941608
4,4,0.9999894,3.7195234e-06
5,5,0.98215735,0.006949323
8,8,0.9862323,0.006662637
3,3,0.5266221,0.07134492
0,0,0.9990843,0.00036057227
6,6,0.9567397,0.020408126
2,2,0.99947417,0.00031183078
7,7,0.9994076,0.00036660192
3,3,0.98991776,0.0059002023
3,3,0.9591401,0.016297761
2,2,0.99064285,0.0052332385
1,1,0.9995596,0.00025765283
0,0,0.9999598,1.3331628e-05
7,7,0.97644156,0.014881173
3,3,0.99293125,0.0028523242
4,4,0.5036097,0.0743445
0,0,0.90487605,0.054958493
3,3,0.9998142,0.000116078605
9,9,0.99867326,0.00052254077
3,3,0.99746495,0.0009923349
2,2,0.9362222,0.024404189
8,8,0.985254,0.008294774
9,9,0.9956681,0.0024027685
0,0,0.9999981,1.0773567e-06
3,3,0.9982432,0.00086308515
8,8,0.99923867,0.00046717018
0,0,0.99942267,0.00036300957
7,7,0.99757755,0.0013233958
6,6,0.9541484,0.025871307
5,5,0.99998397,5.8118135e-06
4,4,0.99952567,0.00012426972
7,7,0.9998533,9.1241e-05
3,3,0.9993526,0.00031593916
9,0,0.9838048,0.009597088
0,0,0.9988891,0.00040339184
8,8,0.99980676,0.00011237689
6,6,0.85371953,0.07384133
2,2,0.6595867,0.083392486
5,5,0.9948149,0.0030460656
6,1,0.99393827,0.0026966615
1,1,0.99948156,0.00021822564
0,0,0.9999816,1.0808979e-05
0,0,0.9999979,1.0727714e-06
4,4,0.9994938,0.00018353069
4,4,0.99801457,0.0010653173
0,0,0.9984738,0.00070136454
1,1,0.99921894,0.00034672607
2,2,0.99999344,3.7790137e-06
3,3,0.9990715,0.00051071367
2,2,0.9999529,2.0064437e-05
7,7,0.94629747,0.03288461
7,7,0.998058,0.001225782
8,8,0.9999754,1.4949214e-05
5,5,0.9987319,0.00039969655
2,2,0.99981785,0.000110515844
5,5,0.9524352,0.014211011
7,7,0.8148345,0.075415626
6,6,0.7800511,0.05319462
9,9,0.99976933,7.7843564e-05
1,1,0.9998358,7.220518e-05
4,4,0.99997365,1.0794381e-05
1,1,0.99773085,0.00091725343
6,6,0.9957739,0.0024981312
4,4,0.96824455,0.010502532
2,2,0.9999958,1.8512561e-06
4,4,0.9987664,0.0004051108
3,3,0.955513,0.0195628
5,5,0.99888116,0.00066093827
4,4,0.9992775,0.00023193075
3,3,0.98621416,0.0034291104
9,9,0.99987805,3.9432205e-05
5,5,0.99907434,0.0003341706
0,0,0.9998053,9.448715e-05
1,1,0.9983634,0.0010044117
5,5,0.9851058,0.0043201433
3,3,0.9930135,0.004305588
8,8,0.9994873,0.00031853543
9,9,0.99961394,0.00011401727
1,1,0.9993461,0.00033987276
9,9,0.99926215,0.00029402584
7,7,0.89591074,0.052526116
9,9,0.99603903,0.0016521575
5,5,0.99997073,1.0846628e-05
5,5,0.94461983,0.022232952
2,2,0.9728831,0.014475224
7,7,0.999317,0.0003872566
4,4,0.99998504,5.425959e-06
6,6,0.8506199,0.054650486
0,0,0.99997914,1.100697e-05
1,1,0.99939936,0.00025073794
1,1,0.99949265,0.00018136241
1,1,0.9971584,0.0017603359
0,0,0.99999034,3.585063e-06
4,4,0.9971862,0.00089352427
4,4,0.99907744,0.00032807424
7,7,0.9998024,9.6117095e-05
6,6,0.99987686,5.7847716e-05
3,3,0.99985856,5.458047e-05
0,0,0.9788529,0.01241746
0,0,0.9999983,6.2102686e-07
4,4,0.9674636,0.018711459
3,3,0.99992216,4.3219778e-05
0,0,0.9999695,1.260689e-05
6,6,0.9698803,0.013229397
1,1,0.997517,0.001407903
9,4,0.9643774,0.012903864
6,6,0.5581327,0.10170518
1,1,0.9992701,0.00038316118
3,3,0.9993634,0.0002237951
8,8,0.85676336,0.048860982
1,1,0.9970068,0.0012660164
2,2,0.9936255,0.0038542494
5,5,0.9999728,1.4866238e-05
6,6,0.9996368,0.0001512429
2,2,0.99975014,0.00014665395
7,7,0.7471405,0.072147466
3,3,0.92406446,0.025836011
6,6,0.9825405,0.010049473
0,0,0.9995543,0.0002536992
1,1,0.98792446,0.005837201
9,9,0.8354317,0.051489066
7,7,0.86101645,0.06087033
6,6,0.99298,0.0021426477
6,6,0.99997425,1.0334099e-05
8,8,0.9069297,0.032212134
9,9,0.9603089,0.014096099
2,2,0.99995995,2.057452e-05
9,9,0.5890655,0.11026605
5,5,0.554002,0.078108236
8,8,0.99987966,6.0702074e-05
3,3,0.9988157,0.00053392694
1,1,0.9999815,6.5850836e-06
0,0,0.9997603,0.00015106903
0,0,0.99996996,1.6576598e-05
7,7,0.997295,0.0015956064
6,6,0.84542733,0.06633659
6,6,0.92557824,0.017917905
2,2,0.9998504,7.773355e-05
1,1,0.9931536,0.0029756112
6,6,0.823871,0.059650254
9,9,0.9956337,0.0013281883
3,3,0.8529962,0.063187316
1,1,0.99787855,0.0013127326
8,8,0.9801809,0.009590367
6,6,0.999925,2.1430047e-05
9,9,0.9847487,0.0061748694
0,0,0.9998814,4.158449e-05
6,6,0.9927414,0.0037269418
0,0,0.99991924,4.746591e-05
0,0,0.9991568,0.00037003317
0,0,0.9999833,9.582046e-06
6,6,0.99716634,0.0011632243
3,3,0.9999854,7.187837e-06
5,5,0.99999046,4.370831e-06
9,4,0.39600846,0.11197702
3,3,0.958679,0.014698085
4,4,0.5276335,0.08661272
5,5,0.9993882,0.00022212716
5,5,0.9985531,0.00070249033
8,8,0.99998343,7.960569e-06
5,5,0.9999259,3.4444085e-05
3,3,0.99742013,0.001180823
0,0,0.9999293,2.4916837e-05
4,4,0.8568071,0.060864538
0,0,0.9997757,0.00010505398
2,2,0.9972838,0.0011501128
9,9,0.9993386,0.00019777493
6,6,0.99670744,0.0010836541
8,8,0.9996834,0.00017355806
2,2,0.99614346,0.0015728787
3,3,0.99993676,3.643649e-05
1,1,0.9986595,0.00080064323
2,2,0.9999677,1.2164355e-05
1,1,0.9862312,0.007990387
1,1,0.99898845,0.00051698263
5,5,0.99991924,3.1381187e-05
6,6,0.9091013,0.047120776
9,9,0.9999797,7.239355e-06
8,8,0.98834944,0.007220518
0,0,0.9997988,9.3752846e-05
6,6,0.9999801,9.405536e-06
6,6,0.9914838,0.0039182813
5,5,0.99191415,0.0036611806
5,5,0.9999897,5.0198682e-06
3,3,0.9120935,0.02399008
8,8,0.9992226,0.0004680922
6,6,0.98791325,0.0029713812
2,2,0.8730501,0.04599849
1,1,0.9990733,0.00039840577
4,4,0.99995553,1.7137048e-05
5,5,0.9973048,0.0009635409
4,4,0.9998134,0.00010220767
3,3,0.9992256,0.00045191185
7,7,0.99936676,0.00037264745
8,8,0.9997989,0.00012409758
5,5,0.5460711,0.070253745
0,0,0.9999407,3.2841086e-05
9,9,0.99496615,0.0017513525
3,3,0.99962807,0.00012194485
5,5,0.99397916,0.001644784
1,1,0.9965211,0.0013177672
1,1,0.9986027,0.00077851134
0,0,0.9883213,0.006732813
4,4,0.9998094,7.7321645e-05
4,4,0.99987423,6.4179694e-05
7,7,0.93966216,0.037950765
0,0,0.99977934,0.00013203804
1,1,0.9997271,0.00011773204
7,7,0.8741199,0.066354975
0,0,0.99972314,0.00014482149
1,1,0.9968808,0.000958311
6,6,0.9998291,8.335635e-05
1,1,0.99976456,0.00011889648
4,4,0.9993874,0.0001994858
5,5,0.99373835,0.0020675047
6,6,0.99927616,0.00018724035
6,6,0.8443163,0.05486512
5,5,0.99871176,0.0005341667
7,7,0.9998331,7.12182e-05
8,8,0.99354744,0.0035170927
4,4,0.9999871,4.4482995e-06
4,4,0.9543334,0.01792271
7,7,0.9997221,0.00017464496
2,2,0.9934344,0.0029896987
5,5,0.9998226,8.079034e-05
3,3,0.99991643,4.803135e-05
7,7,0.99272597,0.0045812526
0,0,0.999755,0.00015451941
7,7,0.90798825,0.05380237
7,7,0.99955815,0.00027770677
9,9,0.9988313,0.00022742074
6,6,0.9903938,0.0058429213
4,4,0.99801207,0.00096903666
2,2,0.99465954,0.0032668263
8,8,0.9935585,0.0026501413
5,5,0.9934641,0.0020591163
7,7,0.9580556,0.020974834
8,8,0.925272,0.047008697
3,3,0.9677731,0.009503256
9,9,0.9844012,0.0043898886
5,5,0.9998552,5.4998538e-05
8,8,0.99807966,0.0012039675
9,9,0.9906002,0.0042745275
9,9,0.99825656,0.00075750094
8,8,0.9997017,0.00014467587
6,5,0.70628285,0.07659335
2,2,0.99846125,0.00079219165
8,8,0.9779006,0.013938111
9,9,0.55350435,0.071208104
2,2,0.95575094,0.018121544
3,3,0.9989716,0.00064310303
6,6,0.8953806,0.045930598
1,1,0.9942954,0.0034476675
1,1,0.99848807,0.00094081165
8,8,0.99954444,0.0002351841
9,9,0.9969045,0.0011950085
3,3,0.9547723,0.026274407
4,4,0.9925831,0.003047217
0,0,0.9999973,9.935742e-07
7,7,0.99751174,0.0015725594
9,9,0.99936116,0.00028730012
6,6,0.99784327,0.0013480814
4,7,0.41815367,0.11087837
1,1,0.9989003,0.00067946216
4,4,0.99994296,2.2969083e-05
1,1,0.9990719,0.0003277599
3,3,0.99880016,0.0006931902
4,4,0.9993552,0.00023232009
9,9,0.99986565,3.2367105e-05
3,3,0.9915907,0.0034868321
1,1,0.89734757,0.04223967
4,4,0.99998724,4.299772e-06
7,7,0.9999523,2.8658955e-05
7,7,0.96367806,0.013810357
4,4,0.9997641,0.00010938459
7,7,0.9446815,0.034980703
2,2,0.9997015,0.00012588585
9,9,0.9998442,4.1624757e-05
3,3,0.99998176,7.223893e-06
0,0,0.9998411,6.0909962e-05
8,8,0.99994516,2.6398935e-05
8,0,0.9963808,0.0015862504
8,8,0.9999937,3.0630067e-06
4,4,0.99985325,8.0230915e-05
0,0,0.999996,2.10528e-06
4,4,0.99965036,0.0001742405
4,4,0.8661772,0.03308346
1,1,0.99920243,0.0002684597
5,5,0.99985933,7.740975e-05
2,2,0.9999978,9.733151e-07
8,8,0.91421425,0.053895414
3,3,0.97366256,0.012912301
4,4,0.8616236,0.05663265
9,9,0.99997365,7.778872e-06
5,5,0.99972284,0.00016640648
2,2,0.99833155,0.0006421701
8,8,0.9514885,0.027649771
1,1,0.99975264,0.00013237109
5,5,0.99991924,3.6567268e-05
3,3,0.9669412,0.019728754
7,7,0.88858736,0.052935373
9,9,0.99984896,5.2633735e-05
4,4,0.9986721,0.00049100386
2,2,0.99983346,6.413908e-05
5,5,0.9924818,0.002498389
6,6,0.8708402,0.048002623
3,2,0.71404445,0.071232006
5,5,0.99987686,6.4781765e-05
9,9,0.9999935,2.0131629e-06
3,3,0.99909544,0.0003662149
5,0,0.6191929,0.08615468
9,9,0.9995228,0.00013644426
3,2,0.79057217,0.052822255
1,1,0.99541646,0.0022538016
9,9,0.99901295,0.00030776218
5,5,0.4748631,0.12239214
3,3,0.9864079,0.007952527
0,0,0.99998033,1.0594685e-05
6,6,0.99790394,0.0010131082
9,9,0.9996637,0.000100149016
8,8,0.99984086,7.8182704e-05
4,4,0.98215646,0.007857756
0,0,0.99922675,0.00044646338
4,4,0.9996085,0.0001521163
9,7,0.6212424,0.09585849
2,2,0.78550696,0.060822833
9,9,0.9927036,0.002821533
0,0,0.99999774,1.3562427e-06
1,1,0.93912745,0.038048275
0,0,0.99515617,0.0017829074
3,3,0.6152384,0.08838626
1,1,0.9369403,0.025633568
6,6,0.9999744,1.0551046e-05
5,5,0.99907553,0.0003900788
8,8,0.99898225,0.0006059445
1,1,0.9982091,0.0009871477
5,5,0.99997264,1.0377342e-05
3,3,0.5129758,0.08247931
3,8,0.45561904,0.09442377
0,0,0.99715316,0.0015800787
3,3,0.9995879,0.0002496071
5,5,0.9960102,0.0019346876
5,5,0.999584,0.00016744068
9,9,0.99738216,0.0013943412
2,2,0.99917066,0.00045310808
8,8,0.9142602,0.052369345
7,7,0.9191392,0.050615977
0,0,0.9999901,5.6317194e-06
4,4,0.99923486,0.00031040426
9,9,0.997238,0.0012483925
1,1,0.9989182,0.0004233433
9,9,0.99984425,3.515532e-05
7,7,0.9991266,0.0005512612
7,7,0.9982532,0.0010580561
5,5,0.986482,0.0053250333
5,5,0.9639114,0.009133603
2,2,0.99940956,0.00035943757
0,0,0.86499375,0.06404553
9,9,0.99831325,0.00073382177
1,1,0.99695665,0.0016645615
8,8,0.99428236,0.0025032253
6,6,0.9962168,0.0018630584
2,2,0.97990626,0.008940074
3,3,0.9955832,0.002537853
9,9,0.5363575,0.1361736
6,6,0.99993503,3.1084313e-05
2,2,0.99994946,1.9746503e-05
1,1,0.9998404,8.422714e-05
9,9,0.9999629,1.3613462e-05
1,1,0.9994218,0.00033219456
3,3,0.98184794,0.008591646
5,5,0.9997473,0.00012888043
5,5,0.9998765,4.0348576e-05
0,0,0.9999474,2.0256499e-05
3,3,0.99470377,0.0020647557
8,8,0.9840406,0.0076187653
3,3,0.901268,0.037346125
3,3,0.9967283,0.0014670664
7,7,0.95744073,0.024855088
6,6,0.9848051,0.006903267
6,5,0.36514518,0.09435625
0,0,0.9999779,1.069723e-05
1,1,0.9993166,0.00037461965
4,4,0.9868312,0.0052275206
0,0,0.9999914,4.66308e-06
6,6,0.9348599,0.039464824
9,9,0.9184742,0.04223449
8,8,0.9991597,0.0005178603
1,1,0.9995731,0.0001943538
2,2,0.9104873,0.050240904
9,9,0.5503846,0.10051682
9,9,0.99986017,4.439758e-05
5,5,0.99971944,0.00016011056
9,9,0.99890345,0.0005974587
7,7,0.99940574,0.00035955678
3,3,0.9968031,0.0019724583
7,7,0.9767593,0.013938541
8,8,0.6700749,0.083739474
0,0,0.9999874,4.95184e-06
1,1,0.9920767,0.0045820577
3,3,0.99949807,0.0003027884
0,0,0.99977815,0.00013243595
4,4,0.99998844,4.017144e-06
6,6,0.96789324,0.020216981
1,1,0.9977969,0.00086936366
0,0,0.9997183,0.00017415977
2,2,0.98213255,0.008303853
5,5,0.9997093,0.00011967777
8,8,0.5453988,0.064592734
4,4,0.9641762,0.010692341
4,4,0.9996325,0.0001433987
1,1,0.9909299,0.003890505
1,1,0.998978,0.0005778432
5,5,0.9997891,9.8011325e-05
4,4,0.99989283,3.8638555e-05
6,8,0.85808456,0.049485557
6,6,0.9998776,3.516851e-05
0,0,0.99993277,3.1417105e-05
6,6,0.49434987,0.09303384
9,9,0.999726,9.0115616e-05
2,2,0.9934184,0.002940598
6,6,0.9996335,0.00010851305
2,2,0.9998957,3.7700825e-05
7,7,0.9504906,0.02365475
1,1,0.9999213,4.010168e-05
7,7,0.9996932,0.000190849
9,9,0.9999906,2.4630765e-06
4,4,0.999531,0.00026180738
0,0,0.99997056,1.6736256e-05
0,0,0.9999086,5.6274228e-05
3,3,0.9999735,1.5656273e-05
8,8,0.99983054,9.3870694e-05
2,2,0.9990125,0.00058036594
2,2,0.9996332,0.00020842433
3,3,0.99789226,0.0010758337
1,1,0.9998056,9.1727685e-05
6,6,0.86731064,0.048715133
0,0,0.99999964,2.0238936e-07
5,5,0.9999727,1.5257016e-05
7,7,0.99714077,0.001525809
7,7,0.945648,0.032603305
9,9,0.8011055,0.06671442
2,2,0.99616224,0.0023906587
6,6,0.99431,0.0021338635
7,7,0.92350435,0.032100618
9,7,0.7149507,0.08328902
7,7,0.9647201,0.022268021
8,8,0.92247856,0.033493023
6,6,0.9904829,0.0041378858
8,8,0.9988144,0.00062186853
8,8,0.9020277,0.05785358
4,4,0.99986917,5.702729e-05
6,6,0.99918807,0.00037747354
8,8,0.9994235,0.0002947448
4,4,0.99817926,0.0009218425
1,1,0.99993324,2.9038716e-05
2,2,0.99973476,0.00016240039
8,8,0.99964225,0.0002205123
1,1,0.84410125,0.065997325
3,3,0.99996185,2.2869379e-05
9,9,0.9986435,0.00046780478
4,4,0.9999776,1.039056e-05
0,0,0.9997881,9.794332e-05
3,3,0.5369432,0.061680965
7,7,0.9997277,0.00017155286
3,3,0.9992178,0.00048084138
2,2,0.9999709,1.0494432e-05
3,3,0.9995335,0.00023714066
3,3,0.99998057,7.5490507e-06
7,7,0.99866897,0.0006344429
3,3,0.9974179,0.0012964
4,4,0.9999677,9.449044e-06
0,0,0.99993485,2.882267e-05
6,6,0.9993235,0.00019631353
2,2,0.864567,0.057080667
0,0,0.98362017,0.009932978
8,8,0.9918435,0.003431955
1,1,0.97125244,0.010474209
5,5,0.9988524,0.0005697948
3,3,0.998754,0.000771121
5,5,0.9989706,0.00039922487
4,4,0.9980818,0.0011631802
1,1,0.99980766,6.288131e-05
7,7,0.9994284,0.0003542012
1,1,0.999848,7.242089e-05
5,5,0.9891552,0.0055478397
7,7,0.99912274,0.00042491042
5,5,0.9877248,0.005986933
7,7,0.99934304,0.00026045018
3,3,0.99976265,0.00012408636
2,2,0.99994695,2.5045385e-05
2,2,0.989673,0.0040563103
7,7,0.9983438,0.000662675
3,3,0.84063566,0.054081578
7,7,0.9425758,0.028590772
3,3,0.90910816,0.031195527
7,7,0.9994172,0.00035601185
8,8,0.95169103,0.021945082
5,5,0.9998997,5.8409303e-05
4,4,0.99719447,0.0013238945
5,5,0.7032064,0.09203253
2,2,0.9999813,8.818047e-06
5,9,0.7638054,0.070132114
6,6,0.9999293,3.746508e-05
5,5,0.9999606,1.744629e-05
3,3,0.99483633,0.0031859581
6,6,0.98840475,0.004905845
7,7,0.7056726,0.09147092
4,4,0.9999405,2.3935054e-05
1,1,0.9985186,0.00069151423
7,7,0.9982605,0.0010912942
1,1,0.9975047,0.0015128495
5,5,0.9993126,0.00035167582
2,2,0.99991405,2.7568914e-05
3,3,0.98589313,0.0064990097
6,0,0.7327604,0.069719106
3,3,0.999925,3.7754442e-05
1,1,0.9278266,0.02810444
4,4,0.99984103,8.021669e-05
2,2,0.999712,8.922681e-05
6,6,0.99579847,0.002014083
7,7,0.9107086,0.037622374
4,4,0.9999622,1.5511501e-05
3,3,0.8874596,0.043369506
8,8,0.99731857,0.0016498234
0,0,0.9999808,8.57585e-06
6,6,0.97235477,0.015884321
2,2,0.99997634,9.870367e-06
1,1,0.999928,3.224905e-05
6,6,0.99994546,2.477389e-05
5,5,0.99697196,0.0017013684
3,3,0.87058944,0.051022314
9,9,0.999899,3.749388e-05
1,1,0.9995724,0.00019141348
9,9,0.99795115,0.00064642733
3,3,0.9785283,0.011767357
2,2,0.65512514,0.08031939
1,1,0.99979305,7.416893e-05
8,8,0.9994057,0.0003483462
4,4,0.9988734,0.0005255862
4,4,0.99998224,7.726545e-06
6,6,0.9935524,0.0034006773
5,5,0.81370056,0.06418873
8,8,0.9670615,0.020675883
6,6,0.9946455,0.0033050105
9,9,0.99559534,0.0015393648
7,7,0.9995972,0.00022332002
7,7,0.9916085,0.005303416
8,8,0.9974431,0.0016109043
6,6,0.9924431,0.002111333
9,9,0.99997264,7.915763e-06
7,7,0.9545304,0.022759538
3,3,0.9542488,0.017966168
9,9,0.9997179,9.0277754e-05
4,4,0.99993944,2.5247802e-05
0,0,0.99757653,0.0014547475
5,5,0.9999291,2.8406905e-05
4,4,0.81999284,0.044601772
6,6,0.9881088,0.005989314
4,4,0.9985906,0.0006669666
1,1,0.9988785,0.0004964181
2,2,0.79946864,0.05471942
3,3,0.9992849,0.0004389348
0,0,0.9999922,4.7305302e-06
0,0,0.9999975,1.3367356e-06
2,2,0.99671793,0.0018245296
6,6,0.76908875,0.06021469
6,6,0.9836912,0.005053674
5,5,0.99657124,0.0017211052
7,7,0.9991975,0.0004871185
0,0,0.9663695,0.020486895
8,8,0.9817707,0.0113961715
6,6,0.9991177,0.00050507014
4,4,0.99998075,1.0514714e-05
7,7,0.8700751,0.04406783
9,9,0.9999198,2.3858815e-05
0,0,0.9997717,9.009928e-05
7,7,0.99977446,0.0001271688
3,3,0.99711215,0.0013259351
4,4,0.99989206,3.632078e-05
2,2,0.99976254,0.00013120747
1,1,0.96812993,0.012013723
8,8,0.99989045,6.6106426e-05
8,8,0.99844915,0.00089221087
5,5,0.9999612,1.6506627e-05
9,9,0.99982625,5.2358006e-05
2,2,0.9990195,0.00054034253
7,7,0.9773921,0.012613058
1,1,0.9984412,0.0007152716
8,8,0.99595296,0.0025143237
8,8,0.9969312,0.0018586547
8,8,0.9610958,0.02376313
2,2,0.9869445,0.004761602
7,7,0.9846775,0.009358654
6,6,0.9796301,0.012597573
0,0,0.9999563,1.6198233e-05
1,1,0.94344556,0.03384494
2,2,0.99382055,0.0036294595
7,7,0.97541535,0.01413918
1,1,0.9984182,0.0007965808
0,0,0.99986,6.076102e-05
8,8,0.9732744,0.015819695
3,3,0.99998534,7.471767e-06
6,5,0.48588213,0.086871006
0,0,0.9998372,5.422575e-05
5,5,0.99999636,1.4193488e-06
3,3,0.9998015,9.794589e-05
6,6,0.9115674,0.03715822
2,2,0.9999711,1.5857848e-05
8,8,0.9998406,9.7573095e-05
7,7,0.45806345,0.10245602
0,0,0.99999857,8.516057e-07
1,1,0.97025794,0.018691503
4,4,0.9760016,0.015105294
2,2,0.9988371,0.0006809178
1,1,0.9995473,0.00027659012
1,1,0.99974954,0.00013926995
4,4,0.97838974,0.007847502
4,4,0.9999798,6.7184046e-06
4,4,0.99989414,4.147552e-05
4,4,0.99968785,0.000116850635
7,7,0.97216207,0.014739811
1,1,0.9999439,2.2571261e-05
6,6,0.92194045,0.043787133
2,2,0.99971247,0.00012725251
9,9,0.9068433,0.04369285
9,9,0.9999221,3.559348e-05
0,0,0.99358827,0.0034009125
0,0,0.99752027,0.0009854204
1,1,0.99549425,0.0023286073
8,8,0.99954003,0.00013790997
8,8,0.999588,0.00016617775
4,4,0.99998283,6.4901687e-06
3,3,0.9997195,0.00013643275
4,4,0.99998474,6.1686214e-06
2,2,0.56294,0.102467075
0,0,0.80734634,0.08748074
6,6,0.9255651,0.04282918
1,1,0.97501934,0.014065239
6,6,0.62128824,0.10137975
1,1,0.9925871,0.0034480314
2,2,0.9995306,0.00022165917
2,2,0.99918616,0.00043998193
2,2,0.99982053,9.5335665e-05
1,1,0.99929637,0.00029983043
2,2,0.998099,0.0010903833
3,3,0.9373474,0.026666606
7,7,0.9338158,0.033846095
8,8,0.98102295,0.0071187196
1,1,0.99951535,0.00020176258
0,0,0.99999064,4.6773303e-06
0,0,0.9933858,0.0022375644
2,2,0.8081428,0.066226624
1,1,0.99761045,0.0014010946
6,0,0.5180074,0.096761025
6,6,0.98968685,0.003866972
0,0,0.9999789,7.856752e-06
1,1,0.9894983,0.0058689783
6,6,0.9721433,0.015643667
2,2,0.9999747,1.5667627e-05
5,5,0.99120635,0.0039275745
1,1,0.9986474,0.0008392255
7,7,0.97662723,0.012691436
4,4,0.99892557,0.00041100645
8,8,0.9991334,0.00054141565
2,2,0.86913586,0.058193218
1,1,0.9995866,0.00020462836
4,4,0.9970795,0.00097024086
3,3,0.99052113,0.0027346234
8,8,0.8877202,0.055239968
3,3,0.98481786,0.0090261195
9,9,0.9999949,1.588317e-06
9,9,0.99649537,0.0013716122
4,4,0.98893845,0.0045115193
8,8,0.7169484,0.09513644
3,3,0.9923746,0.0038853337
4,4,0.9997414,0.0001237764
7,7,0.97169095,0.009494537
2,2,0.999519,0.00027012514
7,7,0.9615,0.024303626
5,5,0.9999094,4.3909466e-05
7,7,0.9410612,0.037234485
0,0,0.9999989,4.4225288e-07
4,4,0.99987537,3.605276e-05
3,3,0.9997953,8.328286e-05
3,3,0.7830067,0.07408005
2,2,0.99973834,8.320843e-05
6,6,0.8370619,0.06474
7,7,0.99989414,6.218519e-05
6,6,0.9857591,0.0076094465
0,0,0.99439734,0.0033819326
0,0,0.991815,0.0040737307
6,6,0.99934214,0.0003081334
7,7,0.988674,0.007144578
7,7,0.9998206,0.00010546141
0,0,0.9999676,1.8764456e-05
5,5,0.99984086,6.3300584e-05
5,5,0.98952705,0.0025209286
8,8,0.9999647,1.8089859e-05
1,1,0.99893486,0.00047816164
0,0,0.9999833,7.2739117e-06
7,7,0.99600095,0.0016188793
0,0,0.99973124,0.00015441047
2,2,0.9966027,0.001543406
8,8,0.9983959,0.00094761245
1,1,0.99934894,0.00023067072
5,5,0.9999474,1.9243995e-05
0,0,0.9997427,0.00013534754
8,8,0.9979599,0.00093362964
8,8,0.999187,0.0005025667
0,0,0.9999975,1.0604107e-06
3,3,0.9953451,0.0027385044
2,2,0.9964014,0.0018551474
7,7,0.9760683,0.015113594
7,7,0.87293446,0.0599401
2,2,0.61102355,0.08192768
6,6,0.92606705,0.032955043
4,4,0.9998627,5.267441e-05
7,7,0.8061099,0.07183584
5,5,0.9995128,0.0002893737
5,5,0.99997413,1.0457928e-05
5,5,0.6751785,0.087496854
2,2,0.99860144,0.0008546902
9,9,0.9954761,0.0019293821
2,2,0.9294958,0.03260916
8,8,0.9991372,0.00054150855
4,4,0.97666246,0.0117648505
6,6,0.8468488,0.054796167
8,8,0.99919444,0.0003172551
6,6,0.6873162,0.09577809
5,5,0.99558115,0.002463291
0,0,0.9999153,4.940128e-05
0,0,0.99993724,3.8959464e-05
8,8,0.99975187,0.00013311741
7,7,0.9150526,0.053396087
6,6,0.9991363,0.00025530107
1,1,0.99111557,0.0050337175
7,7,0.9930397,0.0043290122
1,1,0.9997875,8.996419e-05
1,1,0.99951714,0.00024750657
2,2,0.9999944,1.988628e-06
7,7,0.999951,2.8957864e-05
4,4,0.9996136,0.0001807387
0,0,0.995599,0.0018127594
0,0,0.99999714,1.4628479e-06
7,7,0.99976367,0.00014011185
7,7,0.97230494,0.017242815
6,6,0.9999695,1.1825852e-05
3,3,0.99590385,0.0010763796
8,8,0.99523574,0.0024960295
6,6,0.9077204,0.051190298
4,4,0.99998605,6.5555796e-06
2,2,0.9997339,0.0001277043
0,0,0.9999422,3.3281736e-05
9,9,0.5917222,0.092957005
4,4,0.9998886,3.981546e-05
0,0,0.9999989,4.22046e-07
5,5,0.9992282,0.00028026666
7,7,0.949426,0.030433316
8,8,0.9994461,0.0003126742
2,3,0.34490398,0.11628021
7,7,0.98777616,0.0071022874
4,4,0.9306699,0.021832671
7,7,0.9996435,0.00021344749
1,1,0.9998576,8.3119994e-05
1,1,0.9991395,0.00043552593
3,3,0.8179054,0.044413816
6,6,0.9988197,0.0007350517
6,6,0.77032423,0.049289547
2,0,0.3996023,0.12910774
9,9,0.9998501,6.466555e-05
1,1,0.9947771,0.0023080176
9,9,0.99999446,1.5404115e-06
4,4,0.74918306,0.054051977
8,8,0.9998291,0.00010362093
3,3,0.99756414,0.0008903908
6,6,0.99776965,0.0012708246
9,9,0.99620503,0.0012718164
5,5,0.9998969,4.4308348e-05
9,9,0.96937025,0.012125401
6,6,0.9998509,6.0105347e-05
2,2,0.6562227,0.08644776
4,4,0.999962,1.5047859e-05
6,6,0.97597855,0.013141515
7,7,0.9641026,0.01832846
7,7,0.9998274,0.000106880325
0,0,0.999998,1.1352402e-06
6,6,0.95184886,0.028650928
6,6,0.999907,5.501153e-05
9,9,0.99521124,0.001873613
4,9,0.8102441,0.0383136
8,8,0.9286486,0.042182527
3,3,0.9939063,0.0021069257
5,5,0.9980012,0.00082934444
3,3,0.99892044,0.0006193943
4,4,0.9412161,0.02280006
9,9,0.9979909,0.0007143255
0,0,0.91982317,0.048427254
0,0,0.99996746,1.7447339e-05
5,5,0.9941057,0.002563902
2,2,0.9997676,9.367005e-05
5,5,0.99955404,0.00018586908
0,0,0.99999636,2.15312e-06
7,7,0.9990363,0.00042567082
1,1,0.9995866,0.00021411883
1,1,0.9971692,0.00092746166
1,1,0.9981519,0.0007779403
6,0,0.9701484,0.009466894
7,7,0.99795216,0.0009757791
6,6,0.9640423,0.022485014
7,7,0.96776104,0.020299606
9,9,0.9958789,0.0011792396
6,6,0.9396184,0.03627027
6,6,0.99441636,0.0033784446
4,4,0.9997633,8.866352e-05
1,1,0.99984825,5.5990124e-05
4,4,0.9926076,0.0044121565
3,3,0.6594998,0.06020676
1,1,0.9985151,0.0006695692
1,1,0.9932167,0.003405609
2,2,0.99991274,4.9086568e-05
2,2,0.9955834,0.0015167106
4,4,0.92738533,0.027712557
1,1,0.99360067,0.003314934
0,0,0.9981516,0.0009518087
8,8,0.9997715,9.878563e-05
7,7,0.879481,0.06254657
6,6,0.92590505,0.04588019
3,3,0.999794,0.000121629
4,4,0.9997951,7.4291784e-05
0,0,0.9999957,2.2753666e-06
0,0,0.9833668,0.008064648
6,6,0.567029,0.07978406
3,3,0.95315695,0.014348129
3,3,0.99989426,5.2578318e-05
0,0,0.9975635,0.0015153675
7,7,0.948192,0.019414555
1,1,0.9989476,0.00053482194
7,7,0.87124586,0.05882284
1,1,0.99960625,0.00024186212
1,1,0.9998131,0.00011004756
3,3,0.9626877,0.01844817
1,1,0.86648655,0.061502546
0,0,0.9999933,2.7125434e-06
9,9,0.991727,0.0035784063
9,9,0.7534176,0.062236916
7,7,0.99914664,0.00051110145
5,5,0.99997807,1.1961258e-05
4,4,0.9999873,4.904955e-06
1,1,0.9780458,0.010600119
4,4,0.987007,0.005091447
8,8,0.9703618,0.012199833
9,9,0.99632007,0.0011619295
5,5,0.99917734,0.0002742054
3,3,0.99948657,0.0002513142
5,5,0.99998295,5.2334917e-06
1,1,0.9995445,0.00018314952
9,9,0.99981946,5.191865e-05
8,8,0.99990034,5.2637643e-05
2,2,0.9044577,0.04114463
3,7,0.75585645,0.076837845
3,3,0.92278814,0.042279176
9,9,0.99917424,0.00034565714
9,9,0.99948627,0.00016158349
0,0,0.99998266,8.790443e-06
1,1,0.9993784,0.00023961125
0,0,0.9999919,4.6476116e-06
2,2,0.99994963,2.2652264e-05
9,9,0.97623,0.0073624747
3,3,0.99977505,0.00013755816
9,9,0.9996443,0.000108629654
3,3,0.9995346,0.0002343938
3,3,0.99891204,0.00062298775
6,6,0.9861709,0.0085208025
2,2,0.99650365,0.0016570825
4,4,0.95680845,0.01474374
9,9,0.98678905,0.003330466
8,8,0.9997616,0.00011208329
3,3,0.997983,0.0010485568
7,7,0.99446976,0.0029004887
4,4,0.99994373,2.4398525e-05
0,0,0.9999878,6.2264253e-06
4,4,0.9995408,0.00018517951
7,7,0.9912462,0.004586262
8,8,0.99921227,0.0004323624
4,4,0.982488,0.008257106
9,9,0.9999221,1.939043e-05
8,8,0.9999256,3.4938308e-05
9,1,0.72967374,0.08818875
9,9,0.9945151,0.0030092467
7,7,0.99860346,0.00087488873
5,5,0.99567354,0.0011855426
9,9,0.99985933,4.454086e-05
2,2,0.9754855,0.008454902
8,8,0.9999774,9.03819e-06
2,2,0.9969104,0.001254645
2,2,0.99042845,0.0050111227
0,0,0.99999297,3.3374636e-06
2,2,0.99997634,7.10732e-06
2,2,0.9898909,0.0045985263
3,3,0.9998968,5.7984853e-05
8,8,0.99664104,0.0017755462
4,4,0.9990611,0.0003853255
6,6,0.79568684,0.06604946
8,8,0.9333874,0.04191791
6,4,0.6638428,0.10181427
8,8,0.9500536,0.019447576
2,2,0.98739606,0.005677125
4,4,0.9999882,5.2960586e-06
6,6,0.9994627,0.00027075264
7,7,0.8812893,0.060145844
9,9,0.9994322,0.00015198623
3,3,0.99892884,0.0006050563
3,3,0.9908625,0.0026386515
9,9,0.98179483,0.006795774
4,4,0.9972456,0.0012726028
3,3,0.9747532,0.009407038
1,1,0.9998062,9.681469e-05
4,9,0.41429362,0.12515157
4,4,0.9387294,0.020259047
7,7,0.9999628,1.8744986e-05
0,0,0.9998171,0.000112587775
5,5,0.9988605,0.00043434728
9,9,0.99999094,3.4104978e-06
6,6,0.999294,0.00031529504
0,0,0.9997242,0.00017142158
4,4,0.9984725,0.0007449498
4,4,0.9824847,0.007242185
4,4,0.99984807,5.225227e-05
4,4,0.9998847,4.3477638e-05
6,6,0.9999037,4.8861453e-05
1,1,0.9965606,0.002102248
2,2,0.995444,0.002186514
3,3,0.99757767,0.0014213121
3,2,0.6142708,0.10342753
6,6,0.6606696,0.09915755
4,4,0.9999264,2.7466836e-05
5,5,0.58119833,0.09171218
9,9,0.9990945,0.00022719949
6,6,0.99996775,1.4723861e-05
8,8,0.9998045,0.00011137318
5,5,0.9977131,0.0009002586
6,6,0.78504807,0.07252558
5,0,0.8329403,0.05731703
8,0,0.53281796,0.101139165
6,6,0.99988616,4.6685036e-05
4,4,0.9993377,0.00027339716
1,1,0.9962225,0.0017279083
8,8,0.9774644,0.009695432
6,6,0.85646236,0.054995663
5,5,0.8156657,0.041982014
2,2,0.9999855,7.2063326e-06
8,5,0.6854363,0.06729091
4,4,0.99953204,0.00020668868
5,5,0.9997755,0.0001104517
5,5,0.9999588,1.7549586e-05
4,4,0.9993392,0.00020234697
7,7,0.99968386,0.00019691
7,7,0.9925885,0.0040274574
0,0,0.994005,0.0035410002
7,7,0.956746,0.020720635
8,8,0.9987528,0.0007687897
2,2,0.99875814,0.00064830435
2,2,0.99926054,0.00022418964
3,3,0.9968131,0.001957988
7,7,0.9084085,0.03271439
0,0,0.99487436,0.0021372852
1,1,0.99976987,0.00010500619
8,8,0.96758974,0.020363526
0,0,0.99999744,1.2422513e-06
7,7,0.99826574,0.0007162342
1,1,0.9986825,0.0007599857
9,9,0.99888116,0.00051882793
8,8,0.99991703,4.8094473e-05
7,7,0.9998702,7.380521e-05
5,5,0.9999649,1.4859023e-05
5,5,0.99670887,0.0014084443
9,9,0.9997737,4.8503716e-05
1,1,0.9995575,0.00023497613
7,7,0.9999968,1.7321578e-06
5,5,0.9997612,8.344961e-05
4,4,0.9888304,0.004120693
9,3,0.79323417,0.07258482
1,1,0.88982517,0.042570733
2,2,0.94487315,0.023757715
2,2,0.8520812,0.060821015
1,1,0.9244375,0.037858967
6,6,0.99996865,1.2362447e-05
6,6,0.99997485,1.2777637e-05
7,0,0.48996687,0.106472634
1,1,0.9996187,0.00017959093
1,1,0.8907139,0.04732689
4,4,0.6866121,0.0705845
0,0,0.9999987,7.828688e-07
7,7,0.99974805,0.00015516096
4,4,0.9999816,8.036758e-06
2,2,0.99959934,0.00015988684
4,4,0.99960166,0.00016080464
0,0,0.99954176,0.00024354769
6,6,0.9808912,0.009925883
4,4,0.99982566,5.9467013e-05
7,7,0.98093736,0.012043963
6,6,0.98595536,0.007911895
9,7,0.555364,0.08760084
5,5,0.99994546,2.5231135e-05
3,3,0.99894303,0.00055277545
4,4,0.99934876,0.00029307394
6,6,0.99999017,3.89812e-06
5,5,0.9922204,0.004347941
0,0,0.9999976,1.1046038e-06
1,1,0.99746245,0.0015187832
8,8,0.93819267,0.033205867
8,8,0.9845413,0.008488288
2,2,0.99912345,0.00035579395
8,8,0.9372641,0.025093574
3,3,0.9996753,0.00011223428
5,5,0.9999735,1.0444213e-05
7,7,0.9997107,0.00017740933
8,8,0.99878913,0.00074898364
0,0,0.80873317,0.076689534
8,8,0.9986806,0.0005634332
5,5,0.99993026,2.7014703e-05
7,7,0.9991811,0.00044021857
1,1,0.9965841,0.0017046612
1,1,0.9999102,3.7610436e-05
0,0,0.9961915,0.00222963
1,1,0.999794,0.00011961269
3,3,0.9999288,4.044828e-05
7,7,0.96353567,0.023022156
8,8,0.99989873,5.044235e-05
5,5,0.98901045,0.006312979
0,0,0.99930954,0.00036381706
7,7,0.99820614,0.0010989389
1,1,0.9996284,0.00020754334
1,1,0.9992918,0.00038958527
0,0,0.9998978,4.9235845e-05
1,1,0.9997684,0.000120931465
1,1,0.99403304,0.0037321574
4,4,0.99180984,0.0031723403
5,5,0.9650148,0.021756131
2,2,0.99974936,8.704861e-05
7,7,0.99102914,0.0045741373
6,6,0.99945104,0.0002464915
2,2,0.94661903,0.029321406
3,3,0.99448776,0.00346904
0,0,0.9999994,2.4012496e-07
2,2,0.9996808,0.00015325243
8,8,0.51933134,0.08783477
5,5,0.99990594,4.4901408e-05
9,9,0.995348,0.0022022934
6,6,0.65434045,0.07255773
9,9,0.9997344,8.934529e-05
7,7,0.9990762,0.00057635765
2,2,0.9999982,1.0662379e-06
1,1,0.99942696,0.00030927733
3,3,0.9993893,0.0003682595
6,6,0.99890566,0.0005507417
4,4,0.7780582,0.0558922
1,1,0.9998112,7.202681e-05
8,8,0.6744803,0.08950432
2,2,0.9999997,8.715593e-08
4,4,0.99996996,1.3123715e-05
0,0,0.9999797,1.1067627e-05
5,5,0.99978435,8.882046e-05
1,1,0.9989265,0.00037392537
0,0,0.9999388,2.7242693e-05
2,8,0.58781946,0.093344614
2,2,0.9979828,0.0010501301
6,6,0.99831706,0.00071939494
4,4,0.9997722,9.82984e-05
4,4,0.9995529,0.00017699253
3,3,0.99962616,0.00021508089
9,9,0.98873127,0.0034732881
6,6,0.91253626,0.042128466
1,1,0.998987,0.00049979636
6,6,0.9998897,3.9506587e-05
5,5,0.9999668,1.579036e-05
7,7,0.9999114,4.751603e-05
9,9,0.9999655,1.5044087e-05
2,2,0.9981211,0.00093804847
0,0,0.99997795,1.1454304e-05
2,2,0.9997879,0.0001082846
6,6,0.99971294,0.0001603586
0,0,0.9998511,8.774795e-05
1,1,0.9999379,2.5874037e-05
4,4,0.9999873,6.024168e-06
3,3,0.999763,0.00014409593
5,5,0.6829626,0.06461461
2,2,0.9999889,5.031135e-06
8,8,0.9977492,0.0014149502
8,8,0.99918926,0.00036635375
0,0,0.9999611,1.9367028e-05
8,8,0.99930745,0.0004113686
8,8,0.9998622,7.067701e-05
9,9,0.99711627,0.0006981075
0,0,0.894189,0.062714905
9,9,0.9706954,0.013022328
6,6,0.9999882,6.49663e-06
7,7,0.99881727,0.000710128
6,6,0.99972755,0.00015653031
3,3,0.9990953,0.00047112542
9,9,0.9172591,0.029407531
3,3,0.9953405,0.0020030565
4,4,0.6173375,0.06277318
7,7,0.99950904,0.00029987903
7,7,0.98473567,0.009298789
7,7,0.7943545,0.06373862
4,4,0.9971094,0.0012554985
9,9,0.740861,0.075426444
0,0,0.9999849,7.308879e-06
6,6,0.9927019,0.0030784463
4,4,0.8863921,0.035385523
8,0,0.2683526,0.14340113
4,4,0.9999747,8.83106e-06
2,2,0.999004,0.00031111535
7,7,0.881516,0.046248186
2,2,0.9988209,0.0005459169
8,8,0.99813336,0.0011524458
1,1,0.9993056,0.0003176819
0,0,0.996369,0.0019863807
0,0,0.99989355,6.629571e-05
7,7,0.8919209,0.045826584
8,8,0.9993683,0.00020597472
3,3,0.9689639,0.009664742
3,3,0.9938997,0.003614007
3,3,0.9976696,0.0011081311
1,1,0.9996414,0.000217336
3,3,0.9443917,0.025089528
7,7,0.9997245,0.00016202148
6,6,0.8393075,0.068241775
1,1,0.9986827,0.0006235773
3,3,0.97977686,0.012521541
1,1,0.9998247,7.6659984e-05
6,6,0.95877343,0.024465123
6,0,0.566319,0.090642445
5,5,0.999303,0.0002489803
7,7,0.37955195,0.106779054
4,4,0.9966499,0.0017099297
7,7,0.99908006,0.00057759444
5,5,0.9998109,8.2151884e-05
9,9,0.9294888,0.031386092
5,5,0.9871396,0.0054717595
8,8,0.69557273,0.08445818
4,4,0.9999369,1.7566637e-05
9,9,0.9999634,8.809402e-06
9,9,0.9999571,2.0203172e-05
1,1,0.9998728,6.2664694e-05
6,6,0.48604685,0.11052489
5,5,0.98312825,0.006051379
0,0,0.9539684,0.027449071
1,1,0.9997722,0.0001221628
3,3,0.9464396,0.026864361
7,7,0.665785,0.09420597
0,0,0.9999587,2.5635853e-05
3,3,0.91821367,0.047346644
4,4,0.9999755,9.535164e-06
8,8,0.99778366,0.0012854334
2,2,0.98694927,0.004953611
2,2,0.9963867,0.0015033165
0,0,0.9998571,5.9786857e-05
2,2,0.99998796,4.7761087e-06
5,5,0.72074735,0.07396783
1,1,0.9998698,7.176689e-05
5,5,0.9937674,0.001718442
1,1,0.999879,6.914187e-05
4,6,0.7976083,0.07161857
8,8,0.99988425,6.6950095e-05
8,8,0.99276984,0.0030876347
9,9,0.99922353,0.00038712483
1,1,0.99975663,0.000114490686
2,2,0.7159787,0.10138712
1,1,0.99893224,0.00047279676
3,3,0.9994825,0.00019836865
5,5,0.99998015,8.932877e-06
1,1,0.9991684,0.0004789058
0,0,0.99999774,1.2191878e-06
9,9,0.9474312,0.023300918
4,4,0.9982012,0.0005400508
4,4,0.9984692,0.00043714925
8,8,0.88947904,0.06433949
3,3,0.9297528,0.044065367
2,8,0.66580397,0.101099715
5,5,0.9999922,3.811681e-06
9,9,0.9624896,0.007279721
7,7,0.95022964,0.03074565
6,6,0.96650016,0.01996618
6,6,0.6181229,0.07849187
2,2,0.9999917,3.2648436e-06
0,0,0.99959505,0.00023521844
0,0,0.9999679,1.41326145e-05
0,0,0.9999825,1.0693757e-05
5,8,0.48728067,0.10595615
8,8,0.99996805,1.556555e-05
7,7,0.64168376,0.09427595
1,1,0.9985725,0.00076065643
5,5,0.99928343,0.00032309332
2,3,0.31034368,0.14472355
3,3,0.99987996,6.308197e-05
8,8,0.99963725,0.0002216212
5,5,0.9982668,0.001087795
1,1,0.99946004,0.0003051672
8,8,0.99986756,8.225477e-05
2,2,0.65790236,0.08800147
0,0,0.47183663,0.10698332
4,4,0.98591244,0.0054228986
9,9,0.9635065,0.013093869
9,9,0.999506,0.00020378424
6,6,0.99831355,0.0006693286
2,2,0.9996716,0.00020031173
3,3,0.9970724,0.0018471772
3,3,0.99989784,3.746502e-05
5,5,0.9993084,0.00030807266
6,6,0.99951935,0.00022947017
4,4,0.99415034,0.0023168135
8,8,0.9939394,0.003362724
0,0,0.9999975,1.4211935e-06
9,9,0.7248429,0.073415436
2,2,0.96741855,0.020430287
8,8,0.879793,0.05790499
3,3,0.99148357,0.0038688555
6,6,0.999603,0.0002057411
7,7,0.8340276,0.049993265
5,5,0.99993646,3.1135554e-05
7,1,0.69962955,0.059456505
2,2,0.9965259,0.001466368
9,9,0.9825905,0.0084493095
4,4,0.9997611,7.943051e-05
9,9,0.99994767,1.7833025e-05
1,1,0.9977168,0.001415945
2,2,0.99999845,6.8108545e-07
8,8,0.9998304,9.5408424e-05
6,6,0.55876863,0.091846265
0,0,0.94294655,0.025779873
7,7,0.9749986,0.015681457
0,0,0.9999655,1.6316673e-05
9,9,0.8537585,0.031055624
1,1,0.99531,0.0025230725
1,1,0.99873817,0.00054569775
6,5,0.78454214,0.053338133
7,7,0.9989109,0.000533358
5,5,0.69282067,0.057026155
9,9,0.9948012,0.0013591964
9,9,0.9996673,9.785379e-05
1,1,0.99793375,0.0007851735
9,9,0.9788014,0.00891499
5,5,0.998738,0.00068716623
9,9,0.99933755,0.00026427448
2,2,0.9892057,0.0060607316
5,5,0.99998033,8.355737e-06
0,0,0.99992657,2.7268301e-05
4,4,0.99994624,2.4068446e-05
1,1,0.9942457,0.0031860177
0,0,0.9974489,0.0015943544
8,8,0.98844355,0.007264977
9,4,0.8607278,0.04573401
0,0,0.99999845,7.9870034e-07
8,8,0.9979223,0.00077086483
9,9,0.9989726,0.00034575845
8,8,0.9998474,7.296866e-05
9,9,0.9997951,4.9723836e-05
4,4,0.99984014,5.9478964e-05
2,2,0.48183542,0.09936821
5,5,0.99996597,1.822407e-05
7,7,0.967981,0.014971316
9,9,0.909413,0.03937361
8,8,0.999776,0.00011900909
9,9,0.9972003,0.0008340408
8,8,0.9998968,6.396429e-05
0,0,0.99998933,6.241177e-06
9,9,0.9849765,0.0069817677
9,9,0.9944083,0.0020628427
6,6,0.9999916,3.6883011e-06
8,8,0.9999503,2.6861333e-05
9,9,0.99744064,0.001161407
9,9,0.99994546,2.4350189e-05
5,5,0.99925387,0.00035264323
9,9,0.9998126,7.490032e-05
8,8,0.9998683,7.823376e-05
5,6,0.48128477,0.103205755
1,1,0.9959704,0.0016550604
0,0,0.9999735,1.3393071e-05
3,3,0.9995756,0.00026583197
3,3,0.9083856,0.03457712
5,5,0.9999081,3.9913462e-05
2,2,0.99997586,1.3060974e-05
1,1,0.99944276,0.0002454989
6,6,0.99956673,0.00017321223
5,5,0.71957284,0.07967202
0,0,0.99998695,7.942448e-06
2,2,0.9469112,0.02286206
8,8,0.9999008,6.141396e-05
1,1,0.5086114,0.097417176
5,5,0.9999646,1.8689734e-05
6,6,0.94361174,0.034820046
2,2,0.9974741,0.0008973589
3,3,0.9988122,0.0007004709
0,0,0.9999857,7.642853e-06
2,2,0.99863064,0.0007343823
2,2,0.997728,0.0010227939
6,6,0.99972993,0.00014619365
4,4,0.999945,2.8019218e-05
3,3,0.99939525,0.0003562827
5,5,0.9999393,2.7662405e-05
5,5,0.99956906,0.00015486978
1,1,0.99958885,0.00024369286
7,7,0.9997157,0.0001240817
2,2,0.9964895,0.0016557369
1,1,0.9904502,0.0057417527
6,6,0.96519834,0.010123565
9,9,0.9724714,0.009051602
1,1,0.99216497,0.003945356
9,9,0.68782175,0.07417975
9,9,0.99982816,6.854588e-05
5,5,0.9999105,4.0121293e-05
5,5,0.73675954,0.059408598
1,1,0.9997343,0.000108265594
6,6,0.999427,0.00029761545
2,2,0.9994987,0.00031214117
2,2,0.99998534,6.4155743e-06
8,8,0.99843836,0.00093150884
6,6,0.9598888,0.011439774
7,7,0.9184574,0.051394783
1,1,0.999169,0.00033752288
4,4,0.9998636,6.232872e-05
6,6,0.6781513,0.073529065
0,0,0.9998266,0.000106769716
4,6,0.42305136,0.116400704
0,0,0.9999386,2.6403237e-05
3,3,0.52993846,0.07422819
3,3,0.9993251,0.00032761268
2,2,0.99997455,8.293818e-06
2,8,0.43718877,0.13115808
3,3,0.99965715,0.00021161351
6,6,0.99583656,0.0018710613
8,8,0.9998415,9.7796044e-05
9,9,0.9174229,0.023270365
8,8,0.8122842,0.06187714
5,5,0.99945945,0.00018016332
3,3,0.9999844,8.14477e-06
8,8,0.9828929,0.005308852
5,5,0.9995645,0.00022274112
4,4,0.999751,0.00012404796
5,5,0.9999878,5.382818e-06
2,2,0.99952304,0.00020394652
0,0,0.9999897,6.25715e-06
5,5,0.99980915,0.00011215584
6,6,0.5526495,0.097618364
3,8,0.49568042,0.056562137
2,2,0.9996559,0.00015098126
8,8,0.99956095,0.0002505451
3,3,0.9984169,0.0009102713
9,9,0.9972416,0.0013756728
9,9,0.9758299,0.009062892
5,5,0.6710537,0.05361576
7,7,0.99690515,0.0018218961
9,9,0.8784181,0.040212918
4,4,0.9973785,0.0011048468
6,6,0.9955534,0.0026664366
7,7,0.9980796,0.0012123061
1,1,0.99985045,7.26575e-05
3,3,0.99435425,0.0020482074
7,1,0.8802358,0.035490263
3,3,0.9901835,0.004900527
6,6,0.99832237,0.00090629794
6,6,0.9999176,4.281056e-05
0,0,0.99987507,7.216116e-05
9,9,0.997053,0.0008492034
0,0,0.99999887,7.239819e-07
1,1,0.99907845,0.0004226407
9,4,0.48251662,0.10702057
9,4,0.63783914,0.06909675
2,2,0.99873847,0.00042456613
8,8,0.95515937,0.021412957
8,8,0.99637187,0.0014770144
0,0,0.9993494,0.00036275323
1,1,0.9978341,0.0010643427
6,6,0.9992269,0.00021336305
9,9,0.9999255,2.4356863e-05
7,7,0.9998344,0.00010253524
5,5,0.9576205,0.017704751
3,5,0.7450491,0.06724353
4,4,0.99577343,0.0014646433
7,7,0.99997985,8.10398e-06
4,4,0.9988104,0.00057908316
9,9,0.9999797,6.4014152e-06
9,9,0.9670416,0.016885761
4,4,0.9998687,6.045499e-05
3,3,0.977764,0.008429
6,6,0.99497575,0.0030322578
3,3,0.9996084,0.00022462106
1,1,0.9999051,4.1542447e-05
1,1,0.9997616,9.255517e-05
7,7,0.8518001,0.055485725
6,6,0.99998885,4.7859703e-06
9,9,0.9995287,0.00012583403
1,1,0.9990929,0.000552963
8,8,0.9993903,0.00035898556
4,4,0.7147749,0.06481922
1,1,0.9985558,0.0009078203
1,1,0.9995595,0.00025403447
9,9,0.992754,0.0022865925
9,9,0.9999687,9.928798e-06
4,4,0.7841414,0.05927186
3,3,0.91228455,0.046960536
6,6,0.9914816,0.0041316054
8,8,0.9988629,0.00046861978
1,1,0.9998295,6.693473e-05
6,6,0.9350134,0.026346445
0,0,0.9999749,1.3508745e-05
4,4,0.99990237,5.0871622e-05
1,1,0.9991261,0.00038053672
3,3,0.99997157,1.4991121e-05
7,1,0.6428605,0.07601304
7,7,0.99993384,3.855525e-05
4,4,0.9990839,0.00030120942
9,9,0.9999895,2.6800014e-06
5,5,0.99697363,0.0014842846
1,1,0.99913406,0.0004765344
0,0,0.9999776,1.2191354e-05
0,0,0.999545,0.00027445823
1,1,0.99957913,0.00022441774
1,1,0.9996041,0.00022914268
6,6,0.77746284,0.06400063
2,2,0.9963543,0.0019586557
1,1,0.998895,0.00038406014
9,9,0.9992403,0.00013784754
8,8,0.99941605,0.0003576509
4,4,0.99940217,0.00025638344
0,0,0.9998373,8.922939e-05
3,3,0.99550074,0.0018800346
6,6,0.99623585,0.0021589957
4,4,0.999951,1.8988532e-05
9,9,0.9995468,0.00012012522
0,0,0.9741826,0.015412119
7,7,0.99984264,9.867813e-05
1,1,0.9999032,4.321622e-05
6,6,0.9989683,0.00047252845
5,5,0.9681452,0.01452869
7,7,0.7741096,0.0758659
5,5,0.9997858,8.6633256e-05
2,2,0.9999763,9.863641e-06
5,5,0.9821194,0.005958681
1,1,0.9994253,0.0003558066
8,8,0.99684554,0.0017967786
5,5,0.99952745,0.00020709596
4,4,0.99297506,0.003889833
7,7,0.9857241,0.008869598
0,0,0.9999627,1.6598617e-05
6,5,0.4949072,0.07440176
7,7,0.9997123,0.0001699652
0,2,0.4659801,0.105849266
2,2,0.99413407,0.0030563124
5,5,0.8854354,0.04556128
8,8,0.94068843,0.032748908
1,1,0.9998218,0.00010333066
0,0,0.9999857,8.274474e-06
4,4,0.9996486,0.00018328974
5,5,0.9988325,0.00039416202
7,7,0.999925,4.677453e-05
1,1,0.9999199,2.8620343e-05
8,8,0.6958502,0.100648426
5,5,0.9910917,0.003036209
1,1,0.9992428,0.0003267829
9,3,0.3395024,0.113237105
0,0,0.99999475,3.0923668e-06
0,0,0.9996759,0.00017195025
6,6,0.91488236,0.042092815
0,0,0.9999668,1.4299332e-05
7,7,0.9997886,0.00013229935
3,3,0.97827435,0.011202424
1,1,0.9995785,0.00025080054
8,8,0.99697006,0.0013145187
3,3,0.999571,0.0002509655
9,9,0.9990449,0.00052616023
7,7,0.99503917,0.0031359033
0,0,0.9998825,4.5548808e-05
0,0,0.9999854,6.744325e-06
8,8,0.9960731,0.0017016778
9,9,0.8335477,0.06546586
5,5,0.9980772,0.0007275441
9,9,0.99976647,6.2073625e-05
8,8,0.9996134,0.00013715918
3,3,0.9982796,0.0010117481
2,2,0.99923784,0.00027646337
7,7,0.88049066,0.062122475
2,2,0.9045121,0.033200126
9,9,0.9999728,8.440932e-06
7,7,0.77183825,0.075314
2,2,0.96293163,0.0152237
1,1,0.99935293,0.00032126025
1,1,0.99941957,0.00027731777
3,3,0.9576742,0.02260999
7,7,0.96117365,0.024536256
5,5,0.9978029,0.0011659168
3,3,0.999468,0.00021608162
1,1,0.99754304,0.00085043686
9,9,0.8383668,0.061165374
8,8,0.99683714,0.0013828409
2,2,0.9999981,8.3584644e-07
2,2,0.9954895,0.0014445602
2,2,0.99990463,4.4256714e-05
8,8,0.9522808,0.019778281
8,8,0.9705614,0.012015599
5,5,0.999972,1.1976664e-05
7,7,0.99911225,0.0005559301
3,3,0.9931105,0.002884761
8,8,0.99984264,7.790676e-05
9,9,0.99982435,4.9840637e-05
8,8,0.71615887,0.06527753
8,8,0.9848436,0.0057259826
6,6,0.8202025,0.06726137
8,8,0.9988591,0.00070990605
2,2,0.9994604,0.0003095029
3,3,0.99466544,0.0024179395
9,9,0.99983025,4.8167167e-05
7,7,0.9969435,0.0019276099
5,5,0.9799013,0.010144915
6,6,0.9936803,0.0039445646
2,2,0.9986246,0.0006114081
9,9,0.99778205,0.00068243395
2,2,0.9985445,0.0008360018
8,8,0.9999067,4.8357462e-05
8,8,0.81042033,0.07178576
1,1,0.9984743,0.00053042057
6,6,0.9887794,0.0056789787
8,8,0.63752407,0.085721806
8,8,0.99972403,0.00011787856
7,7,0.9606293,0.024154812
9,9,0.9270196,0.03233517
1,1,0.9998363,9.66793e-05
8,8,0.9520213,0.021832356
0,0,0.99987715,5.923882e-05
1,1,0.9987694,0.0006063355
7,7,0.98237437,0.01103199
2,2,0.99940073,0.0001600791
0,0,0.9999955,2.6218827e-06
7,7,0.92039716,0.03630212
5,5,0.9785323,0.008975595
1,1,0.9997363,0.00014034819
9,9,0.8551637,0.055639815
0,0,0.999973,1.6021982e-05
2,2,0.7854947,0.085428394
0,0,0.99997586,1.3376732e-05
9,9,0.9939209,0.0028504133
8,8,0.72596234,0.09443187
6,6,0.99879634,0.00063721725
2,2,0.99979365,0.00012708738
3,3,0.9959985,0.002521723
9,9,0.63234633,0.0872079
3,3,0.99911344,0.00044845874
8,8,0.8942173,0.04941742
0,0,0.99988127,5.779271e-05
2,2,0.99648273,0.0014186858
1,1,0.99410963,0.0034992888
1,1,0.99923724,0.00043583772
1,1,0.99982154,7.912954e-05
1,1,0.99841297,0.00066352886
4,4,0.9999835,5.9687973e-06
2,2,0.9741972,0.013474789
9,9,0.9907853,0.0028613354
7,7,0.99986446,7.3807336e-05
2,2,0.91111696,0.041983206
5,5,0.9940726,0.0032989667
1,1,0.96928895,0.017440172
1,1,0.9990975,0.00055402494
2,2,0.99028414,0.0027993734
1,1,0.99969786,0.00017098773
9,9,0.9997431,7.760178e-05
9,9,0.9962643,0.0016800724
9,9,0.9754249,0.009212742
1,1,0.99426544,0.0017499073
0,0,0.9999652,1.3722134e-05
2,2,0.99902,0.00048438326
0,0,0.9999871,6.752365e-06
2,2,0.999012,0.00047589565
1,1,0.9988364,0.0007157887
1,1,0.999303,0.00038458486
4,4,0.98946476,0.0041389773
6,6,0.6482428,0.08715432
4,4,0.9578474,0.019456388
1,1,0.99982023,8.971236e-05
5,5,0.9986843,0.00051534193
4,4,0.99840593,0.0008343792
9,9,0.9999577,1.2414338e-05
7,9,0.9874102,0.0072565614
7,7,0.9941639,0.0036675134
1,1,0.8270624,0.06269763
5,5,0.9999801,9.454518e-06
6,6,0.95109594,0.020775797
2,2,0.9995162,0.00024742872
2,1,0.5315181,0.10216876
2,2,0.99978316,0.00011530011
8,8,0.9076088,0.049156424
0,0,0.99995327,2.5709543e-05
6,6,0.9632453,0.02257667
9,9,0.996093,0.0013313339
6,6,0.5473403,0.106620766
1,1,0.77478653,0.075055756
9,9,0.95025265,0.019771788
7,7,0.9994957,0.00013442432
7,7,0.99714756,0.0017968122
1,1,0.99580926,0.0016556199
4,4,0.9981634,0.0006918152
8,8,0.99984133,7.422378e-05
5,5,0.99999017,4.4954436e-06
3,3,0.9991466,0.00035355706
4,4,0.9934061,0.0022913546
3,3,0.9992832,0.00037548775
4,4,0.9552722,0.010792189
9,7,0.7247722,0.07875431
7,7,0.9825574,0.011009586
5,5,0.9999512,2.047709e-05
0,0,0.99999124,5.3793033e-06
7,7,0.90946484,0.05550704
4,4,0.98501664,0.007867495
8,8,0.9966121,0.0019276927
8,8,0.9986558,0.000608401
1,1,0.96724474,0.02064164
5,5,0.9992401,0.00047938403
3,3,0.9987361,0.0007919873
9,9,0.99986756,6.351494e-05
5,5,0.99997246,9.926194e-06
9,9,0.9999426,1.6995342e-05
7,7,0.90832806,0.045493267
6,6,0.8951027,0.040598467
9,9,0.99995995,1.4313909e-05
0,0,0.9999995,2.87033e-07
3,3,0.98713475,0.007930794
6,6,0.90255946,0.05699835
3,3,0.96153843,0.010508127
9,9,0.9993183,0.00022873632
8,8,0.9998785,7.14657e-05
2,2,0.9933456,0.0029436264
2,8,0.6143476,0.119891025
1,1,0.99970263,0.00015794778
2,2,0.8722435,0.039716817
8,8,0.99973357,0.0001295476
6,6,0.9986682,0.0007986147
8,8,0.9999752,9.328056e-06
5,5,0.99996936,1.5442638e-05
5,5,0.80425775,0.056586772
3,3,0.6182247,0.10416631
9,9,0.99827117,0.00091813673
4,4,0.99994755,1.6791355e-05
9,9,0.99548846,0.0012006036
2,2,0.95515573,0.019198697
5,5,0.9891838,0.0034141007
1,1,0.9599563,0.020599667
5,5,0.85635793,0.05277427
1,1,0.99987257,7.508955e-05
4,4,0.9637458,0.020240193
4,4,0.9999221,2.455127e-05
1,1,0.99962103,0.00013577315
4,4,0.9056958,0.03826073
4,4,0.8546424,0.034411028
3,3,0.9996746,0.00011942743
5,5,0.89621735,0.036370195
9,9,0.9997923,5.4606226e-05
1,1,0.9998845,4.4322594e-05
2,2,0.98278,0.010605564
2,2,0.99944365,0.00034954632
3,3,0.9992074,0.00040054662
3,3,0.97884023,0.010968244
0,0,0.99999887,5.1262873e-07
2,2,0.9997741,0.00011552141
9,9,0.96138066,0.020148687
0,0,0.9999458,2.3782317e-05
0,0,0.9999955,1.6225625e-06
9,9,0.9889635,0.0054442403
9,9,0.91530627,0.04236246
6,6,0.9298455,0.042103585
0,0,0.995405,0.0029036228
9,9,0.98295987,0.0058498746
3,3,0.9995429,0.00028217857
2,7,0.7081344,0.09117477
8,8,0.99894655,0.0006536288
4,4,0.98023576,0.007726538
1,1,0.99939984,0.0003610715
9,9,0.9997535,8.392679e-05
9,5,0.6450077,0.06088724
7,7,0.99980575,0.00011621637
2,2,0.9999545,2.0673742e-05
7,7,0.8449319,0.05953906
9,9,0.99562377,0.0026471303
9,9,0.99889976,0.00052431104
5,5,0.5804199,0.06659668
9,9,0.8923265,0.057380743
5,5,0.9615544,0.017664334
1,1,0.99936324,0.0003360218
1,1,0.9989727,0.00060999143
8,8,0.9964158,0.0022396373
3,7,0.6674196,0.07998939
5,5,0.99995935,2.3147857e-05
1,1,0.99685156,0.0016741185
9,9,0.99808806,0.0009041908
5,5,0.99890625,0.00042320066
3,3,0.8738905,0.04695004
5,5,0.99986017,7.593406e-05
4,4,0.8168663,0.043711096
9,9,0.4957676,0.10429363
5,5,0.9056424,0.03414868
9,9,0.99998903,3.5391731e-06
3,3,0.8875502,0.045933016
1,1,0.9689113,0.016034473
9,9,0.9999841,4.8778775e-06
0,0,0.9999962,1.8629711e-06
9,9,0.92430484,0.027490184
7,7,0.99501115,0.0031394116
5,5,0.8287962,0.065240405
4,4,0.99997175,9.250374e-06
9,9,0.9956929,0.0014143405
2,2,0.99996364,1.8606983e-05
0,0,0.94031525,0.03765909
1,1,0.99951535,0.00029956154
0,0,0.99835885,0.0010245817
5,5,0.9999161,3.471968e-05
1,1,0.9999655,1.5896087e-05
4,4,0.99998665,6.7540545e-06
9,9,0.99927694,0.00024793722
3,3,0.9996292,0.00015171406
3,3,0.9331463,0.03602115
6,6,0.9939891,0.0021669734
1,1,0.99822867,0.0010956663
5,5,0.99992526,2.8205137e-05
2,2,0.8210719,0.06607137
5,5,0.99971515,0.00010838955
2,2,0.99234676,0.0022749256
2,2,0.9999574,1.708244e-05
0,0,0.9999379,3.2156324e-05
9,9,0.8520738,0.048028853
2,2,0.99946344,0.0002558512
6,6,0.99827754,0.0009858271
6,6,0.99983567,9.2157075e-05
0,0,0.9999754,1.2267413e-05
1,1,0.9980925,0.001040394
2,2,0.5668923,0.08950584
0,0,0.9999956,2.272162e-06
3,3,0.99334353,0.0035859377
0,0,0.99964875,0.00021068196
2,2,0.9839386,0.009725338
5,5,0.6404269,0.085253544
5,5,0.99845153,0.0006023663
7,7,0.99998486,6.528023e-06
9,9,0.99980676,4.65961e-05
5,5,0.95095766,0.023915078
5,5,0.98321426,0.007353763
0,0,0.99872845,0.00078784843
8,8,0.99974126,0.000157907
9,9,0.7573204,0.07387562
5,5,0.9998374,5.891796e-05
0,0,0.9995122,0.00021076617
3,3,0.99950695,0.00030484918
2,2,0.9999506,1.49704265e-05
5,5,0.99967164,0.00014498949
9,9,0.67397374,0.06730847
0,0,0.99858725,0.0008078467
8,8,0.9926504,0.0043042046
8,8,0.98901814,0.006356351
4,4,0.9187142,0.041421734
5,0,0.46493274,0.087601125
8,8,0.9994482,0.00024491752
8,8,0.9990896,0.00056019187
4,4,0.9974705,0.0009509685
5,5,0.9999812,9.292265e-06
4,4,0.9999019,4.196225e-05
8,8,0.80103457,0.039232105
5,5,0.99984944,8.255607e-05
4,4,0.98366994,0.004768492
9,9,0.9879594,0.0048637157
2,2,0.7348348,0.07455839
2,2,0.9867902,0.007271444
1,1,0.9998765,6.3930245e-05
2,2,0.9913386,0.0035554457
6,6,0.9998754,4.865278e-05
8,8,0.9957943,0.0026455852
8,8,0.9952072,0.0030178814
7,7,0.892261,0.046541106
0,0,0.9998883,6.847282e-05
3,3,0.90169036,0.049809616
6,6,0.9991757,0.00025861344
6,6,0.9420595,0.025365312
4,4,0.9972267,0.00079989026
3,3,0.9998711,7.276133e-05
8,8,0.999276,0.0003141566
8,8,0.8871293,0.028812777
7,7,0.53381157,0.09003566
2,2,0.99886876,0.00039771624
2,2,0.99934876,0.00038339122
0,0,0.989989,0.0062746457
0,0,0.9999895,6.4658257e-06
9,9,0.79801106,0.042912252
3,3,0.9995848,0.000250125
9,9,0.99942577,0.00019529434
9,9,0.9286946,0.02383421
1,1,0.99387896,0.0028877887
9,9,0.9969262,0.00078709086
8,8,0.9990042,0.0006229413
6,6,0.9998561,6.099666e-05
6,6,0.8333875,0.05778268
4,4,0.9999567,1.8576675e-05
2,0,0.5025555,0.09378175
6,6,0.99998534,5.22497e-06
9,9,0.99806404,0.0010614072
2,2,0.9999982,8.6792863e-07
8,8,0.7132031,0.09317272
5,5,0.99980766,7.028013e-05
4,4,0.9993596,0.00028489865
5,5,0.999176,0.00027741177
7,7,0.9984989,0.0009370167
9,9,0.9985508,0.00028844015
9,4,0.675478,0.07411419
9,9,0.9999548,9.372945e-06
2,2,0.88435185,0.045589127
1,1,0.9882945,0.0058888355
8,8,0.5610732,0.06927471
3,3,0.99993706,3.4772733e-05
4,4,0.9996188,0.00010973129
0,0,0.9999177,5.1557097e-05
7,7,0.7992022,0.060362656
8,8,0.9898593,0.0063315257
3,3,0.70855176,0.07918272
9,9,0.99993163,1.6456539e-05
3,3,0.5200498,0.09746129
4,4,0.9973968,0.00082656706
6,4,0.5992454,0.102905415
5,5,0.9999151,3.7357597e-05
6,6,0.9662442,0.012271689
2,2,0.9999588,1.18537555e-05
3,2,0.5694174,0.11088072
9,9,0.99960023,0.00011988217
2,2,0.99897414,0.0004925763
6,6,0.99973,0.000107747466
0,0,0.9995886,0.00013352234
0,0,0.99935657,0.00039710104
6,0,0.67148197,0.08884659
1,1,0.9998251,8.474062e-05
2,2,0.78596973,0.08552121
8,8,0.9997622,0.00013601773
7,7,0.9998573,5.417007e-05
9,9,0.99968684,0.00010729764
8,8,0.95906705,0.019748453
2,2,0.9993472,0.0003274675
0,0,0.9999291,3.4835313e-05
4,4,0.9929577,0.0024956665
7,7,0.9996188,0.00023851232
7,7,0.9985237,0.0009239231
5,5,0.9993963,0.00036399608
0,0,0.9999903,5.896203e-06
5,5,0.99977875,7.916474e-05
6,6,0.9999081,3.129267e-05
4,4,0.9990907,0.0003495483
6,6,0.9022228,0.05295341
7,7,0.9996315,0.00021876363
4,4,0.9999711,1.2186522e-05
3,3,0.98862237,0.002494509
0,0,0.99976027,0.00013497108
7,7,0.947278,0.03328588
5,5,0.9957139,0.0013850855
0,0,0.99978256,0.00013700263
7,7,0.9923541,0.004759343
4,4,0.9986886,0.00033261406
2,2,0.999437,0.00021466325
0,0,0.9655935,0.019526793
8,8,0.99893963,0.00066172436
9,9,0.9843885,0.0052540237
9,9,0.9899538,0.0031801052
4,4,0.99997866,6.15165e-06
2,2,0.99687654,0.00077727286
4,4,0.99975383,9.2259565e-05
6,6,0.99991953,3.2437532e-05
7,7,0.99983215,0.00010113705
8,8,0.9999954,2.1130847e-06
7,7,0.7768926,0.08598174
6,6,0.86265147,0.07020945
9,9,0.9693519,0.016829282
4,4,0.9990759,0.00044503965
1,1,0.997676,0.00086147385
3,3,0.9958247,0.0024048819
7,7,0.99861395,0.0008711122
3,3,0.86301935,0.041808568
0,0,0.99998796,5.062636e-06
8,8,0.9938223,0.0038893023
8,7,0.6146947,0.08161507
7,7,0.90140784,0.05779016
6,6,0.99914473,0.0003398564
9,9,0.6478722,0.09112459
3,3,0.99764144,0.0014482195
9,9,0.9999859,4.393443e-06
2,2,0.8872444,0.050024025
2,2,0.8895868,0.041844208
9,9,0.94786423,0.01539644
2,2,0.98827267,0.007136444
1,1,0.76300484,0.0911176
8,8,0.9977304,0.0013644703
3,3,0.8922327,0.05394739
2,2,0.99931824,0.00026739697
9,9,0.9103945,0.02182218
6,6,0.99961346,0.00023844911
8,8,0.9998003,0.000115842515
4,4,0.9940015,0.0022306005
0,0,0.9716319,0.015341878
1,1,0.992912,0.0039319033
2,2,0.99997914,1.13542155e-05
8,8,0.99998885,6.6706657e-06
4,4,0.99990493,5.223843e-05
5,5,0.99993384,3.626392e-05
2,2,0.97183144,0.010242145
7,7,0.99985826,8.356817e-05
8,8,0.98460543,0.007051263
1,1,0.9995268,0.0002031269
1,1,0.99982005,9.1211594e-05
3,3,0.999804,9.606746e-05
0,0,0.9994731,0.000194497
3,3,0.89121974,0.05233282
5,5,0.99999297,3.1861105e-06
7,7,0.99992543,2.7760983e-05
0,0,0.99998057,1.1244355e-05
3,3,0.9997239,0.0001351159
1,1,0.999383,0.00036266242
9,7,0.5288866,0.10592066
3,3,0.9983555,0.0010314217
6,5,0.87568396,0.0382825
3,3,0.9997803,0.00012245591
1,1,0.9990276,0.00044769287
7,7,0.9997635,0.00014840238
7,7,0.899978,0.055358104
3,3,0.9990117,0.0006236781
0,0,0.99999934,2.376909e-07
8,8,0.9999113,5.4964166e-05
4,4,0.99996436,1.26115165e-05
8,8,0.99919826,0.0005015041
2,2,0.9913641,0.003109218
6,6,0.71447194,0.09151392
5,5,0.8913829,0.037408344
2,2,0.9999585,2.3123666e-05
9,9,0.99929094,0.00029083795
7,4,0.6486598,0.07207527
3,9,0.4406206,0.12308911
9,9,0.99967766,8.634813e-05
0,0,0.9955389,0.0020428475
9,9,0.9999336,1.697322e-05
9,9,0.999955,1.4315553e-05
6,6,0.99983203,6.7336776e-05
4,4,0.99977684,8.583676e-05
2,2,0.99918807,0.00042504157
9,9,0.99902785,0.00040998412
7,7,0.99968565,0.00018792911
2,2,0.999642,0.00017484621
1,1,0.8234189,0.074195296
1,1,0.999712,0.00013439104
6,6,0.99707776,0.0017912012
7,7,0.9634506,0.022968527
4,4,0.934996,0.014865035
7,7,0.99624836,0.0023465168
5,5,0.9998493,6.946297e-05
9,9,0.9997202,0.00010031799
6,8,0.81466883,0.042711284
8,8,0.98887825,0.005096276
2,2,0.9999758,1.25653505e-05
1,1,0.9948616,0.0024709685
4,4,0.70291924,0.08153446
4,4,0.9999212,3.853144e-05
5,5,0.9964345,0.0013652446
7,7,0.7727795,0.07220819
6,6,0.98802316,0.0056170924
1,1,0.9982031,0.00070653565
3,3,0.99990654,5.0866405e-05
2,2,0.9988233,0.0006854581
5,5,0.89893496,0.046966527
9,9,0.9944261,0.0022252344
9,9,0.99799365,0.00079435407
3,3,0.9818815,0.0078212
6,6,0.99999255,2.590185e-06
1,1,0.9991476,0.00047983037
1,1,0.99987936,6.641326e-05
4,4,0.99998266,9.004888e-06
6,6,0.9647476,0.021754572
9,9,0.9983819,0.00074892875
7,7,0.9994043,0.0002940568
2,2,0.9732919,0.009870017
1,1,0.9999026,5.1799347e-05
5,5,0.9999685,1.3403811e-05
1,1,0.99611074,0.0015096089
4,4,0.9993801,0.00024069424
6,6,0.99934083,0.00039811042
3,3,0.9995963,0.00025387426
8,4,0.8363021,0.05538579
1,1,0.98911095,0.0062166154
1,1,0.9998609,6.7285895e-05
0,0,0.9885181,0.007058109
3,3,0.995252,0.002841351
1,1,0.99935913,0.0002827695
6,6,0.9977501,0.0013442889
8,8,0.99985564,6.8669855e-05
4,4,0.9999403,2.6538508e-05
9,9,0.99860257,0.0005697111
0,0,0.9999937,3.2147218e-06
7,7,0.99959815,0.00024769944
3,3,0.99739325,0.0014365679
0,0,0.9999881,6.567329e-06
2,4,0.6318742,0.0776799
9,9,0.99993217,2.4130608e-05
0,0,0.9992428,0.00042707875
6,6,0.9998814,5.051617e-05
6,6,0.49859613,0.1024764
6,6,0.8668663,0.06167438
3,3,0.99991494,5.260168e-05
6,6,0.9993951,0.00025078657
7,7,0.99997413,1.27338335e-05
7,7,0.9994699,0.00032470742
2,2,0.9998809,5.710966e-05
8,8,0.99915874,0.00038474382
6,6,0.99971515,0.0001133912
0,0,0.9999855,6.504658e-06
8,8,0.9999369,3.191644e-05
3,3,0.69429755,0.069712445
0,0,0.99999684,1.0984016e-06
2,2,0.999808,6.682087e-05
9,9,0.8817371,0.034800626
8,8,0.9118851,0.054360352
3,3,0.6396704,0.07945864
2,2,0.99882823,0.00064714707
5,5,0.9999844,7.4010554e-06
3,3,0.9970829,0.0015506068
8,8,0.5469631,0.0875445
8,8,0.8159506,0.07856874
0,0,0.99999607,2.0753837e-06
0,0,0.99994546,2.317577e-05
1,1,0.9940754,0.0031787802
9,9,0.99996823,9.124996e-06
5,5,0.99988157,4.6430236e-05
1,1,0.9994364,0.00028090403
3,3,0.9539296,0.026918834
9,9,0.99853086,0.0006079144
6,6,0.9999464,3.0797342e-05
0,0,0.9999962,2.1222509e-06
1,1,0.99943954,0.00033753907
4,4,0.99997854,9.353158e-06
1,1,0.99714965,0.0015183369
7,7,0.9447401,0.034650467
1,1,0.9996287,0.00019538058
2,2,0.9155566,0.035827465
3,3,0.9583578,0.019576335
7,7,0.89426994,0.05857694
9,9,0.99971306,9.808501e-05
7,7,0.99775916,0.0010236766
4,4,0.9997109,0.00011340665
9,9,0.9996778,0.00011246789
9,9,0.9992531,0.00014859482
3,3,0.9995779,0.00023368097
9,9,0.99935627,0.00015036161
2,2,0.9997789,9.578928e-05
8,8,0.9999487,2.921002e-05
2,2,0.9679061,0.014719787
7,7,0.9998385,9.785108e-05
1,1,0.99960214,0.0001793548
8,8,0.9406725,0.03133902
0,0,0.9999752,9.53701e-06
9,9,0.82152176,0.055158027
1,1,0.8882524,0.05796653
0,0,0.9999941,3.4757145e-06
1,1,0.99751854,0.0015418106
7,7,0.9879958,0.0074449135
7,7,0.9999749,1.1295422e-05
9,9,0.855169,0.063171245
6,6,0.9999973,1.0284059e-06
9,9,0.8902942,0.047018006
9,9,0.9999752,9.5350215e-06
9,9,0.9998479,7.616453e-05
2,2,0.9979394,0.0012585534
1,1,0.99909365,0.0005614751
6,6,0.98611486,0.005489009
1,1,0.9992237,0.00041359375
3,3,0.9943892,0.003391954
5,5,0.9998908,5.0133724e-05
7,2,0.8530359,0.05291257
1,1,0.9969616,0.001624619
9,9,0.58016115,0.08392494
7,7,0.98831624,0.006811706
6,6,0.99962044,0.00014761617
4,4,0.9998027,7.484942e-05
5,5,0.99298507,0.0037053477
7,7,0.9688751,0.019522864
6,6,0.9929105,0.0031122267
6,8,0.61278445,0.107865274
9,9,0.9978968,0.00045833233
9,9,0.9993321,0.00027025805
6,6,0.8771618,0.051914804
3,3,0.9998706,5.6323064e-05
6,6,0.9770007,0.013988845
2,2,0.99999666,1.1259979e-06
9,9,0.9998946,3.0432613e-05
8,8,0.9995971,0.00023020012
1,1,0.99925596,0.00040158894
2,2,0.9998785,3.9458322e-05
2,2,0.9976096,0.0011332965
5,5,0.99959165,0.00014410124
5,5,0.9501966,0.0172601
2,2,0.97103655,0.015332339
3,3,0.9989498,0.00058534375
7,7,0.9987963,0.0006090974
2,2,0.9364482,0.03322973
1,1,0.9997824,8.6799635e-05
0,0,0.99999446,2.3430493e-06
1,1,0.9988376,0.0006157883
0,0,0.99595773,0.0023108332
4,4,0.9997112,0.000103108374
5,5,0.98627317,0.005562355
2,2,0.7309409,0.06428112
8,8,0.96076375,0.020540077
2,2,0.9999382,3.241303e-05
8,8,0.9902918,0.0061044237
3,3,0.89924777,0.06152466
5,5,0.9994589,0.00018718056
1,1,0.9996408,0.00015154507
7,7,0.99964046,0.0001896719
8,7,0.7442579,0.083124176
1,1,0.99579823,0.0019579264
1,1,0.9989101,0.00047758082
2,2,0.99966276,0.00019563697
9,9,0.9964113,0.0011323226
7,7,0.956375,0.027524281
8,8,0.99291384,0.0021236395
4,4,0.9229924,0.018868135
0,0,0.99413455,0.0033243205
3,5,0.5352208,0.11108778
0,0,0.9999851,9.307273e-06
7,7,0.93402815,0.03932366
8,8,0.98826444,0.002315859
8,8,0.9949093,0.003111782
4,4,0.99952745,0.00020334005
7,7,0.99498594,0.0018171014
7,7,0.9998244,9.012129e-05
8,8,0.9922069,0.0036560227
5,5,0.9999753,1.1156855e-05
8,8,0.9851574,0.009221224
4,4,0.9444872,0.015845668
9,9,0.9999568,1.30081635e-05
8,8,0.9987801,0.0007139158
1,1,0.9990066,0.0005191116
3,3,0.9790722,0.0055044442
8,8,0.99969304,0.00017181385
0,0,0.99881583,0.00035083396
3,3,0.9994152,0.00036463054
1,1,0.99437284,0.0026100758
7,7,0.99941015,0.0003017793
9,1,0.44023925,0.13259298
5,5,0.99976665,9.289846e-05
5,5,0.962845,0.023064349
1,1,0.99893177,0.00055239105
6,6,0.99916255,0.00047069503
5,5,0.9999771,9.950485e-06
7,7,0.9942039,0.0029206076
4,4,0.9981636,0.0007192918
9,9,0.999945,2.1815375e-05
3,3,0.9997667,0.00011716653
5,5,0.99995214,2.6437188e-05
4,4,0.9999809,6.065595e-06
7,7,0.9994413,0.00030893768
1,1,0.9993218,0.0003122669
2,2,0.9994334,0.00030491722
0,0,0.99991924,4.7705074e-05
8,8,0.9084276,0.055315215
1,1,0.99947006,0.00023701852
6,6,0.99987763,3.671366e-05
0,0,0.99998856,5.552744e-06
7,7,0.99953383,0.0002894931
3,3,0.97080934,0.017934998
4,4,0.9660181,0.014087126
7,7,0.9999835,9.1422335e-06
3,3,0.9076792,0.020540755
9,9,0.9997786,8.631657e-05
6,6,0.99988365,4.6010202e-05
0,0,0.99987775,7.408034e-05
8,8,0.9820758,0.010330946
6,6,0.9635666,0.020479072
4,4,0.99884397,0.00047261003
8,8,0.9999534,2.8904167e-05
7,7,0.9996969,0.00018597292
7,7,0.98532087,0.0045730053
9,9,0.9982955,0.00058385415
3,3,0.9994853,0.00029784528
8,8,0.99226034,0.0044636754
6,6,0.5976217,0.09023529
9,9,0.99933165,0.00020955046
7,7,0.9998356,9.609763e-05
2,2,0.99995744,1.6464193e-05
3,3,0.964217,0.0129395975
4,4,0.99998885,4.9337814e-06
0,0,0.999599,0.0002489482
2,2,0.9999773,1.3257153e-05
1,1,0.9994995,0.0002402111
8,0,0.5664178,0.08933236
3,5,0.7750715,0.06537734
5,5,0.9999693,1.4123771e-05
5,5,0.9998473,8.883882e-05
7,7,0.998552,0.00091270666
2,2,0.9993666,0.0003186881
4,4,0.9998512,5.8309844e-05
6,0,0.80764663,0.075433135
7,7,0.9996319,0.00020572284
2,2,0.9969261,0.0013723164
8,8,0.9997721,0.00013604501
3,3,0.9964174,0.0022208912
0,0,0.999496,0.00026027107
8,8,0.98046666,0.012326744
7,7,0.99997634,8.380141e-06
8,8,0.99919605,0.00042623788
9,4,0.8281433,0.05774604
0,0,0.99957883,0.00023975354
8,8,0.99814427,0.00092863746
4,4,0.9525073,0.018652273
4,4,0.9983524,0.0005368614
5,5,0.9932004,0.0036584784
8,8,0.993605,0.003943569
5,5,0.99063987,0.0055656163
6,6,0.99700814,0.0009731115
6,6,0.99934834,0.00035552616
3,3,0.7950072,0.07605622
0,0,0.99269897,0.00405693
9,9,0.99679804,0.0012107473
3,3,0.96056765,0.01386869
7,7,0.7496544,0.104713395
6,6,0.8417369,0.06542907
8,8,0.81849086,0.06698187
9,9,0.9999191,2.5915162e-05
3,3,0.942371,0.025876101
4,4,0.9633253,0.011261882
9,9,0.999951,1.3178853e-05
5,5,0.9990803,0.00040228915
8,8,0.9997529,0.00015521591
9,9,0.9993827,0.00015670163
1,1,0.99976695,9.7237076e-05
2,2,0.9994527,0.0002524274
8,8,0.99958915,0.0002579297
8,8,0.9993947,0.00037781795
6,6,0.97113055,0.0156110795
8,8,0.9984765,0.0007392178
1,1,0.99971294,0.00012808784
3,3,0.9958107,0.002568289
7,7,0.9980477,0.0009800668
9,9,0.9932636,0.0028253142
0,0,0.98692405,0.008023046
1,1,0.9989703,0.00036423144
1,1,0.9997317,0.000113030525
4,4,0.8997877,0.04243844
7,7,0.9302891,0.043717813
0,0,0.9980711,0.0010373943
8,8,0.94015807,0.034883805
1,1,0.999739,0.0001271995
7,7,0.9995664,0.00027112698
4,4,0.99983513,6.586992e-05
5,5,0.9997136,0.00015610509
7,7,0.9688112,0.019692589
1,1,0.9998782,6.812827e-05
2,2,0.99999416,1.9804713e-06
1,1,0.99967974,0.0001723132
1,1,0.99959266,0.00018169479
3,3,0.91400564,0.05306617
9,0,0.62574136,0.092743225
6,6,0.99812603,0.0008742581
2,4,0.5526557,0.0949694
1,1,0.99961394,0.00019326177
2,2,0.9882885,0.0052263094
8,8,0.94816744,0.01750898
0,8,0.64253426,0.08041675
7,7,0.9553941,0.028132224
6,6,0.89195967,0.05474198
6,6,0.99890566,0.00047190068
9,9,0.9999453,1.6254977e-05
3,3,0.9905345,0.005783661
7,7,0.5921772,0.08290048
0,0,0.9997519,0.00012076208
5,5,0.961131,0.015801625
2,2,0.997588,0.0011005125
8,8,0.94343644,0.028689045
0,0,0.9999776,1.0849302e-05
5,5,0.9999859,6.9360785e-06
4,4,0.9962287,0.0011117796
3,3,0.9947586,0.0031917966
8,8,0.9999213,3.9099727e-05
4,4,0.99608594,0.00182809
6,6,0.92532814,0.04196047
6,6,0.9213703,0.0453704
2,2,0.9997233,0.00016769092
7,7,0.9698719,0.012522099
9,9,0.9997765,7.974186e-05
5,5,0.9999231,2.9717761e-05
1,1,0.9994322,0.0002695147
3,3,0.99358594,0.0024323324
2,2,0.99937505,0.0003463292
4,4,0.99949455,0.00026499626
3,3,0.9611189,0.019102365
6,6,0.9994563,0.00031322247
1,1,0.9921668,0.0030128318
9,9,0.9974125,0.00095488515
4,4,0.94176614,0.018956633
4,4,0.9999825,7.012354e-06
7,7,0.99979514,0.00012767263
6,6,0.9655758,0.020033535
5,5,0.9768101,0.009232612
4,4,0.9999647,1.2401225e-05
1,1,0.987562,0.0061773914
9,9,0.7558896,0.073369615
9,9,0.9999727,6.5698796e-06
2,2,0.99925804,0.00036912662
7,7,0.99002707,0.0052049775
8,8,0.9886988,0.0069643892
0,0,0.99364364,0.002594734
1,1,0.98170364,0.008178884
3,3,0.9993904,0.00028032542
6,6,0.9988057,0.00072259916
1,1,0.99990666,4.233385e-05
3,3,0.9997572,0.00011794807
4,4,0.9579175,0.015786437
1,1,0.99915874,0.00034985668
1,1,0.9998128,0.00010713935
1,1,0.9994397,0.00025148748
5,5,0.9998207,7.983488e-05
6,6,0.94632834,0.021496447
0,0,0.9999703,1.578181e-05
7,7,0.998494,0.00094857643
0,0,0.99135906,0.0044885343
7,7,0.99936086,0.00038808124
2,2,0.7931429,0.0684749
3,3,0.99991894,3.7342437e-05
2,2,0.96194303,0.009091167
5,5,0.97296953,0.011621213
2,2,0.7568267,0.06223744
2,2,0.99984044,6.7207264e-05
9,9,0.99994135,2.4829893e-05
4,4,0.99997807,1.0586327e-05
9,9,0.99979705,8.1166465e-05
8,8,0.9997674,0.00010915527
1,1,0.99960804,0.00018034306
2,2,0.835446,0.06376948
1,1,0.9090363,0.02475528
6,5,0.7760871,0.061374266
1,1,0.999467,0.00032662565
2,2,0.9891251,0.0046914457
7,7,0.99977636,0.00013384088
8,4,0.72166115,0.072181
0,0,0.99997866,1.2299238e-05
0,0,0.9999987,5.926671e-07
0,0,0.9938258,0.0038861774
8,8,0.99972427,0.0001275705
2,2,0.99995244,2.295771e-05
2,2,0.9999873,4.9759005e-06
9,9,0.96201324,0.012013427
2,2,0.9999927,2.270675e-06
2,2,0.99898684,0.00057262654
7,4,0.42623472,0.10356635
9,9,0.99188787,0.0034746327
9,9,0.96828395,0.011880928
2,2,0.9968942,0.001463326
7,7,0.99988776,6.155006e-05
5,5,0.9998266,8.222024e-05
1,1,0.99704057,0.0010816779
3,3,0.9999647,2.1605529e-05
4,4,0.9990786,0.00036922324
9,9,0.99961424,0.00015114217
4,4,0.9997595,0.0001275694
1,1,0.9997307,0.000145731
8,8,0.69007796,0.11148353
5,5,0.998841,0.00059940695
6,6,0.9938606,0.0021449463
2,2,0.93795335,0.020736892
8,8,0.9997589,0.000100896796
3,3,0.99950707,0.0002799694
1,1,0.9992015,0.00032646954
2,2,0.9889921,0.006254874
8,8,0.99995434,1.5753865e-05
4,4,0.99963105,0.0001250004
9,9,0.9880209,0.004402703
9,9,0.56881464,0.08296188
3,8,0.3727016,0.12766123
7,7,0.9987608,0.00078138395
0,0,0.9999727,1.6827555e-05
7,7,0.9991528,0.0003636324
7,7,0.99998015,6.8269255e-06
2,2,0.97524625,0.011911061
3,3,0.9998336,6.3612e-05
2,2,0.88576066,0.034331053
4,4,0.99887383,0.00056422007
0,0,0.9999897,4.6981554e-06
3,3,0.995451,0.0020107743
9,9,0.63367957,0.07740535
9,9,0.99950457,0.00025035714
8,8,0.999966,2.0744581e-05
4,4,0.9999731,1.3579748e-05
1,1,0.99949807,0.00016922955
0,0,0.9992293,0.00046505616
6,6,0.9996602,0.00020455608
0,0,0.9999913,3.7131463e-06
9,9,0.9856905,0.0068565705
6,6,0.99980414,0.00012027861
8,8,0.9993451,0.00022407509
6,6,0.9998315,7.363183e-05
1,1,0.99176615,0.0038913738
1,1,0.99909127,0.00031074634
9,9,0.95169765,0.023343276
8,8,0.9999343,3.3170203e-05
9,9,0.9359414,0.026351959
2,2,0.99417067,0.003601658
3,3,0.99969465,0.00018046235
5,5,0.9998676,4.3728294e-05
5,5,0.9999876,6.777911e-06
9,9,0.99612695,0.0018982909
4,4,0.99994457,3.02668e-05
2,2,0.944135,0.0323543
1,1,0.9990301,0.00048213918
9,9,0.8772308,0.042719774
4,4,0.99989355,5.2544685e-05
3,3,0.99924624,0.00047281611
9,9,0.9998743,3.8124337e-05
6,6,0.99328643,0.0042384313
0,0,0.99999696,1.5930452e-06
4,4,0.9999739,1.2061329e-05
0,0,0.99999607,1.6691068e-06
6,6,0.9997643,0.00013884512
0,0,0.9999855,5.846591e-06
1,1,0.99970406,0.00012652321
2,2,0.9498687,0.029621243
3,3,0.85740787,0.062099896
4,4,0.9999326,3.318277e-05
7,7,0.9973281,0.0014844626
8,8,0.9987397,0.00077408546
9,9,0.99935496,0.00031930645
0,0,0.99999905,3.3495323e-07
1,1,0.99889755,0.00040148845
2,2,0.98654306,0.0072301375
3,5,0.5228522,0.094630815
4,4,0.9988817,0.00042030407
7,7,0.9974041,0.0015757602
8,8,0.9999161,4.1429215e-05
9,9,0.99989605,3.1720436e-05
0,0,0.99997824,8.69574e-06
1,1,0.999533,0.00017519512
2,2,0.93870956,0.031198869
3,3,0.4953423,0.11532234
4,4,0.99998873,3.764709e-06
5,5,0.9933611,0.0025741155
6,6,0.99993485,3.5428428e-05
7,7,0.99925053,0.00045095355
8,8,0.9971756,0.0017712895
9,9,0.9988349,0.00045512672
8,8,0.99413216,0.0037072184
3,3,0.9249295,0.025019735
4,4,0.9997388,9.33489e-05
7,7,0.9997028,0.00017631263
8,8,0.99549514,0.0018280053
6,6,0.9816793,0.008662379
3,3,0.88133115,0.05734365
4,4,0.61030227,0.06639969
0,0,0.9999973,1.4682022e-06
9,9,0.9976107,0.00086498633
7,7,0.9998229,0.000108845416
1,1,0.9990746,0.00040911342
9,9,0.9999367,2.0870008e-05
3,3,0.99217045,0.004360055
8,8,0.9988674,0.0007076838
4,4,0.9999882,4.037398e-06
7,7,0.9994793,0.000309769
3,3,0.5631908,0.116904795
0,0,0.99997795,1.272973e-05
9,9,0.99992067,4.4668584e-05
1,1,0.9993065,0.00037687336
4,4,0.99967754,0.00012637117
5,5,0.99438655,0.0023772563
4,4,0.99801457,0.000507112
6,6,0.99959075,0.00017374603
2,2,0.47531873,0.09686057
0,0,0.99999464,2.4238743e-06
6,6,0.8733989,0.06178801
2,2,0.9999631,2.2537122e-05
1,1,0.99506015,0.002848402
1,1,0.9982796,0.00073733745
1,1,0.98332083,0.00863147
1,1,0.99767673,0.0011854864
7,7,0.9969227,0.0019146439
2,2,0.99998033,1.1122118e-05
4,4,0.9999421,2.9407052e-05
7,7,0.9908947,0.0036876507
5,5,0.9999503,1.9832436e-05
2,2,0.99954224,0.00027765337
9,9,0.9995869,0.0001375477
4,4,0.9999653,1.5058084e-05
5,5,0.99995977,1.703019e-05
8,8,0.9998318,8.916685e-05
4,4,0.99997413,1.1889611e-05
2,2,0.9996872,0.00016598536
9,9,0.99905205,0.00033499612
7,7,0.9995642,0.0002737941
0,0,0.9999436,2.4281617e-05
0,0,0.9999983,8.612998e-07
7,7,0.9998399,9.0845286e-05
5,5,0.9998382,4.981977e-05
1,1,0.9982605,0.0008973783
1,1,0.9995082,0.00020224795
7,7,0.9993557,0.00036186434
6,6,0.999931,3.223455e-05
6,6,0.99801034,0.0012259702
6,6,0.9992609,0.00037244623
8,8,0.9971927,0.001754123
2,2,0.99996644,1.3313438e-05
2,2,0.99997693,1.3387633e-05
7,7,0.95319986,0.02539599
7,7,0.9996381,0.00022140825
4,4,0.9999838,7.194957e-06
0,0,0.9999992,3.4974943e-07
2,2,0.9998555,5.9211416e-05
4,4,0.99999034,3.422998e-06
2,2,0.8017062,0.04918889
1,1,0.99730587,0.0013660933
8,8,0.99951136,0.0002203127
9,9,0.99978334,5.0771643e-05
6,6,0.9994359,0.0003179649
1,1,0.997894,0.0011371846
0,0,0.9999949,2.3591456e-06
5,5,0.9205244,0.032510817
9,9,0.9525871,0.025996983
6,6,0.93483496,0.036483783
9,9,0.9997817,6.186683e-05
8,8,0.8462774,0.060956575
0,0,0.99995834,2.3766594e-05
3,0,0.43754536,0.1458365
0,0,0.9999901,5.071791e-06
8,8,0.9254252,0.030302728
3,3,0.9194729,0.03712212
9,9,0.9931868,0.001484277
6,6,0.9156917,0.042285413
3,3,0.9808707,0.0067584054
0,0,0.9999943,2.3599512e-06
1,1,0.99820757,0.00092405546
2,2,0.9999798,9.811703e-06
3,3,0.9995411,0.00027593208
4,4,0.9993702,0.00029682694
5,5,0.998314,0.0008877419
6,6,0.9998242,8.515186e-05
7,7,0.9963136,0.0023238957
0,0,0.99992096,4.6629804e-05
1,1,0.99943334,0.00023549664
2,2,0.9981367,0.001077309
3,3,0.9996578,0.00020670402
4,4,0.9785606,0.007027815
5,5,0.9999735,1.3966722e-05
6,6,0.9983371,0.00075084256
7,7,0.9987763,0.00077071815
8,8,0.99991196,3.2021508e-05
9,9,0.9994599,0.00013686696
0,0,0.91649544,0.036201872
1,1,0.99948967,0.00023817057
2,2,0.99698365,0.0011104913
3,3,0.9988017,0.0006394946
4,4,0.9998353,8.7916065e-05
5,5,0.9998635,7.709758e-05
6,6,0.9999747,7.54283e-06
7,7,0.9999546,1.849882e-05
8,8,0.9992752,0.00024701617
5,5,0.98416317,0.0063710967
4,4,0.99997616,8.061454e-06
8,8,0.6048046,0.08134474
7,7,0.9926955,0.0041657574
4,4,0.99999046,3.7762918e-06
7,7,0.99993736,3.4845143e-05
7,7,0.9998463,8.2352155e-05
3,3,0.9907862,0.0056774686
9,9,0.9993787,0.00017537495
8,8,0.9225752,0.041125007
8,8,0.9999412,2.4522387e-05
3,3,0.9765307,0.012497408
1,1,0.9988743,0.0005354606
5,5,0.9999882,5.681224e-06
8,8,0.9999398,3.2003132e-05
2,2,0.9992034,0.0002542122
7,7,0.99585724,0.0026055495
4,4,0.99819076,0.00069963967
2,2,0.9986702,0.00080473797
1,1,0.9801302,0.009568619
5,5,0.99931544,0.00035295598
4,4,0.99977225,9.127044e-05
5,5,0.9999178,3.7023892e-05
5,5,0.9999777,1.0073014e-05
8,8,0.99793375,0.001080598
6,6,0.89171106,0.038151942
4,4,0.9999305,3.328066e-05
4,4,0.96490747,0.009625584
4,4,0.9980604,0.0008362159
1,1,0.9990552,0.00033425208
8,8,0.9998349,8.186617e-05
7,7,0.9779686,0.013896359
5,5,0.99997663,1.0609891e-05
5,5,0.99998456,8.5787915e-06
1,1,0.9962991,0.0018431135
8,8,0.96533316,0.012056564
9,7,0.4989265,0.08778471
1,1,0.99705946,0.0010267457
3,3,0.9865056,0.007862134
6,6,0.99781,0.0009189391
3,3,0.9947891,0.0032345857
3,3,0.99752605,0.0013217827
2,2,0.98997736,0.005692746
2,2,0.99634707,0.0016785286
6,6,0.98978966,0.0031436067
9,9,0.9257406,0.035305515
9,9,0.99984694,4.3517804e-05
6,6,0.979424,0.012434655
5,5,0.99859315,0.0005742606
5,5,0.99996376,1.3195671e-05
3,3,0.99968207,0.00016959752
3,3,0.99943906,0.00028614711
8,8,0.99993515,3.446881e-05
1,1,0.9978129,0.0010669127
6,6,0.70650697,0.07282521
5,5,0.99996567,1.0626476e-05
6,6,0.999823,6.327453e-05
8,8,0.93752366,0.030256748
1,1,0.9868585,0.0063834465
9,9,0.9999256,2.6509064e-05
7,7,0.99970055,0.00018557564
6,6,0.99724567,0.0008196736
8,8,0.9873789,0.005629366
3,3,0.9981721,0.0008984098
7,7,0.9951903,0.0030054406
4,4,0.99685526,0.0018582214
7,7,0.99972737,0.00017032772
0,0,0.9999925,4.003072e-06
9,9,0.9957342,0.0020785942
0,0,0.99990433,5.2540632e-05
0,0,0.9970228,0.0011529139
3,3,0.99242747,0.004718283
7,7,0.86463815,0.06462647
9,9,0.9982524,0.00056143466
3,3,0.9995403,0.00018461204
0,0,0.9999992,3.6295404e-07
2,2,0.9804822,0.0074287886
0,0,0.9999572,1.8543225e-05
1,1,0.99853545,0.0006950023
0,0,0.9999927,2.6382793e-06
1,1,0.95183784,0.02526093
0,0,0.9996952,0.00017764655
4,4,0.9999256,3.40284e-05
0,0,0.99990237,5.6375506e-05
1,1,0.98986596,0.0055527957
0,0,0.99999654,1.6253941e-06
4,4,0.9998727,5.4278178e-05
7,7,0.96199095,0.023887841
9,9,0.98016757,0.0047622407
6,6,0.99955237,0.00021101527
2,2,0.9999744,1.2926723e-05
6,6,0.88573563,0.049728688
2,2,0.99981815,6.510101e-05
2,2,0.99977505,7.495264e-05
9,9,0.95733625,0.016079599
9,9,0.97874415,0.008451218
0,0,0.9999318,2.8048866e-05
1,1,0.99978274,9.547195e-05
2,2,0.9998743,4.371021e-05
3,3,0.9950344,0.0019080795
4,4,0.9997841,0.00010441693
5,5,0.9999283,3.9660255e-05
6,6,0.9998552,5.0208793e-05
7,7,0.99947375,0.00033136056
8,8,0.9964967,0.0016344485
9,9,0.99994534,1.7043825e-05
0,0,0.9999938,2.7770834e-06
1,1,0.99793065,0.0010677788
2,2,0.9999865,4.9333134e-06
3,3,0.9667967,0.014272556
4,4,0.99774873,0.0010501773
5,5,0.9999674,1.6766118e-05
6,6,0.9994233,0.00032871828
7,7,0.9939476,0.0037972801
8,8,0.91264516,0.051175185
9,9,0.99718064,0.0013398856
0,0,0.99998313,7.316167e-06
1,1,0.99933445,0.00029966774
2,2,0.9992708,0.0003277072
3,3,0.99890435,0.00047141075
4,4,0.99988,5.4678723e-05
5,5,0.9999744,1.2012022e-05
6,6,0.9913583,0.005248998
7,7,0.9995562,0.00027771053
8,8,0.99509317,0.002989744
9,9,0.8214308,0.049586333
8,8,0.9997603,0.00014486577
0,0,0.9997021,0.00017885529
5,5,0.9998375,7.163104e-05
6,6,0.9994175,0.00020931142
6,6,0.9999096,5.043936e-05
0,0,0.9999981,8.6917873e-07
8,8,0.99973404,0.00012115826
0,0,0.9999722,1.4753532e-05
2,2,0.9996904,0.00015910817
3,3,0.99207336,0.0046905037
7,7,0.95427114,0.027707387
9,9,0.987374,0.004076751
4,4,0.99997234,1.509136e-05
7,7,0.99849147,0.000949721
1,1,0.99971974,0.00013036604
9,9,0.99996024,1.4189462e-05
1,1,0.9996127,0.0001868674
7,7,0.9885627,0.006825027
1,1,0.9994052,0.000262941
4,4,0.99993265,2.7125661e-05
0,0,0.9997673,0.00013188216
0,0,0.9999776,1.2430732e-05
4,4,0.99994403,2.2041657e-05
1,1,0.9987857,0.00051205716
7,7,0.9833028,0.010543599
5,5,0.99996537,1.2621657e-05
7,7,0.9993631,0.00040019763
1,1,0.99906886,0.00039889765
3,3,0.99682534,0.001944396
3,3,0.9907792,0.00434101
3,3,0.98365605,0.007303332
1,6,0.74070174,0.08609428
6,6,0.99923974,0.00040381565
9,9,0.99978036,9.110611e-05
7,7,0.9994084,0.0003690149
4,4,0.9860427,0.008165933
3,3,0.9949336,0.0026271255
0,0,0.99999905,5.488561e-07
2,2,0.99996173,1.6742497e-05
5,5,0.99957114,0.00023631263
2,2,0.99996233,2.0694806e-05
6,6,0.99110067,0.005427
0,0,0.999998,8.0587415e-07
8,8,0.9994877,0.00027736148
9,9,0.99987495,4.3942324e-05
4,4,0.99975955,0.00012373684
3,3,0.9997382,0.0001291502
5,5,0.9999777,9.292626e-06
4,4,0.99995387,1.6013066e-05
8,8,0.996276,0.0019275676
1,1,0.98209846,0.010430232
5,5,0.9999753,1.2766732e-05
9,9,0.9995409,0.00015628706
0,0,0.9999968,1.0627272e-06
6,6,0.9996419,0.00014408432
4,4,0.999956,1.9534738e-05
3,3,0.97074926,0.014736742
6,6,0.99925584,0.00043210393
3,3,0.99644166,0.0014667831
3,3,0.9953742,0.0018085169
8,8,0.99367535,0.0024789446
1,1,0.9902933,0.0053755078
4,4,0.99994993,2.3217202e-05
7,7,0.9994763,0.0003261214
5,5,0.99994105,2.6650636e-05
7,7,0.99984837,9.4848016e-05
2,2,0.9990489,0.00042903743
2,2,0.9999703,1.32099885e-05
0,0,0.99997854,9.753325e-06
0,0,0.99999774,1.116119e-06
1,1,0.9975265,0.0012064384
7,7,0.99951106,0.0002691429
7,7,0.9997282,0.00012188542
9,9,0.9980423,0.0009061888
5,5,0.9998744,6.234659e-05
9,9,0.9999546,1.331117e-05
8,8,0.99996936,1.5179843e-05
9,9,0.999462,0.00018361669
6,6,0.9979412,0.0012738485
8,8,0.9999825,6.4910955e-06
8,8,0.99954396,0.00013945656
2,2,0.99998724,5.436394e-06
3,3,0.99991286,2.6964617e-05
6,6,0.99953306,0.00022001486
1,1,0.99979323,0.00010100469
2,2,0.99999934,2.9786437e-07
9,9,0.9999318,2.7266582e-05
8,8,0.99985486,8.812551e-05
9,9,0.99972934,8.0538506e-05
5,5,0.9995775,0.00020439256
2,2,0.9824622,0.010335142
6,6,0.99790573,0.00090186845
2,2,0.99995244,1.731461e-05
4,4,0.9999343,2.8513325e-05
8,8,0.99213886,0.0034870647
4,4,0.9998995,5.321735e-05
6,6,0.9994227,0.00035175492
5,5,0.9940914,0.0023209972
0,0,0.99979526,7.163022e-05
1,1,0.99900675,0.0004792683
5,5,0.9983673,0.0009902471
6,6,0.86995447,0.0437546
7,7,0.99989146,6.7981564e-05
8,8,0.99908495,0.0005374206
9,9,0.99961203,0.00012597186
0,0,0.999941,3.235085e-05
1,1,0.9621298,0.01809467
2,2,0.99963796,0.00019780555
3,3,0.9995753,0.00021532827
4,4,0.8871681,0.04501024
5,5,0.9978339,0.0010068284
6,6,0.9999687,1.35018445e-05
7,7,0.99990904,5.3584496e-05
8,8,0.9996519,0.0002111678
9,9,0.9993187,0.00026611207
0,0,0.9995018,0.0002522328
1,1,0.99954927,0.00016681824
2,2,0.9939005,0.0028764824
3,3,0.9993461,0.0004119714
4,4,0.99993914,2.5855703e-05
5,5,0.9999285,3.6144676e-05
6,6,0.9953001,0.0024814152
7,7,0.9994241,0.00020718221
8,8,0.9987938,0.0007401708
9,9,0.9203558,0.0267694
7,7,0.9999526,2.8542074e-05
4,4,0.9999627,1.3574065e-05
2,2,0.9993709,0.00022701791
0,0,0.9999987,4.5720054e-07
9,9,0.9940363,0.0017684053
0,0,0.9999994,2.0949169e-07
1,1,0.9833789,0.008469875
5,5,0.9999897,3.506208e-06
8,8,0.9993784,0.0003818778
8,8,0.97997725,0.012641346
0,0,0.99997014,1.8394112e-05
2,2,0.9999979,1.0784843e-06
7,7,0.9998388,0.000100934805
8,8,0.9976223,0.0014976438
4,4,0.99987984,6.991842e-05
4,4,0.99938905,0.00035223406
6,6,0.99998206,6.8952454e-06
1,1,0.99626076,0.0018701414
0,0,0.99999905,5.291064e-07
4,4,0.9999627,1.448551e-05
5,5,0.9995788,0.000223398
3,3,0.9968513,0.0009884172
9,9,0.9988567,0.00043122034
4,4,0.9996149,0.00018946192
2,2,0.99944556,0.00030704742
0,0,0.6012693,0.088366844
5,5,0.99999315,3.2577714e-06
0,0,0.99998397,9.544697e-06
1,1,0.99937,0.00025449946
3,3,0.9993652,0.00034648617
2,2,0.9996791,0.00019196824
9,9,0.99669236,0.0012340682
1,8,0.91023827,0.03631854
6,6,0.99996185,1.3821911e-05
0,0,0.99999654,1.4958148e-06
1,1,0.99705476,0.0010053252
1,1,0.99926555,0.00038303778
8,8,0.9970455,0.0018348485
0,0,0.9999472,3.23256e-05
4,4,0.9901376,0.005796247
7,7,0.99894273,0.0006634278
7,7,0.9998342,0.00010361014
6,6,0.9999911,4.085898e-06
3,3,0.935441,0.037658118
6,6,0.99594104,0.0014264153
0,0,0.9999846,7.97726e-06
7,7,0.999194,0.00048787676
3,3,0.9998177,0.00011486694
5,5,0.99998933,4.5596344e-06
4,4,0.9999728,1.1847415e-05
2,2,0.99998045,1.0332016e-05
4,4,0.99997675,9.859352e-06
1,1,0.9996587,0.000121687815
8,8,0.9909083,0.005733308
3,3,0.99870265,0.0006556625
5,5,0.9999933,2.455317e-06
6,6,0.99999255,2.8499048e-06
7,7,0.99872893,0.00080198643
0,0,0.9999939,2.897076e-06
6,6,0.9999973,9.2070405e-07
7,7,0.99976987,0.00014459055
1,1,0.9990179,0.00052790676
2,2,0.99988496,4.02694e-05
5,5,0.9999838,8.725242e-06
8,8,0.99933004,0.0003463775
1,1,0.99964494,0.0001225926
9,9,0.99976194,0.00010356422
3,3,0.99986917,7.879276e-05
8,8,0.8514513,0.06852943
2,2,0.99996316,1.7015613e-05
8,8,0.88303566,0.05773012
7,7,0.9949091,0.0031425424
6,6,0.9999358,3.2704454e-05
7,7,0.99955046,0.00028225358
1,1,0.99853575,0.00052734226
4,4,0.99995077,2.0558786e-05
6,6,0.99999064,3.956519e-06
2,2,0.99846107,0.00085459964
9,9,0.9980276,0.00074094103
3,3,0.9988882,0.0004985658
0,0,0.99999225,4.380224e-06
1,1,0.9998599,8.2741535e-05
2,2,0.98310995,0.00938377
3,3,0.999823,9.0473695e-05
4,4,0.99966687,0.00015269309
5,5,0.99974287,0.00014273872
6,6,0.9998754,4.3597272e-05
7,7,0.99977636,8.681633e-05
0,0,0.9999984,9.23059e-07
1,1,0.99993837,3.0683586e-05
2,2,0.9992676,0.00044823057
3,3,0.99978256,0.00012142232
4,4,0.9999439,1.9435605e-05
5,5,0.9999077,4.4624445e-05
0,0,0.9999115,3.8027072e-05
1,1,0.9991989,0.00048954145
2,2,0.9990047,0.00058188534
8,8,0.91242677,0.02520758
9,9,0.9948772,0.002050611
1,1,0.99945104,0.00032288043
4,4,0.9935013,0.0022462145
0,0,0.9985779,0.0008123814
9,9,0.9874655,0.005430919
5,5,0.9999102,3.4668563e-05
0,0,0.99995965,2.4121306e-05
8,8,0.92374307,0.03406042
0,0,0.99987334,7.221054e-05
7,7,0.9935191,0.004090735
7,7,0.9983198,0.0010529936
1,1,0.99965537,0.00017898498
1,1,0.9998771,4.9211318e-05
2,2,0.8794242,0.05528764
9,9,0.9879751,0.0063239387
3,3,0.99980164,0.00012349011
6,6,0.97113276,0.011679691
7,7,0.9997357,0.00016420266
2,2,0.99911815,0.00038448448
3,3,0.9976969,0.0014420582
8,8,0.99967766,0.000102854974
1,1,0.99973744,0.00013377788
2,2,0.9729201,0.015982587
9,9,0.99038297,0.0044432604
8,8,0.8665825,0.04711789
8,8,0.9986167,0.0003839427
7,7,0.9999749,1.4746668e-05
1,1,0.99840957,0.0009923048
7,7,0.99981004,8.9588575e-05
1,1,0.99971545,0.0001476756
1,1,0.99901676,0.00060881826
0,0,0.99999666,1.9178992e-06
3,3,0.9997962,0.00012415284
4,4,0.9998697,3.7600832e-05
2,2,0.9944205,0.0023814118
6,6,0.99982154,6.350449e-05
4,4,0.9741007,0.010520872
7,7,0.9960636,0.0018135838
4,4,0.9957546,0.0015309112
2,2,0.997762,0.0013353539
7,7,0.99816525,0.0011557804
4,4,0.9881774,0.006082262
9,9,0.99945897,0.00023184912
1,1,0.99885,0.0006193939
0,0,0.999941,3.0163103e-05
6,6,0.99997425,8.596267e-06
8,8,0.92805576,0.027626226
5,5,0.9999898,3.8551693e-06
5,5,0.9999226,3.3497352e-05
5,5,0.99992704,4.2652122e-05
3,3,0.88335973,0.055703722
5,5,0.9978882,0.00087393215
9,9,0.98553884,0.0067884936
7,7,0.9998065,0.000120966215
4,4,0.9995451,0.00015646906
8,8,0.9996812,0.00011102141
5,5,0.9999668,1.3999999e-05
9,9,0.9981066,0.00055679225
6,6,0.98920155,0.004960019
9,9,0.9991271,0.00025568483
3,3,0.99341726,0.0037855685
0,0,0.9999856,8.190459e-06
3,3,0.99971694,0.00017412011
8,8,0.7210501,0.0860811
9,9,0.9993334,0.00031679514
1,1,0.9962705,0.0023030909
8,8,0.9999434,3.0109713e-05
1,1,0.9992255,0.00045825882
6,6,0.9996768,0.00014314965
0,0,0.9999838,9.613089e-06
0,0,0.9994502,0.00016837864
1,1,0.9930067,0.0031079552
2,2,0.96125966,0.019620767
3,3,0.98866224,0.0061786883
4,4,0.99896777,0.00030917564
5,5,0.9999531,2.1536955e-05
6,6,0.99855834,0.0005726387
7,7,0.8695822,0.06377585
8,8,0.94049865,0.024782367
9,9,0.9999921,2.4905842e-06
0,0,0.99994403,3.3157783e-05
1,1,0.9996649,0.00019178442
2,2,0.98099357,0.009392707
3,3,0.9993227,0.00034825449
4,4,0.9998606,4.6667163e-05
5,5,0.7300752,0.06450524
6,6,0.9999975,1.2205853e-06
7,7,0.98752373,0.0051556374
8,8,0.9941759,0.0027303768
9,9,0.99997044,9.856422e-06
0,0,0.9988532,0.00035790875
1,1,0.9993501,0.00026335713
2,2,0.9890504,0.0064697796
3,3,0.99253464,0.0033462285
4,4,0.99593294,0.0013141688
5,5,0.9999531,2.7776521e-05
6,6,0.9977989,0.0009662778
7,7,0.6187675,0.085082516
8,8,0.99427783,0.002320007
9,9,0.9999732,9.396788e-06
3,5,0.5670861,0.06618796
5,5,0.9998528,7.5936885e-05
3,3,0.9958151,0.002082625
2,2,0.96598643,0.012674758
9,9,0.999959,1.515085e-05
3,3,0.98447096,0.007036937
2,2,0.99293375,0.004174856
1,1,0.99985427,7.0717644e-05
4,4,0.99874485,0.00029891438
5,5,0.9999814,8.5550655e-06
5,5,0.99932194,0.00020747248
2,2,0.7461027,0.07452095
3,3,0.99872,0.00058984134
2,2,0.9984981,0.0007327742
1,1,0.9998029,8.1528575e-05
3,3,0.9998358,6.58505e-05
9,9,0.9997037,0.00010034714
7,7,0.99970925,0.00010322539
2,2,0.9961692,0.0019100023
1,5,0.503524,0.07476582
2,2,0.954436,0.022907011
8,8,0.8509863,0.052155346
9,9,0.9998868,3.763772e-05
1,1,0.9864079,0.008491619
8,8,0.992262,0.002671802
8,8,0.99871796,0.00062021357
7,7,0.9792782,0.007998198
8,8,0.9997872,9.527321e-05
1,1,0.9998438,7.1953415e-05
0,0,0.9999813,7.717577e-06
0,0,0.87957174,0.061286323
7,7,0.8678694,0.05865836
7,7,0.6676284,0.09570707
8,8,0.99418974,0.0035255328
7,7,0.99989635,5.5985496e-05
5,5,0.9999757,1.2489848e-05
0,0,0.9999992,3.908718e-07
6,6,0.998573,0.0006502215
1,1,0.99862444,0.0006671365
5,5,0.9996705,0.0001465355
7,7,0.9989216,0.00039810716
4,4,0.999969,8.195401e-06
6,6,0.9965614,0.0019761752
1,1,0.99965346,0.00016293475
2,2,0.9554974,0.022941219
5,5,0.9999629,1.514553e-05
0,0,0.99999034,4.2812057e-06
7,7,0.99452543,0.0026372145
9,9,0.9999629,1.0065173e-05
9,9,0.99982274,5.9847982e-05
0,0,0.9996277,0.00015538032
3,3,0.94275606,0.02395095
8,8,0.98678476,0.008134194
4,7,0.39979467,0.09996037
4,4,0.9203795,0.021074379
8,8,0.98033893,0.010896162
1,1,0.99984044,7.802095e-05
8,8,0.9882449,0.0050948337
6,6,0.99488944,0.0030391405
5,5,0.9999639,1.3036268e-05
9,9,0.9998849,5.0353847e-05
0,0,0.99999505,2.811214e-06
0,0,0.9999727,1.24323415e-05
0,0,0.99999523,2.4266742e-06
3,3,0.94170105,0.021231573
7,7,0.88104665,0.050073814
1,1,0.9997018,0.00016081588
6,6,0.9980596,0.0008255887
4,4,0.99874604,0.00029464535
2,2,0.99964905,0.00017516121
6,6,0.99924785,0.0004316016
6,6,0.9999617,1.819754e-05
0,0,0.9972383,0.0008769867
4,4,0.9996422,0.00013796792
5,5,0.9999892,5.031611e-06
4,4,0.99915236,0.00022843252
1,1,0.9998544,6.808203e-05
3,3,0.9996913,0.00016600694
8,8,0.99706954,0.0015825282
6,6,0.9999277,2.6152626e-05
3,3,0.9981737,0.001016632
9,9,0.9995592,0.00019022608
9,9,0.9999134,1.623021e-05
5,5,0.99894714,0.00044916058
9,9,0.99995726,2.1537388e-05
3,3,0.99797475,0.0012584138
7,7,0.9986476,0.000760703
8,8,0.9655429,0.021715753
5,5,0.99995995,1.7611208e-05
6,6,0.9987892,0.00044055976
4,4,0.9999334,1.6193351e-05
7,7,0.99771386,0.00085572666
6,6,0.9926432,0.004523219
2,2,0.99775773,0.0013392178
2,2,0.9981226,0.0008171711
0,0,0.99657154,0.0016561132
9,9,0.867901,0.034752373
4,4,0.991584,0.0025117092
0,0,0.9999741,1.3236337e-05
1,1,0.99953234,0.0002444288
2,2,0.9999917,2.768044e-06
3,3,0.99764794,0.0014453519
4,4,0.99987495,4.8524278e-05
5,5,0.999932,3.19486e-05
6,6,0.99853325,0.00039738393
7,7,0.99986583,6.1384206e-05
8,8,0.99978435,0.00013255849
9,9,0.9875463,0.003155062
0,0,0.9544037,0.02598719
1,1,0.99756205,0.0008846374
2,2,0.99994934,2.8361628e-05
3,2,0.41378936,0.10841723
5,5,0.9150934,0.046109624
6,6,0.81524724,0.07151912
0,0,0.9493697,0.03114131
1,1,0.99927205,0.00034185802
2,2,0.9999107,3.480681e-05
3,3,0.99706614,0.0012246874
4,4,0.9998457,7.850595e-05
5,5,0.99963635,0.00017939889
6,6,0.99861526,0.0005866971
8,8,0.99999034,5.3611366e-06
7,7,0.8599825,0.06048711
1,1,0.9942848,0.002577066
3,3,0.99795276,0.0012521055
2,2,0.9997865,0.00010165431
8,5,0.84237945,0.045846663
0,0,0.99523413,0.0029081565
7,7,0.9986504,0.0008440004
5,5,0.9990015,0.00048062787
9,9,0.99659634,0.0012148075
9,9,0.97383225,0.008632946
6,6,0.9999875,5.6643166e-06
0,0,0.99962205,0.00020854753
9,7,0.57329553,0.083905645
4,4,0.9999793,6.8714603e-06
1,1,0.99554193,0.0022893685
3,3,0.9912388,0.005372881
2,2,0.99995136,2.3714692e-05
1,1,0.99700177,0.0015850719
2,2,0.99998915,3.761705e-06
3,3,0.99652445,0.0021302197
8,8,0.99991024,4.822429e-05
3,3,0.9992651,0.0004613407
2,2,0.99999666,1.2122703e-06
6,6,0.9997883,5.7690526e-05
5,5,0.9998288,6.0548315e-05
6,6,0.9988136,0.00040262766
8,8,0.6551944,0.086578324
2,2,0.99999505,2.934484e-06
7,7,0.9890911,0.0054722503
4,4,0.9999793,1.02579925e-05
8,8,0.98908865,0.0050294786
1,1,0.99742633,0.0011292873
8,8,0.9999525,2.7156251e-05
0,0,0.99914217,0.00043347487
5,5,0.9994543,0.00019749261
3,3,0.99952805,0.00028591117
9,9,0.9996042,0.00016989287
4,4,0.9990436,0.00035516257
1,1,0.9992731,0.00043021067
9,9,0.9830351,0.006835998
2,2,0.9999691,1.393064e-05
1,1,0.9943908,0.0030745375
9,9,0.99926054,0.00027776771
6,6,0.99999046,4.566954e-06
7,7,0.99942493,0.00036311644
9,9,0.9997303,8.004086e-05
0,0,0.999993,2.6003238e-06
4,4,0.9999881,5.7339303e-06
6,6,0.9999029,2.8990593e-05
1,1,0.9979123,0.00080442557
7,7,0.999845,9.625103e-05
3,3,0.99997455,1.1567062e-05
8,8,0.9973014,0.001614755
7,7,0.99987733,7.4554104e-05
2,2,0.99781084,0.0013455751
9,9,0.97209424,0.01110003
6,6,0.9117826,0.031675152
5,5,0.99960387,0.0001916638
8,8,0.9999858,7.0790365e-06
3,3,0.99623126,0.002270492
9,9,0.9998661,2.466503e-05
0,0,0.999953,2.6332567e-05
5,5,0.99997073,1.355978e-05
7,7,0.99962777,0.00023354474
1,1,0.9985517,0.00070644973
6,6,0.9997034,0.00014683137
1,1,0.99845314,0.00070977083
0,0,0.99981225,0.00010550822
9,9,0.99978876,7.6244316e-05
3,3,0.9997171,7.922209e-05
3,3,0.99921465,0.0003290929
4,4,0.9998792,4.496063e-05
4,4,0.99995583,1.7949167e-05
0,0,0.9995713,0.00020651743
6,6,0.99984825,6.298452e-05
2,2,0.999966,2.1299038e-05
5,5,0.99884003,0.00050704187
4,4,0.9999272,3.294447e-05
2,2,0.99979717,0.00012075192
3,3,0.87826854,0.05846544
4,4,0.99995595,1.5919077e-05
6,6,0.9993843,0.0002803045
0,0,0.99956095,0.00012839622
0,0,0.99738204,0.0015148607
2,2,0.99998677,7.580672e-06
0,0,0.9974578,0.0013715647
1,1,0.94623786,0.033799537
4,4,0.99472415,0.0021511887
5,5,0.99192536,0.0034630052
6,6,0.99998665,6.495623e-06
7,9,0.48239937,0.09857778
8,8,0.9996096,0.0002450281
9,9,0.99944097,0.00016619856
0,0,0.9994197,0.00019452175
1,1,0.99966335,0.00015656401
2,2,0.99953634,0.00024844
3,3,0.94203043,0.017692942
4,7,0.5909445,0.095594846
5,5,0.99849445,0.00079914613
6,6,0.9999364,3.1585932e-05
7,7,0.9773537,0.011495622
8,8,0.99976426,0.00014348171
0,0,0.99995196,2.6054287e-05
1,1,0.9960678,0.0014332735
2,2,0.9995359,0.0002343478
3,3,0.9998503,7.995275e-05
4,4,0.9998566,5.639615e-05
5,5,0.9999356,2.6673213e-05
6,6,0.99851733,0.00091815164
7,7,0.95602703,0.018593542
8,8,0.9990756,0.0005460145
9,9,0.99983805,7.6008e-05
8,8,0.95286465,0.020435782
7,7,0.80077887,0.07542136
1,1,0.99980175,0.00011938653
3,3,0.9999348,3.2980883e-05
7,7,0.9981209,0.0011808093
5,5,0.94200736,0.023369335
2,2,0.9998779,6.2484796e-05
8,8,0.9993323,0.0004045012
0,0,0.99973476,0.00014646613
7,7,0.99800617,0.0012271194
5,5,0.82747537,0.048171792
9,9,0.89378035,0.04005093
9,9,0.9994626,0.0001819582
0,0,0.9991911,0.00042395183
9,9,0.98092186,0.0072763427
1,1,0.99979913,7.7524324e-05
1,1,0.99748576,0.0015779461
5,5,0.8721738,0.03027826
8,8,0.99982804,7.553114e-05
8,8,0.99856883,0.0006395808
6,6,0.53349644,0.08457044
3,3,0.9978136,0.0012290145
2,2,0.9998565,6.6094566e-05
1,1,0.99962455,0.00022728946
8,8,0.9991242,0.00043728336
3,3,0.7237307,0.074437134
2,2,0.9940631,0.0036192616
6,6,0.99999523,2.3504276e-06
5,5,0.9986412,0.0006595887
6,6,0.9966903,0.0019906838
7,0,0.6871497,0.09511584
4,0,0.62435806,0.10350243
1,1,0.99960345,0.00023304745
0,0,0.98909694,0.005680762
5,5,0.7525163,0.06933185
3,3,0.99996203,1.4731029e-05
1,1,0.99968225,0.00015837699
9,9,0.9999111,3.768842e-05
2,2,0.9996201,0.00014869249
1,1,0.9996642,0.00019459728
9,9,0.9616512,0.013636088
6,6,0.99985313,5.464831e-05
0,0,0.999146,0.00035142337
4,4,0.99994373,2.4626419e-05
6,6,0.9999567,2.4903657e-05
1,1,0.99746495,0.0014187702
7,7,0.9991582,0.00039246687
3,3,0.98304224,0.00827596
8,8,0.9997277,0.00017059749
7,7,0.91972905,0.040963374
2,2,0.99686545,0.0016739278
9,9,0.99954164,0.00013305609
6,6,0.99531955,0.0027751357
5,5,0.9979126,0.0010285648
8,8,0.9919779,0.004962159
3,3,0.9702485,0.013915327
5,3,0.4926795,0.07787946
7,7,0.9589859,0.020503145
1,1,0.99886733,0.0006732247
6,6,0.76205766,0.073259674
1,1,0.99971163,0.000119576056
0,0,0.9797859,0.00852531
9,9,0.9998913,3.1911044e-05
6,6,0.9998906,6.475401e-05
2,2,0.75421005,0.07525684
5,5,0.8538076,0.057904948
4,4,0.9999256,2.3737022e-05
2,2,0.91843253,0.039245035
3,3,0.99997485,1.1585785e-05
4,4,0.53511846,0.0708307
4,4,0.9998366,5.2126146e-05
6,6,0.9989778,0.00043163495
0,0,0.9999874,7.6089905e-06
0,0,0.9999975,1.1380641e-06
2,2,0.9998189,8.424887e-05
0,0,0.99985904,7.398035e-05
1,1,0.9992633,0.00029727907
2,2,0.9198208,0.03963733
3,3,0.91314363,0.035538245
4,9,0.737648,0.05825963
5,5,0.78257835,0.06283918
6,6,0.99859154,0.0006534918
7,7,0.9199877,0.049602814
8,8,0.9976719,0.0013429744
9,9,0.9999939,1.5304529e-06
0,0,0.9999741,1.4695038e-05
1,1,0.99761456,0.0010464014
2,2,0.93670636,0.025278876
3,3,0.8270262,0.058460325
4,4,0.99869335,0.00046557616
5,5,0.9997835,8.8743895e-05
6,6,0.99980927,7.675027e-05
7,7,0.9992696,0.0003832995
8,8,0.9636849,0.022170639
9,9,0.99988157,4.4268327e-05
0,0,0.9999048,5.2543106e-05
1,1,0.99862194,0.0005857129
2,2,0.99999315,3.5628152e-06
3,8,0.7246991,0.071561165
4,4,0.9998989,3.541187e-05
5,5,0.9990112,0.00043710967
6,6,0.99981594,6.3330386e-05
7,7,0.95468485,0.027567113
8,8,0.999184,0.00027857354
9,9,0.98762053,0.0046845963
8,8,0.99981356,8.097561e-05
6,6,0.9431062,0.031724006
5,5,0.97063667,0.012793939
0,0,0.9999107,5.5887056e-05
6,6,0.99615014,0.0018350588
8,8,0.9999404,3.0557298e-05
9,9,0.99999344,2.0877908e-06
4,4,0.98705417,0.0045058914
1,1,0.9990733,0.00040089333
9,9,0.99997866,6.4278292e-06
5,5,0.58412325,0.06963624
3,8,0.6469028,0.07521205
0,0,0.99692357,0.001928932
4,4,0.9750037,0.008599076
8,8,0.9975686,0.0014696866
9,9,0.99998033,5.1368716e-06
1,1,0.99933684,0.0002560263
4,4,0.99175465,0.0030377433
0,0,0.9978797,0.0013320728
5,5,0.61600304,0.06321537
5,5,0.71432894,0.06457148
2,2,0.9448269,0.032840732
1,1,0.9970311,0.0012813964
5,5,0.9920319,0.0036471665
4,4,0.79144806,0.05938337
0,0,0.9979614,0.0012755401
7,7,0.9989995,0.0006079966
6,6,0.99816877,0.0009909273
0,0,0.99674094,0.0020587328
1,1,0.9990792,0.0004136499
7,7,0.97764206,0.013557285
0,0,0.99986917,7.982493e-05
6,6,0.9994396,0.00019258622
8,8,0.9999906,3.972921e-06
9,9,0.85228574,0.061800055
5,5,0.62176955,0.068489194
1,1,0.9994855,0.00024465364
7,7,0.99996996,1.2047745e-05
9,9,0.9996437,9.1271264e-05
8,8,0.99986935,7.889634e-05
6,6,0.94958496,0.022026997
0,0,0.947498,0.033191666
8,8,0.99880964,0.00068247935
1,1,0.9952129,0.0020953133
7,7,0.997141,0.0014302647
7,7,0.99382603,0.0035455928
1,1,0.9968915,0.0013171048
3,3,0.6859252,0.07020636
2,2,0.99996644,1.751494e-05
3,3,0.51287276,0.1022586
1,1,0.9990818,0.0004149753
4,4,0.9994215,0.00021697124
2,2,0.9999925,3.9189954e-06
0,0,0.99772424,0.0009169987
0,0,0.99990416,5.7007983e-05
7,7,0.99806917,0.0012197116
8,8,0.9999849,7.069407e-06
4,4,0.9888059,0.00361351
6,6,0.9933157,0.0029128348
4,4,0.9949935,0.0021739225
9,9,0.99997014,8.737819e-06
3,3,0.3955782,0.09283087
8,8,0.98307645,0.010021646
4,4,0.9986808,0.0004550112
7,7,0.84539783,0.05022151
2,2,0.9654953,0.014860421
5,5,0.87507266,0.047152888
6,6,0.9719604,0.016010609
3,3,0.84498626,0.064322785
6,6,0.9917734,0.004751972
9,9,0.99999106,4.570782e-06
6,6,0.98773974,0.006311974
3,3,0.9381685,0.020543393
2,0,0.5895556,0.08731962
2,2,0.9999717,1.7301534e-05
4,4,0.93473303,0.023661703
6,6,0.9678958,0.013228173
9,9,0.9999655,1.05738145e-05
0,0,0.99514043,0.0030529634
2,2,0.9999298,3.642504e-05
5,5,0.89807814,0.05468439
5,5,0.9993595,0.00034378673
1,1,0.99942416,0.00022943951
3,9,0.5689662,0.0844623
3,3,0.7871994,0.06558092
9,9,0.99998057,7.2417106e-06
7,7,0.994867,0.0032009676
8,8,0.9790255,0.0073709795
7,7,0.9992115,0.0004417301
2,2,0.955009,0.023308042
2,2,0.9998962,5.9470905e-05
5,5,0.8514088,0.05549674
7,7,0.9786399,0.01332376
9,9,0.99997795,5.8664245e-06
8,8,0.9961427,0.0018147363
2,2,0.96959734,0.012011022
1,1,0.9988292,0.0006593087
3,9,0.51876587,0.11316295
1,1,0.9995057,0.0002692271
3,3,0.9423442,0.030414665
0,0,0.99999964,1.17560376e-07
1,1,0.9987016,0.0007345985
2,2,0.93884087,0.030734057
3,3,0.8933212,0.034567967
4,4,0.9998372,6.720115e-05
5,5,0.99986804,8.0015816e-05
6,6,0.9999712,1.3952349e-05
7,7,0.99995935,2.4523726e-05
8,8,0.99964297,0.00017541139
9,9,0.9940664,0.0033360203
0,0,0.9999568,2.4569556e-05
1,1,0.9993057,0.00034005387
2,2,0.9920081,0.0032232753
3,3,0.9317976,0.03630726
4,4,0.998611,0.0006131421
5,5,0.9997913,9.963957e-05
6,6,0.99993277,2.4549769e-05
7,7,0.99997824,1.1088262e-05
8,8,0.9836648,0.008831642
9,9,0.99039525,0.003157643
0,0,0.9999975,1.0524567e-06
1,1,0.9983079,0.000980245
2,2,0.99100006,0.0035677007
3,3,0.9941163,0.002697778
4,4,0.9998533,7.141217e-05
5,5,0.9253529,0.032781385
6,6,0.9999956,2.1623584e-06
7,7,0.9998894,6.9085785e-05
8,8,0.9999784,7.2219054e-06
9,9,0.89835787,0.041170906
1,1,0.9995133,0.000252052
2,2,0.87733924,0.045303665
6,6,0.9999596,1.7259565e-05
5,5,0.9998682,7.139936e-05
3,3,0.98966396,0.0063206637
0,0,0.99999875,6.647351e-07
7,7,0.9992998,0.00030073308
0,0,0.9999973,1.2520434e-06
4,4,0.9995368,0.000268073
1,1,0.95717114,0.022704547
4,4,0.999963,1.6213093e-05
3,3,0.99892884,0.0006496265
6,6,0.99998283,7.5219277e-06
7,7,0.9964733,0.0019225103
2,2,0.95388377,0.027981509
3,3,0.99242765,0.004607915
1,1,0.9972412,0.0011517021
2,2,0.9991311,0.00023009027
1,1,0.9996338,0.00015223425
2,2,0.9916153,0.003610785
9,9,0.99728477,0.0009217894
6,6,0.9998434,6.8012094e-05
0,0,0.99999917,4.4773256e-07
1,1,0.99876964,0.000482928
3,3,0.9994893,0.0003118402
0,0,0.99999124,4.748228e-06
2,2,0.9794323,0.011445845
7,7,0.99984425,9.792442e-05
5,5,0.99974823,9.518544e-05
7,7,0.9959289,0.0024751972
6,6,0.99999505,2.0935638e-06
2,2,0.9995796,0.00021107898
9,9,0.9994863,0.00020139152
1,1,0.99964964,0.00018970126
9,9,0.99984676,6.863201e-05
0,0,0.99999344,3.3498131e-06
6,6,0.999936,2.3415942e-05
0,0,0.99999666,1.3135051e-06
6,6,0.999976,8.965433e-06
0,0,0.99999905,4.434866e-07
2,2,0.998724,0.0006080534
0,0,0.9999994,3.1824632e-07
6,6,0.99930143,0.00042801638
1,1,0.99853456,0.00083779934
5,5,0.9999749,9.810725e-06
8,8,0.9998344,7.458617e-05
4,4,0.9999134,3.9526552e-05
3,3,0.91260064,0.04612615
0,0,0.9999989,4.9401615e-07
1,1,0.9993389,0.00035394722
5,5,0.99990225,4.0588202e-05
4,4,0.9999838,6.545312e-06
4,4,0.9995629,0.00026675
8,8,0.99998105,8.960086e-06
5,5,0.9991123,0.0004930241
7,7,0.99990064,5.508393e-05
5,5,0.9999815,8.342589e-06
7,7,0.9932822,0.0041850717
8,8,0.9999827,7.652841e-06
3,3,0.99773586,0.0014028169
4,4,0.9999693,1.5158439e-05
8,8,0.9998919,3.955101e-05
8,8,0.99996626,1.5321584e-05
5,5,0.9999962,1.6619728e-06
2,2,0.9997533,0.00012735827
9,9,0.9949182,0.0015849879
7,7,0.993108,0.0029554213
1,1,0.99977434,0.000108667904
3,3,0.97159636,0.009255127
8,8,0.9982463,0.00060331286
1,1,0.9992223,0.00045986092
0,0,0.9999981,9.1406264e-07
7,7,0.9999798,1.031117e-05
5,5,0.9993037,0.0003394656
9,9,0.57655585,0.07612209
6,6,0.99997646,1.04741175e-05
9,9,0.9805023,0.009231711
4,4,0.9999579,1.7567641e-05
7,7,0.9998342,9.0572124e-05
7,7,0.99991685,5.0549326e-05
9,9,0.9086032,0.028238788
9,9,0.8126205,0.051949374
3,5,0.8060371,0.058914386
4,4,0.99997216,1.3839152e-05
4,4,0.99980545,9.432057e-05
3,3,0.9968025,0.0019885576
8,8,0.9986805,0.00050000206
6,6,0.9987756,0.0007573461
2,2,0.94272125,0.03272687
0,0,0.99998903,4.5236566e-06
1,1,0.99848,0.0005619008
2,2,0.99994355,1.9694053e-05
3,3,0.9995538,0.0002775658
4,4,0.9999833,6.605551e-06
5,5,0.9999849,8.745365e-06
6,6,0.9999487,1.6400645e-05
7,7,0.9998682,4.697791e-05
8,8,0.99467933,0.0033505305
9,9,0.9999933,1.8102604e-06
0,0,0.9999954,2.1416477e-06
1,1,0.9988017,0.00056249544
2,2,0.9999908,3.1113207e-06
3,3,0.9993601,0.00029580755
4,4,0.9998701,6.632499e-05
5,5,0.99998426,7.778385e-06
6,6,0.999977,8.888055e-06
7,7,0.999949,2.9999055e-05
8,8,0.9991676,0.00052209024
9,9,0.99990386,3.5353085e-05
0,0,0.9999979,1.2555179e-06
1,1,0.996274,0.00213932
2,2,0.99999744,1.0779135e-06
3,3,0.9971749,0.0011678322
4,4,0.9999466,3.1088828e-05
5,5,0.99996567,1.9603876e-05
6,6,0.99976933,0.00013142909
7,7,0.9997469,0.00011113684
8,8,0.9995297,0.00028962505
9,9,0.9998845,3.287482e-05
0,0,0.99996555,2.1150618e-05
8,8,0.9802002,0.012507084
3,3,0.99888945,0.0006245208
9,9,0.99983156,5.7432433e-05
5,5,0.9993626,0.00034040323
5,5,0.9999962,1.6821866e-06
2,2,0.99998236,5.538039e-06
6,6,0.9999091,3.3872442e-05
8,8,0.99964315,0.0002232882
4,4,0.9998806,6.389641e-05
9,9,0.9999512,1.4947682e-05
1,1,0.999148,0.00042500347
7,7,0.999444,0.00034191774
1,1,0.9993874,0.00021937054
2,2,0.99984425,5.465253e-05
3,3,0.99573433,0.002577593
5,5,0.9890955,0.006467396
9,9,0.9993367,0.00030513576
6,6,0.99986744,4.5963712e-05
9,9,0.9999428,1.6038044e-05
1,1,0.99911374,0.0003554156
1,1,0.99779737,0.0007363745
1,1,0.9996374,0.0001915286
2,2,0.999698,0.0001802308
9,9,0.9933213,0.0031992786
5,5,0.999942,3.5510784e-05
6,6,0.99700946,0.0010983173
8,8,0.9024975,0.049072854
1,1,0.999468,0.00020798913
2,2,0.99999464,2.9098105e-06
0,0,0.99960786,0.00019104945
7,7,0.9891718,0.004280159
7,7,0.851589,0.047586717
5,5,0.9996684,0.00017684081
8,8,0.9982889,0.0009763942
2,2,0.9999692,1.116121e-05
9,9,0.99986875,4.750699e-05
8,8,0.99829686,0.0010555636
9,9,0.9879627,0.0060898517
0,0,0.99996865,1.5694113e-05
4,4,0.9999852,6.3774105e-06
6,6,0.99874365,0.00038727585
7,7,0.99997234,1.6087379e-05
1,1,0.9996228,0.00014204001
3,3,0.99672365,0.0012858604
4,4,0.9999709,1.33623425e-05
5,5,0.99997604,9.151277e-06
6,6,0.99997413,1.0194357e-05
0,0,0.9999963,2.0164352e-06
3,3,0.9910253,0.0040045073
6,6,0.9999164,2.5423582e-05
8,8,0.99364424,0.0039452254
7,7,0.99468315,0.0032066617
0,0,0.9999975,8.400739e-07
4,4,0.9999615,1.8387804e-05
2,2,0.9999918,4.614819e-06
7,7,0.9998903,6.572633e-05
4,4,0.99992716,3.6305482e-05
7,7,0.99746895,0.00091016555
5,5,0.9983715,0.0009978148
4,4,0.9999396,3.1482617e-05
3,3,0.9982659,0.00092231174
4,4,0.99963033,0.00018829576
2,2,0.99990904,3.3326865e-05
8,8,0.9995778,0.00024941794
1,1,0.9994243,0.0002911862
5,5,0.99999285,3.1275504e-06
1,1,0.99796087,0.00092639757
2,2,0.90908635,0.050010186
0,0,0.9999982,7.159238e-07
2,2,0.9996362,0.00013290286
5,5,0.9999862,6.4862797e-06
6,6,0.9995073,0.00025330752
4,4,0.9999747,1.1539176e-05
3,3,0.9997293,0.00016903716
0,0,0.99999857,7.452878e-07
0,0,0.9999894,5.975177e-06
0,0,0.99999696,1.7309907e-06
3,3,0.9967135,0.0018947165
3,3,0.9950403,0.0021884255
5,5,0.99998796,5.958654e-06
7,7,0.99941695,0.00035726567
0,0,0.999992,4.294959e-06
6,6,0.9991306,0.00034107798
4,4,0.99998224,8.659398e-06
8,8,0.9999304,4.269653e-05
8,8,0.9922101,0.0048767067
6,6,0.9920986,0.0044700094
3,3,0.9984659,0.0008920912
4,4,0.9998585,7.893648e-05
6,6,0.99971306,0.00012969653
9,9,0.99902266,0.0004054064
9,9,0.99263,0.0029402804
8,8,0.9994065,0.00037082302
2,2,0.9958296,0.0013825839
7,7,0.9985992,0.0008696949
7,7,0.9998215,0.00011078487
1,1,0.995056,0.0022700739
0,0,0.9999957,2.4720562e-06
1,1,0.99289405,0.0033597052
2,2,0.999077,0.0005223436
3,3,0.99441147,0.0032107024
4,4,0.9999441,2.8697526e-05
5,5,0.999924,2.8281724e-05
6,6,0.9998423,6.501015e-05
7,7,0.99987715,6.8417066e-05
8,8,0.99995136,2.2961689e-05
9,9,0.99997014,8.743821e-06
0,0,0.99999714,1.3536954e-06
1,1,0.99837667,0.00079894206
2,2,0.9999982,1.0058476e-06
3,3,0.9985283,0.00060860114
4,4,0.99759877,0.0010721565
5,5,0.99970466,0.00016802715
6,6,0.9999833,6.607325e-06
7,7,0.9987856,0.0007180772
8,8,0.99993455,2.8285463e-05
0,0,0.9999873,5.8207133e-06
1,1,0.99856436,0.00074232626
2,2,0.9999296,4.174433e-05
3,3,0.99961555,0.0001265281
4,4,0.999821,8.359786e-05
5,5,0.99984276,6.9014255e-05
6,6,0.99979085,8.64161e-05
7,7,0.99980783,0.00011752315
8,8,0.9998636,8.331556e-05
2,2,0.99416924,0.0036827375
1,1,0.99984854,6.0628274e-05
7,7,0.999973,1.559567e-05
2,2,0.999945,2.478633e-05
5,5,0.9999859,5.709114e-06
0,0,0.99988985,5.316552e-05
8,8,0.9781674,0.013110133
0,0,0.99362993,0.0033711263
2,2,0.99991953,4.5980425e-05
7,7,0.99998635,5.991572e-06
8,8,0.98114157,0.009174911
8,8,0.99903667,0.00045672883
3,3,0.89970505,0.058828928
6,6,0.9999509,1.952259e-05
0,0,0.99993324,3.484041e-05
2,2,0.9950635,0.0017330447
7,7,0.99922955,0.0003281529
6,6,0.99997693,8.490734e-06
6,6,0.9999924,4.4359376e-06
1,1,0.9993288,0.0003043345
2,2,0.9996607,0.00020502301
8,8,0.9937582,0.0038133054
8,8,0.876299,0.045560494
7,7,0.99969167,0.00014333171
7,7,0.9997641,0.00014847217
4,4,0.9999744,1.2835546e-05
7,7,0.9998002,7.8662284e-05
7,7,0.99989736,5.5003264e-05
3,3,0.9989457,0.00065379974
7,7,0.9999579,2.5364348e-05
4,4,0.99981964,6.67139e-05
5,5,0.9999692,1.503635e-05
4,4,0.99982136,9.307366e-05
3,3,0.98011035,0.010140023
3,3,0.99980366,0.00012113354
8,8,0.9989872,0.0006149885
4,4,0.9985138,0.00078117475
1,1,0.9996573,0.00017673147
1,1,0.9998576,7.245511e-05
9,9,0.99986905,5.6091387e-05
7,7,0.9971776,0.0017558694
4,4,0.99974364,0.00010015264
3,3,0.99960977,0.00023482228
7,7,0.9999688,1.329593e-05
3,3,0.9990593,0.00031582793
3,3,0.9992177,0.0004917254
0,0,0.9995138,0.00030131682
2,2,0.9968068,0.0019204558
5,5,0.99992144,3.6272253e-05
5,5,0.9978696,0.0012159039
6,6,0.99977434,7.961853e-05
6,6,0.9996065,0.000170692
3,3,0.7753436,0.06742181
5,5,0.8936882,0.03650846
2,2,0.87003297,0.06258636
5,5,0.62450945,0.08936302
9,9,0.99987066,5.298874e-05
9,9,0.99987715,3.4433768e-05
8,8,0.999739,0.00015870166
4,4,0.99997073,8.3054e-06
1,1,0.9995197,0.00027840745
0,0,0.99869835,0.00081705424
6,6,0.9936306,0.0029260223
0,0,0.62669617,0.10697989
9,9,0.9999164,2.815767e-05
6,6,0.9527319,0.02521548
8,8,0.9997997,8.0097365e-05
8,8,0.99968135,0.00016133115
5,5,0.9998784,6.417426e-05
6,6,0.99315673,0.0028294404
1,1,0.9996463,0.00013609599
1,1,0.9994221,0.00025650312
9,9,0.9998722,3.9982566e-05
8,8,0.99952286,0.00028778665
9,9,0.99979436,6.14665e-05
2,2,0.9999404,1.8043076e-05
3,3,0.99984646,7.92446e-05
5,5,0.99997365,1.1861016e-05
5,5,0.99995786,2.0675863e-05
9,9,0.9481465,0.01475054
4,4,0.9994048,0.00017319643
2,2,0.9890169,0.0067917136
1,1,0.99934036,0.00037821534
9,9,0.9999434,2.71095e-05
3,2,0.549786,0.049537268
9,9,0.9919256,0.0031539504
2,2,0.9997529,0.000103981794
0,0,0.9984667,0.0009059501
6,6,0.6606564,0.06882468
0,0,0.88463384,0.057196796
4,4,0.9999951,1.6180971e-06
0,0,0.92769396,0.027484253
0,0,0.9999906,4.076663e-06
1,1,0.98399293,0.0085154055
2,2,0.9999937,2.5626905e-06
3,3,0.99559367,0.0026663404
4,4,0.9999932,2.4895867e-06
7,7,0.9818922,0.01025928
8,8,0.99998033,8.376721e-06
9,9,0.9999448,2.5762856e-05
0,0,0.99997586,1.223698e-05
1,1,0.99806976,0.0010128267
2,2,0.9999577,2.628208e-05
3,3,0.999164,0.00052264705
7,7,0.9942633,0.0028950444
8,8,0.99998724,7.329865e-06
9,9,0.99830455,0.0007189129
0,0,0.9997225,0.00012384611
1,1,0.99141634,0.0046537877
2,2,0.99921,0.00047972333
3,3,0.9998566,8.278945e-05
4,4,0.9999956,1.4588945e-06
7,7,0.99838936,0.0010157994
8,8,0.99992526,4.3611293e-05
9,9,0.9965326,0.0011615446
7,7,0.9759997,0.011804065
3,3,0.6294948,0.08217846
0,0,0.9999979,1.1840772e-06
3,3,0.9990276,0.00058159017
1,1,0.9984496,0.0007394297
8,8,0.9999795,1.1700629e-05
7,7,0.9586088,0.019549575
6,6,0.996576,0.0021310146
4,4,0.999842,4.1694184e-05
0,0,0.99998474,8.474495e-06
2,2,0.99997157,1.6523754e-05
6,6,0.997666,0.0014686661
8,8,0.9999564,2.086325e-05
3,3,0.99462223,0.0031836655
2,2,0.9999153,5.0892e-05
8,8,0.99976385,0.00014460094
1,1,0.99446595,0.0031474691
2,2,0.99999464,3.1718253e-06
0,0,0.9999024,3.544431e-05
7,7,0.8523347,0.0615111
1,1,0.995855,0.002197585
0,0,0.99984294,6.81717e-05
4,4,0.9994148,0.0002677752
4,4,0.9999932,2.4944918e-06
5,5,0.9999844,6.4148526e-06
8,8,0.999994,3.1251489e-06
0,0,0.99998987,5.765605e-06
6,6,0.9910142,0.0054297163
2,2,0.87264556,0.041414715
3,3,0.62996024,0.09335573
1,1,0.9998683,5.6978188e-05
5,5,0.9998795,7.189879e-05
1,1,0.9967767,0.0016734011
8,8,0.99999124,4.306915e-06
5,5,0.99991405,4.373075e-05
9,9,0.9998075,6.442552e-05
4,4,0.9999844,6.4840606e-06
0,0,0.99997234,1.6896987e-05
7,7,0.99834347,0.0008606976
5,5,0.99985874,7.13733e-05
8,8,0.9998288,9.329782e-05
8,8,0.99999124,4.8314623e-06
3,3,0.99497306,0.0029976731
8,8,0.99944735,0.00025841614
9,9,0.99992293,2.2402708e-05
2,2,0.999932,4.264991e-05
6,6,0.9853834,0.007840574
2,2,0.9999684,1.9163897e-05
5,5,0.99999124,2.8830552e-06
3,3,0.99192715,0.0048771603
1,1,0.99869287,0.00066582137
7,7,0.984033,0.009985069
3,3,0.9966304,0.0020646453
9,0,0.5851758,0.092580624
1,1,0.995265,0.0028183563
9,9,0.99620974,0.001401928
9,9,0.99994296,1.9231633e-05
6,6,0.9996619,0.00018685033
0,0,0.9999943,3.4413035e-06
3,3,0.9439082,0.032873023
9,9,0.9960408,0.0020286439
2,2,0.9999136,4.2145683e-05
8,8,0.9970924,0.0016325593
1,1,0.9975238,0.0012687867
4,4,0.9999946,1.7946022e-06
3,3,0.9751275,0.0088785635
5,5,0.9999641,1.4686276e-05
2,2,0.99996585,1.4201195e-05
9,9,0.99994963,1.7435648e-05
2,2,0.9997986,0.00012059639
5,5,0.9997183,0.00013759173
8,8,0.9986795,0.00072150904
9,9,0.9995427,0.00012141586
5,5,0.99995816,1.4837051e-05
0,0,0.99993,3.986239e-05
1,1,0.97724974,0.012939503
2,2,0.94378984,0.01832746
4,4,0.93283683,0.0397738
5,5,0.99834096,0.00073788373
6,6,0.99992716,3.2727465e-05
0,0,0.7711298,0.072780326
1,1,0.9986223,0.00070183387
2,2,0.9999777,9.48709e-06
3,3,0.9880149,0.0073699714
4,4,0.99998075,7.656721e-06
5,5,0.99998176,7.2052535e-06
6,6,0.8470286,0.06514606
7,7,0.99894774,0.00047147935
1,1,0.9998201,7.625285e-05
2,2,0.99999857,6.900948e-07
3,3,0.8920949,0.056731094
4,4,0.9998072,6.509876e-05
5,5,0.9984229,0.0006018359
1,1,0.99918175,0.00047693076
0,0,0.9999217,4.7398942e-05
4,4,0.99994326,3.3278346e-05
5,5,0.99998826,4.7323106e-06
6,6,0.9997036,0.0001031411
6,6,0.99983454,8.864612e-05
3,3,0.9998765,7.326348e-05
4,4,0.9999052,4.6639623e-05
4,4,0.9850923,0.0059196725
2,2,0.9975778,0.0011310898
8,9,0.9686057,0.0085126925
1,1,0.9925966,0.00338199
0,0,0.93563527,0.023979466
6,2,0.771572,0.06224998
4,4,0.98900545,0.0054542744
9,9,0.40809506,0.13221315
7,7,0.9829914,0.008689297
2,2,0.9995945,0.00024142089
3,3,0.9968916,0.0017386948
3,3,0.81880456,0.0731409
9,9,0.95209587,0.012313365
2,2,0.99622786,0.00168554
0,0,0.9999946,3.1153736e-06
9,9,0.5299506,0.074963436
3,3,0.8422467,0.059822153
3,3,0.68047166,0.09368632
9,7,0.9101287,0.037090134
1,1,0.43757153,0.12256111
5,5,0.9949008,0.002396629
2,2,0.52021724,0.11544977
3,3,0.571339,0.08278861
7,1,0.43493718,0.12499295
7,7,0.71726304,0.08875646
8,8,0.9744706,0.015790975
4,4,0.99987966,4.211696e-05
0,0,0.997653,0.001465601
2,2,0.9999874,6.4546425e-06
4,4,0.9999949,2.6699765e-06
0,0,0.9998191,9.039725e-05
2,2,0.99971545,0.000110269735
4,4,0.99997365,1.0641551e-05
7,7,0.99984443,9.7263415e-05
8,8,0.99997264,1.271573e-05
0,0,0.9995917,0.00024523184
7,7,0.98012316,0.012568617
0,0,0.99440575,0.0028083841
6,6,0.9998232,7.000222e-05
9,9,0.99839514,0.0008306046
3,3,0.93372786,0.038084485
2,2,0.99989784,6.304209e-05
8,8,0.9975195,0.0014123546
6,6,0.98611945,0.007920715
0,7,0.9927932,0.0037997656
5,5,0.8644964,0.063279994
7,7,0.8296704,0.06760009
5,5,0.9996602,0.0001573049
1,1,0.96343404,0.02020013
0,0,0.99978817,0.0001303693
8,8,0.9505779,0.018444303
1,1,0.9955746,0.0026128879
6,6,0.7180881,0.06958848
7,7,0.9998496,7.414103e-05
2,2,0.9994122,0.0002694604
9,9,0.63113,0.08822678
7,7,0.96972704,0.016741164
9,9,0.99927443,0.0002462086
5,5,0.98315513,0.0066193826
8,8,0.9815221,0.011471802
6,6,0.81250894,0.06473037
2,2,0.996535,0.0020249942
6,6,0.99972594,7.677972e-05
2,2,0.9999894,3.8263083e-06
8,8,0.9510458,0.029824656
1,1,0.78274214,0.07871519
7,7,0.93518287,0.023682604
5,5,0.99924815,0.00033053762
0,0,0.8878233,0.06300004
1,1,0.9849602,0.006594551
1,1,0.81850225,0.08149335
3,3,0.92203534,0.03243343
8,8,0.3631715,0.11504384
4,4,0.99986506,4.2467414e-05
9,9,0.99966776,8.666631e-05
1,1,0.9794442,0.0128095
8,8,0.9984797,0.0009358254
6,6,0.9998168,8.4532716e-05
8,8,0.9863701,0.008498383
9,9,0.9596553,0.010240569
0,0,0.9999919,3.693638e-06
1,1,0.99815714,0.00066996936
2,2,0.9998088,0.000113327595
3,3,0.41381925,0.10624413
4,4,0.9999629,1.5330066e-05
5,5,0.9998023,0.00012290839
6,6,0.99263555,0.004402896
7,7,0.9998113,0.00011294236
8,8,0.76136863,0.057991557
9,9,0.9987861,0.00034009552
0,0,0.99964696,0.00017269202
1,1,0.9983368,0.0007345916
2,2,0.9828857,0.0056617996
3,3,0.99522,0.002875438
4,4,0.99999046,4.398119e-06
7,7,0.99919015,0.00050788146
8,8,0.9990074,0.0005510208
9,9,0.9839609,0.005297122
0,0,0.58828175,0.10880796
1,1,0.99848384,0.00064537476
7,7,0.99941766,0.00036211204
8,8,0.9842328,0.009495255
9,9,0.99663925,0.0015543073
9,9,0.99846363,0.0007571315
8,8,0.99981344,6.187918e-05
9,9,0.99962014,0.00011414167
8,8,0.9999765,9.782837e-06
4,4,0.9999925,2.6432804e-06
1,1,0.9872414,0.003910057
7,7,0.9355383,0.037168283
7,7,0.99936485,0.00040105605
3,3,0.9770876,0.012085284
3,3,0.99546975,0.0028295857
7,7,0.99974823,0.00015133228
6,6,0.9547893,0.026884193
6,6,0.90695846,0.05007408
6,6,0.9179077,0.045667373
1,1,0.99953425,0.00020149397
9,9,0.99957085,0.0001473977
0,0,0.9996848,0.00016825699
1,1,0.995844,0.0022899292
7,7,0.9994766,0.00032322545
6,6,0.9501937,0.028074186
3,3,0.9960054,0.0021819512
2,2,0.9968934,0.0018430252
1,1,0.9996309,0.00013153817
7,7,0.99918664,0.0005085532
1,1,0.9996401,0.00013853233
3,3,0.97736204,0.014006498
9,9,0.999932,2.8624858e-05
1,1,0.99974793,0.000115542185
7,7,0.9979971,0.0012572042
6,6,0.9992542,0.00044659246
8,8,0.9999852,5.307764e-06
4,4,0.9999898,3.37357e-06
1,1,0.9990053,0.00030900896
4,4,0.99999046,3.5187227e-06
3,3,0.9986061,0.0008662756
6,6,0.89256734,0.053885043
9,9,0.9980375,0.0007223846
6,6,0.9364244,0.031880196
1,1,0.99927485,0.0002003781
4,4,0.9999865,4.161893e-06
4,4,0.999994,2.662193e-06
7,7,0.9998047,0.00011587981
2,2,0.99988395,5.4579665e-05
4,4,0.99996006,2.0564077e-05
4,4,0.9994766,0.00022480122
0,0,0.99999046,4.817294e-06
1,1,0.9996077,0.00014673543
2,2,0.99644166,0.0016267663
3,3,0.9990392,0.0005886708
4,4,0.9999102,4.722189e-05
5,5,0.8996919,0.047074378
6,6,0.9954697,0.0028233968
7,7,0.9790632,0.013013899
8,8,0.9999706,1.3133994e-05
9,9,0.9619764,0.018345267
0,0,0.9999968,1.7163736e-06
1,1,0.99923545,0.00035900078
2,2,0.98703206,0.007276986
3,3,0.99797344,0.0012198122
4,4,0.99975127,0.00014398931
5,5,0.9984163,0.00069589575
6,6,0.9987734,0.00071005465
9,9,0.98115635,0.0074158325
0,0,0.9999994,2.0379814e-07
1,1,0.97367525,0.015116888
2,2,0.9908742,0.0033493962
3,3,0.9452635,0.032576695
4,4,0.9884561,0.0071488707
7,7,0.9651324,0.014375279
8,8,0.8259157,0.060355835
1,1,0.99966544,0.00013154009
3,3,0.9995195,0.0002983731
5,5,0.9992806,0.0003527889
1,1,0.9986083,0.00070637936
7,7,0.9857251,0.006461633
7,7,0.9968446,0.0019698306
2,2,0.8966876,0.037120663
1,1,0.99453104,0.0028774985
4,4,0.99384135,0.0030587516
8,8,0.99272364,0.002648027
3,3,0.99821347,0.0011151109
4,4,0.9972124,0.0014475605
4,4,0.99996364,1.8133154e-05
3,3,0.8087193,0.056486867
9,9,0.54139084,0.092466764
7,7,0.98531216,0.0065677217
4,4,0.99982595,7.4757176e-05
1,1,0.9678693,0.012124393
2,2,0.68309146,0.07670383
3,3,0.845936,0.05435623
5,5,0.7696974,0.07840536
9,9,0.9300078,0.030033689
1,1,0.998628,0.0007214019
6,6,0.5971283,0.067114055
0,0,0.9999299,3.914371e-05
1,1,0.98112756,0.010598403
0,0,0.9999914,5.248371e-06
0,0,0.9999898,3.9417273e-06
2,2,0.9996025,0.00019938254
8,7,0.65883476,0.089103974
7,7,0.9974645,0.0015208528
1,1,0.99864626,0.0006489173
1,1,0.9915312,0.005090186
4,4,0.744169,0.083358094
0,0,0.9999992,2.7235262e-07
4,4,0.9874694,0.0061798203
7,7,0.943406,0.03527739
3,3,0.9998277,0.00010699226
6,6,0.828553,0.0658625
8,8,0.62573534,0.07138139
0,0,0.999996,2.3021114e-06
3,3,0.9995472,0.00028078322
7,7,0.9620613,0.021877145
4,4,0.9393479,0.03467367
0,0,0.99999964,2.0826357e-07
6,6,0.90113294,0.059622597
9,9,0.99458236,0.002281579
2,2,0.9995386,0.00023060366
6,6,0.9296466,0.044193786
5,5,0.96291363,0.020146227
8,8,0.9995476,0.00026465778
6,6,0.999261,0.00044854823
9,9,0.9990927,0.00036622718
0,0,0.9999939,3.175309e-06
4,4,0.95841205,0.02486909
0,0,0.99999934,3.4593307e-07
6,6,0.85707235,0.051671527
1,6,0.4501379,0.1166593
9,9,0.8108276,0.06106447
2,2,0.98682773,0.0054565836
0,0,0.9999468,3.065459e-05
9,9,0.9991482,0.00022273422
5,5,0.9867161,0.005693103
1,1,0.9997195,0.00013697313
3,3,0.999077,0.00054789055
7,7,0.9634204,0.017672712
6,6,0.94750345,0.032761008
9,9,0.98678637,0.0073913718
3,3,0.9996082,0.0002444724
0,0,0.999996,2.3847049e-06
2,2,0.995028,0.001746602
2,2,0.99906605,0.0005100255
0,0,0.9999975,1.3178658e-06
1,1,0.99989575,4.9199287e-05
2,2,0.9899063,0.0061573065
3,3,0.9993061,0.000261391
4,4,0.9987217,0.00040389094
5,5,0.9999738,1.090973e-05
6,6,0.99948186,0.0002971314
7,7,0.99948996,0.00031905234
8,8,0.81452763,0.05241639
9,9,0.9835432,0.0051080408
0,0,0.99999416,3.2040657e-06
1,1,0.99962294,0.00018162647
2,2,0.9997641,8.06568e-05
3,3,0.9881549,0.0056862636
4,4,0.99998933,4.3880063e-06
5,5,0.9999245,3.7430993e-05
6,6,0.99911594,0.00034519966
7,7,0.99989253,6.733689e-05
8,8,0.999428,0.000246192
9,9,0.59277755,0.04863294
0,0,0.9989373,0.0006591463
1,1,0.99804366,0.0011968979
2,2,0.97548187,0.014519615
3,3,0.999802,7.3520794e-05
4,4,0.9999588,1.5513144e-05
5,5,0.99999475,2.5827535e-06
6,6,0.99998647,4.9648165e-06
7,7,0.99961644,0.00024113012
8,8,0.9958151,0.0021828508
9,9,0.93863213,0.02436979
2,2,0.99994403,3.264646e-05
1,1,0.99991894,3.4518664e-05
7,7,0.9998871,7.0094284e-05
2,2,0.9999608,2.1168695e-05
5,5,0.99993926,3.097434e-05
0,0,0.9999833,8.9577825e-06
8,8,0.9915193,0.0051305583
0,0,0.94959486,0.030357694
2,2,0.99897623,0.0005370686
7,7,0.9990078,0.0006257765
8,8,0.99682224,0.001963663
8,8,0.9768982,0.014312428
3,3,0.9982298,0.00069752394
0,0,0.993929,0.0033941101
6,6,0.99998724,6.4156666e-06
0,0,0.99981976,0.00011276362
2,2,0.9958416,0.0024058023
7,7,0.9999156,3.59154e-05
6,6,0.99944174,0.0002036454
6,6,0.76277614,0.07421385
1,1,0.99916744,0.00048793698
2,2,0.99817896,0.0010222963
8,8,0.9993388,0.00040043896
8,8,0.99385625,0.0025349096
7,7,0.99962485,0.00020056036
7,7,0.99670994,0.0020674593
4,4,0.9999113,2.1972462e-05
7,7,0.9931803,0.0034139187
7,7,0.999822,0.00010643925
3,3,0.9537691,0.027749758
7,7,0.999951,1.866846e-05
4,4,0.99998933,4.4875e-06
5,5,0.9999747,1.1067364e-05
4,4,0.9999116,3.3785374e-05
3,3,0.99970293,0.000171739
3,3,0.9996093,0.00016609709
8,8,0.9990759,0.0005558679
4,4,0.99990976,4.4086504e-05
5,5,0.9999751,1.03068e-05
4,4,0.99326336,0.0024191374
1,1,0.9995183,0.00022713546
1,1,0.9997203,0.00015635767
9,9,0.9991719,0.0004192562
7,7,0.9997153,0.00016973611
4,4,0.99778545,0.000808616
3,3,0.9998825,7.287883e-05
7,7,0.99986,8.7634624e-05
3,3,0.99987423,7.818054e-05
3,3,0.99958307,0.00020293405
0,0,0.9998771,7.058184e-05
2,2,0.9965412,0.0016229933
5,5,0.99996215,1.9461317e-05
5,5,0.9997223,0.00015523749
6,6,0.99999726,1.354207e-06
3,3,0.9998854,4.6942958e-05
1,1,0.95421183,0.028378252
5,5,0.9999896,3.582481e-06
2,2,0.9977482,0.0011697842
5,5,0.9988202,0.0005077776
9,9,0.99993515,2.5228544e-05
9,9,0.9998226,7.891025e-05
8,8,0.9999649,1.7790913e-05
4,4,0.9999808,7.3484725e-06
1,1,0.9994303,0.00034706673
0,0,0.9999771,1.3541993e-05
6,6,0.99823684,0.00076639495
0,0,0.91567314,0.053236663
9,9,0.99802196,0.0004941455
6,6,0.99992836,3.1004653e-05
8,8,0.97479075,0.015656436
8,8,0.97833854,0.00928508
5,5,0.99976027,0.00010215456
6,6,0.99867404,0.00068976276
1,1,0.9998492,7.447357e-05
1,1,0.99979687,0.00010924837
9,9,0.99933565,0.00021852316
8,8,0.99985,7.747337e-05
9,9,0.99970186,0.000105615254
2,2,0.9912621,0.0027296976
3,3,0.9999579,2.0313742e-05
5,5,0.99999154,3.8323346e-06
5,5,0.99859446,0.00073971075
9,9,0.99943495,0.00011891455
4,4,0.99492276,0.002385491
2,2,0.97430295,0.009760998
1,1,0.9998541,7.5055475e-05
9,9,0.9825243,0.010125516
4,4,0.9999485,1.835692e-05
9,9,0.99995005,1.4772784e-05
1,1,0.99942935,0.00027013064
3,3,0.9984811,0.0007981416
9,9,0.98116416,0.006752421
2,2,0.9873587,0.0062883757
0,0,0.99470425,0.002574823
6,6,0.9969145,0.0018044248
0,0,0.99520284,0.0026043986
4,4,0.999979,6.702755e-06
0,0,0.9981998,0.001115551
6,6,0.83851653,0.055523507
0,0,0.9997981,8.247816e-05
1,1,0.9996877,0.00014074238
2,2,0.9984375,0.0009456573
3,3,0.9996664,0.00014893997
4,4,0.9999701,1.570389e-05
5,5,0.99992293,3.065743e-05
6,6,0.9999243,2.5929538e-05
7,7,0.9998398,9.746164e-05
8,8,0.99711955,0.0017012889
9,9,0.99415016,0.0017453532
0,0,0.9995742,0.00021737404
1,1,0.9991412,0.00039362613
2,2,0.99973696,0.00016113589
3,3,0.9956953,0.0021325697
4,4,0.99997175,1.0952481e-05
5,5,0.9997846,0.00012383072
6,6,0.9962293,0.0022222328
7,7,0.99659187,0.0018703949
8,8,0.9388992,0.031953372
9,9,0.99992895,2.5821308e-05
0,0,0.9999965,1.9001011e-06
1,1,0.9991994,0.00035896795
2,2,0.99994546,3.3860506e-05
3,3,0.99825317,0.00097418734
4,4,0.999963,1.4596837e-05
5,5,0.99972665,0.00013458509
6,6,0.9995699,0.00025433165
7,7,0.9214786,0.04706369
8,8,0.9999798,1.12170555e-05
9,9,0.99084836,0.0025552374
3,3,0.9986814,0.00082643266
8,8,0.9992374,0.0003657702
0,0,0.99999297,3.6582283e-06
7,7,0.99993354,4.120054e-05
1,1,0.99938536,0.00020533576
0,0,0.9996206,0.0001580539
7,7,0.9999011,6.194018e-05
5,5,0.9982494,0.0010116688
5,5,0.9999099,4.9516755e-05
6,6,0.9993032,0.00027121295
9,9,0.9992406,0.00025754012
0,0,0.99994993,2.8728657e-05
1,1,0.9947367,0.0027017803
0,0,0.9997932,9.076707e-05
0,0,0.95047885,0.030257339
8,8,0.9992067,0.00047345305
3,3,0.9995284,0.00027091027
4,4,0.99997413,1.1000524e-05
3,3,0.9998086,8.40089e-05
1,1,0.99639475,0.0018384669
5,5,0.999818,9.143558e-05
0,0,0.99971116,0.00014236558
0,0,0.99985677,8.982504e-05
9,9,0.9969448,0.00093188614
5,5,0.99749804,0.0009026139
3,3,0.9996373,0.00020644872
4,4,0.9992162,0.0002529417
9,9,0.9986022,0.00068858
3,3,0.99943984,0.00029390954
7,7,0.99494874,0.0031772845
6,6,0.99945134,0.00024289047
9,9,0.9994036,0.0001785816
2,2,0.99914086,0.00037346443
4,4,0.99887145,0.00058173726
5,5,0.9998458,7.974786e-05
7,7,0.9997016,0.00018290963
2,2,0.9999571,2.2223447e-05
6,6,0.99913275,0.00046423855
4,4,0.9999949,1.6005663e-06
9,9,0.9980577,0.0006810158
4,4,0.99901456,0.00032914735
9,9,0.9723648,0.012568777
4,4,0.99931717,0.00023577458
1,1,0.970096,0.015320964
2,2,0.9940711,0.0035090938
2,2,0.99991673,3.0944313e-05
5,5,0.9999294,3.058551e-05
8,8,0.9996187,0.00023419107
1,1,0.9966712,0.0015468827
3,3,0.9996463,0.00018043471
2,2,0.99988395,6.7313944e-05
9,9,0.9999304,2.4777259e-05
4,4,0.99995345,1.7659071e-05
3,3,0.9995593,0.00027663368
8,8,0.9855321,0.006148321
2,2,0.9999591,2.4968904e-05
2,2,0.9999852,7.842117e-06
1,1,0.9988267,0.000631432
2,2,0.9993992,0.00026467646
8,8,0.99076253,0.0057349172
6,6,0.9983858,0.00065598125
5,5,0.99999255,2.9421633e-06
1,1,0.999623,0.0001732719
6,6,0.99987686,6.710382e-05
7,7,0.98650885,0.008449888
2,2,0.9999937,2.6649632e-06
1,1,0.99625844,0.0012673622
3,3,0.99965715,0.0002044636
9,9,0.97500306,0.008616804
3,3,0.99956024,0.00024938668
8,8,0.99993,3.3192013e-05
7,7,0.9997471,0.000110475754
5,5,0.99940825,0.00035408774
7,7,0.99464434,0.0026297267
0,0,0.98206675,0.009301679
7,7,0.99987423,6.738417e-05
4,4,0.99948514,0.00014203515
8,8,0.99997914,1.1302154e-05
8,8,0.9979955,0.0009999785
5,5,0.9999728,1.30308445e-05
0,0,0.9999728,1.0910619e-05
6,6,0.9997708,9.083295e-05
6,6,0.99930954,0.00033207456
3,3,0.99991816,3.336675e-05
7,7,0.99740905,0.0016360004
6,6,0.99998206,8.163127e-06
9,9,0.99561805,0.0020856503
9,9,0.9944584,0.0014034274
4,4,0.99969137,0.00012056673
8,8,0.9988251,0.0005769752
4,4,0.9993885,0.0002005501
1,1,0.9972261,0.001374147
0,0,0.9819042,0.008648166
6,6,0.99523383,0.002894801
6,6,0.998503,0.00089761976
0,0,0.9999901,3.9904708e-06
1,1,0.9996869,0.00013672965
2,2,0.9994094,0.00021574977
3,3,0.99396324,0.0037924324
4,4,0.9999443,2.08455e-05
5,5,0.9997164,0.00015770143
6,6,0.9998194,5.4754833e-05
7,7,0.9998619,8.380677e-05
8,8,0.9842893,0.00991985
9,9,0.99407303,0.0016155697
0,0,0.999987,4.020144e-06
1,1,0.99760133,0.00086888205
2,2,0.9991436,0.00035483052
3,3,0.99934757,0.00037034773
4,4,0.9999426,3.086858e-05
5,5,0.9999062,5.7136884e-05
6,6,0.98972064,0.0064499327
7,7,0.99959767,0.00023604618
8,8,0.9997899,8.338445e-05
9,9,0.99566,0.0015216179
0,0,0.9969266,0.0019315595
1,1,0.99962556,0.00013149616
2,2,0.9958534,0.0019481046
3,3,0.997687,0.001452082
4,4,0.9999588,1.9376977e-05
5,5,0.99954253,0.00019444303
6,6,0.99996626,1.2238847e-05
7,7,0.99941415,0.00029206113
8,8,0.99979603,0.00011056602
9,9,0.9698474,0.010680337
7,7,0.99989575,6.544248e-05
4,4,0.99997556,9.914359e-06
0,0,0.99965554,0.00018377288
4,4,0.999965,1.18784865e-05
0,0,0.99996346,2.1040318e-05
1,1,0.9895484,0.0053532757
7,7,0.99988234,7.2618415e-05
9,9,0.97122467,0.00982318
5,5,0.99968606,9.699071e-05
1,1,0.9995201,0.00024494727
4,4,0.99979556,0.00011127079
2,2,0.99711686,0.0014089515
8,8,0.9992612,0.0002577236
9,9,0.99968624,8.7388595e-05
4,4,0.99991214,4.754363e-05
3,3,0.9985059,0.00093738444
7,7,0.9995224,0.00025692108
8,8,0.9912087,0.005531925
2,2,0.9988276,0.0005718464
4,4,0.9999733,8.080075e-06
4,4,0.9991047,0.0002556512
3,3,0.99887055,0.00071071537
3,3,0.99918544,0.00048985076
6,6,0.99977005,8.679036e-05
9,9,0.9935191,0.0039012905
9,9,0.79033124,0.04779727
5,5,0.99988526,5.5779838e-05
8,8,0.9985255,0.00090234383
6,6,0.99990654,4.0782143e-05
7,7,0.9997672,0.0001451663
0,0,0.9999851,6.446959e-06
6,6,0.9998846,3.934792e-05
8,8,0.9995074,0.0002639095
2,2,0.97248125,0.016223928
6,6,0.9999876,5.0727467e-06
3,3,0.9810537,0.01176651
9,9,0.96933997,0.015062017
3,3,0.99880886,0.00075134466
2,2,0.95056313,0.02649124
8,8,0.9923884,0.0031330176
6,6,0.99909973,0.0003290978
1,1,0.9984905,0.0007351981
7,7,0.99970645,0.00018209813
4,4,0.99998534,5.902857e-06
8,8,0.9998705,6.73009e-05
8,8,0.9965786,0.001479326
9,9,0.9999722,8.25717e-06
0,0,0.99995536,2.3811943e-05
3,3,0.99328566,0.0041732294
3,3,0.9920317,0.0050134794
9,9,0.9997541,8.2601546e-05
0,0,0.9932829,0.0032619773
5,5,0.9999825,7.756369e-06
2,2,0.9897564,0.005494745
9,9,0.99897325,0.00046082112
4,4,0.99967813,9.979178e-05
1,1,0.92044115,0.034654967
0,0,0.99999446,2.4955239e-06
3,3,0.9996883,0.00018849294
7,7,0.999869,8.108531e-05
5,5,0.9999856,7.330696e-06
8,8,0.99629676,0.0017622856
7,7,0.9998374,9.7307035e-05
7,7,0.99967384,0.00020102525
8,8,0.99991256,4.243495e-05
2,2,0.9998845,5.049603e-05
9,9,0.98145324,0.0050425692
7,7,0.99724513,0.0017150004
1,1,0.9959323,0.0021422023
2,2,0.99680483,0.0018457274
6,6,0.9994076,0.00036233125
4,4,0.97673595,0.011436128
2,2,0.9737309,0.01094048
5,5,0.9999491,2.088054e-05
2,2,0.9998511,5.7159737e-05
3,3,0.99680185,0.0019706744
6,6,0.9938776,0.002493678
6,6,0.9999466,1.9549578e-05
5,5,0.9999059,4.9509505e-05
0,0,0.99998486,6.8052095e-06
0,0,0.9984778,0.00067025487
2,2,0.9999962,2.006155e-06
8,8,0.9996762,0.000191739
1,1,0.9990457,0.00046261697
6,6,0.9985722,0.00089030823
1,1,0.9967539,0.0016696133
0,0,0.9999933,2.8736652e-06
4,4,0.9999405,1.9632298e-05
3,3,0.98203576,0.009919541
1,1,0.9907487,0.004436045
6,6,0.99997556,1.2283507e-05
1,1,0.9407352,0.030055204
9,9,0.9999301,2.2905284e-05
0,0,0.9999957,1.9200281e-06
1,1,0.9969603,0.0018905837
4,4,0.99997807,6.149929e-06
5,5,0.99889755,0.00062940596
6,6,0.74849737,0.075009525
7,7,0.9999811,1.1702886e-05
8,8,0.9999458,2.9993564e-05
9,9,0.99528724,0.0012483203
1,1,0.9972147,0.0013111101
2,2,0.99883413,0.00035512
3,3,0.99858886,0.0008478637
4,4,0.99042827,0.002844984
5,5,0.9998468,6.299066e-05
6,6,0.9985884,0.0005616337
7,7,0.9998892,5.832882e-05
0,0,0.99995834,2.537011e-05
1,1,0.99979573,8.6109074e-05
2,2,0.996167,0.0009960082
3,3,0.9985137,0.0008791243
4,4,0.99981135,9.433016e-05
5,5,0.9260974,0.024584437
6,6,0.99527216,0.0024270802
7,7,0.99348277,0.0028579338
8,8,0.9777713,0.007416343
9,9,0.99983674,5.4346805e-05
8,8,0.9987761,0.0005780229
4,4,0.9999798,9.819117e-06
0,0,0.9999588,1.4565025e-05
0,0,0.9999922,4.5296774e-06
7,7,0.98904514,0.0069130706
2,2,0.9994175,0.00022938258
4,4,0.99996173,1.3371425e-05
3,3,0.998421,0.0009928106
8,8,0.65742505,0.07908549
6,6,0.8650665,0.06306104
6,6,0.48621196,0.09137176
3,3,0.9983344,0.0009460603
2,2,0.99065846,0.005810438
6,6,0.9924427,0.0034156102
3,3,0.99590844,0.0025351446
3,3,0.9995912,0.00024864214
0,0,0.5639416,0.116633415
1,1,0.9790742,0.010035039
4,4,0.9999285,4.3880675e-05
7,7,0.9989724,0.0005757323
8,8,0.99357355,0.002325671
0,0,0.9999875,7.028096e-06
3,3,0.99839365,0.00090196513
1,1,0.99971116,9.806531e-05
9,9,0.9651939,0.01030557
0,0,0.9999873,5.903119e-06
1,1,0.9986249,0.0005078054
9,9,0.9995982,0.00012755899
1,1,0.9930975,0.0035489507
2,2,0.9992604,0.00046440455
7,7,0.9992951,0.0004200829
0,0,0.99999285,4.267669e-06
1,1,0.96549207,0.017661205
3,3,0.98784655,0.006111355
8,8,0.99998885,4.3472123e-06
2,2,0.99695176,0.001365945
9,9,0.9955843,0.0018088373
2,2,0.99863183,0.00067502947
7,7,0.9977418,0.0012696421
6,6,0.94833124,0.027038926
5,5,0.9897315,0.0048852903
5,5,0.9714503,0.013188286
9,9,0.9957894,0.0016105631
9,9,0.94758785,0.016707942
8,8,0.9999565,1.5247507e-05
2,2,0.99900925,0.00035777796
9,9,0.9997679,0.00011337744
1,1,0.98208714,0.010091463
3,3,0.94746876,0.027700007
2,2,0.79113233,0.08468132
3,3,0.98884517,0.0066603785
4,4,0.99997014,1.7565515e-05
3,3,0.99926794,0.00027914156
1,1,0.93988216,0.03749195
9,9,0.99953115,0.00019908829
0,0,0.9999875,6.7729466e-06
9,9,0.8583396,0.044617467
3,3,0.9104021,0.050066303
6,6,0.91855556,0.044331275
8,8,0.72532064,0.07862568
7,7,0.96687174,0.020759827
0,0,0.9999968,1.8557955e-06
1,1,0.9909388,0.00374662
0,0,0.99918544,0.00040633752
5,5,0.9997093,0.000105153944
8,8,0.99983996,7.392931e-05
2,2,0.9999897,3.84774e-06
7,7,0.9983152,0.0009478942
7,7,0.75446075,0.07607906
0,0,0.99987304,7.755186e-05
1,1,0.99892414,0.0006714015
2,2,0.9987358,0.00060789235
3,3,0.983359,0.009998493
4,4,0.9999832,7.797379e-06
5,5,0.99984217,9.608776e-05
6,6,0.999273,0.00045266392
7,7,0.96876395,0.019747188
8,8,0.98996955,0.0060011195
9,9,0.9996928,9.002366e-05
0,0,0.99799234,0.0011806092
1,1,0.99964476,0.00018014846
2,2,0.9999424,2.4280782e-05
3,3,0.99912643,0.0005341417
4,4,0.99828637,0.0009407881
5,5,0.99939185,0.0002750187
6,6,0.9999612,1.7824694e-05
7,7,0.9999527,2.767138e-05
8,8,0.99885213,0.00054060825
9,9,0.9999186,2.3485929e-05
0,0,0.9999577,2.5457102e-05
1,1,0.999493,0.0002332407
2,2,0.99679506,0.0019261304
3,3,0.99746454,0.0015817083
4,4,0.9999385,2.1358816e-05
5,5,0.9992728,0.00028937863
6,6,0.9998599,4.7901976e-05
7,7,0.9999679,1.8653718e-05
8,8,0.9998368,7.7912824e-05
9,9,0.9999758,1.0791264e-05
1,1,0.99939585,0.00023253127
7,7,0.99960077,0.0002363923
4,4,0.9999903,4.142051e-06
8,8,0.99974376,0.00011979773
1,1,0.99878234,0.0006411419
5,5,0.9993184,0.00022303395
6,6,0.9999334,2.2024804e-05
5,5,0.99998486,6.497174e-06
7,7,0.9998891,6.584594e-05
2,2,0.9999279,3.4736906e-05
8,8,0.6588886,0.077017695
6,6,0.9972882,0.0014662767
3,3,0.999461,0.00033631394
3,3,0.99974996,0.00015576939
8,8,0.9993142,0.00032599785
6,6,0.9999213,2.6049991e-05
5,5,0.9999682,1.38732985e-05
4,4,0.9999817,9.708526e-06
0,0,0.9997953,0.00012013487
9,9,0.9998522,4.1360618e-05
1,1,0.9985155,0.0006648683
7,7,0.99679005,0.001526922
2,2,0.99986106,6.055443e-05
9,9,0.9994272,0.00025606088
1,1,0.9988375,0.0006846189
5,5,0.9999647,1.526558e-05
1,1,0.99911594,0.00047955778
3,3,0.9976408,0.0014703011
2,2,0.9999798,7.129865e-06
2,2,0.99828595,0.0009772449
3,3,0.9985522,0.0008765307
0,0,0.9996559,0.0001978847
6,6,0.9987017,0.0008063909
4,4,0.9999651,1.4767208e-05
3,3,0.97938764,0.010642365
7,7,0.99220675,0.0048580496
6,6,0.9992121,0.00037005212
9,9,0.9999568,1.0657093e-05
0,0,0.9998387,9.0707224e-05
4,4,0.92123777,0.03175996
8,8,0.96869975,0.018057426
1,1,0.999756,0.000120394034
4,4,0.99997675,1.0023988e-05
0,0,0.9999523,2.9265768e-05
6,6,0.99374324,0.003468095
1,1,0.99795115,0.00071625935
2,2,0.9852988,0.0054846844
6,6,0.9999906,3.7266132e-06
9,9,0.9991428,0.00037013777
2,2,0.98559123,0.0062954663
2,2,0.89958733,0.05052365
3,3,0.9859654,0.008757623
5,5,0.99993724,3.2057425e-05
5,5,0.99989355,5.8539823e-05
1,1,0.9989163,0.0005045558
0,0,0.9979537,0.001197259
7,7,0.99995196,2.8076553e-05
7,7,0.9743932,0.01607899
9,9,0.9995931,0.00020427338
6,6,0.99714124,0.0017932216
2,2,0.99978685,0.00010715493
9,9,0.9998765,4.1888416e-05
4,4,0.9999563,1.4865642e-05
7,7,0.9999534,2.4421333e-05
0,0,0.9652354,0.021439236
2,2,0.9999758,8.427563e-06
3,3,0.99118745,0.0052695363
4,4,0.9999876,4.3433038e-06
0,0,0.9962965,0.002316351
0,0,0.9993622,0.00039142845
8,8,0.9994729,0.00027521636
8,8,0.7500099,0.088429525
8,8,0.99895155,0.00048593362
5,5,0.999959,2.3019082e-05
1,1,0.99939287,0.00029384665
3,3,0.9987265,0.0008032747
7,7,0.98771286,0.007754892
4,4,0.99998456,7.5759135e-06
9,9,0.99971545,0.000111724
8,8,0.9916501,0.002921067
8,8,0.99629706,0.0017688153
9,9,0.9996997,0.00011520109
0,0,0.9974556,0.001593926
9,9,0.9998449,5.1040763e-05
8,8,0.9993148,0.0003615684
9,9,0.98534787,0.008155918
0,0,0.9999894,5.8925475e-06
2,2,0.9944192,0.0034417
6,6,0.9994013,0.00021795064
5,5,0.9999286,4.045033e-05
6,6,0.998345,0.000521613
7,7,0.97214824,0.017557949
4,4,0.99997455,6.9827206e-06
7,7,0.9954378,0.0028417618
5,5,0.99994564,3.207866e-05
4,4,0.9975098,0.0010269044
1,1,0.9985682,0.00072363176
3,3,0.9985712,0.00088629744
5,5,0.9999611,2.0633835e-05
3,3,0.9995121,0.00015322112
1,1,0.9993733,0.00025584112
2,2,0.9992479,0.00043663097
3,3,0.4719326,0.1147634
4,4,0.9997783,7.776171e-05
5,5,0.9996403,0.00011508978
6,6,0.9920273,0.0037662338
1,1,0.9983338,0.0006993809
2,2,0.9997199,8.3039595e-05
3,3,0.9859967,0.007913868
4,4,0.99959123,0.00016580083
6,6,0.99984914,7.876289e-05
0,0,0.9999962,1.5854857e-06
1,1,0.9999515,1.9661155e-05
2,2,0.99802524,0.0010219676
4,4,0.99828863,0.00088256615
5,5,0.99968797,0.00014514284
6,6,0.99804056,0.00071555877
7,7,0.975762,0.01532048
8,8,0.9978426,0.0009372141
1,1,0.92152154,0.03638783
7,7,0.99341106,0.0041402867
2,2,0.9804739,0.0050770435
4,4,0.9999717,1.1329335e-05
1,1,0.99881583,0.0005203109
4,4,0.99630606,0.0014012575
1,1,0.9982117,0.00090501865
4,4,0.99998075,7.0880133e-06
9,9,0.9756998,0.0059865434
6,6,0.9570097,0.026428133
8,8,0.9999754,1.4308453e-05
4,4,0.99993783,2.7253636e-05
5,5,0.9996513,0.0001491752
3,3,0.99974966,0.00013778529
7,7,0.7326633,0.08712588
8,8,0.999934,2.3686345e-05
4,4,0.69095904,0.08545116
3,3,0.99806917,0.0012164211
3,3,0.99543315,0.002786462
5,5,0.99658835,0.0015606212
6,6,0.8790358,0.03997556
7,7,0.94073975,0.037469275
0,0,0.9997923,8.915944e-05
6,6,0.89752376,0.03751381
1,1,0.99927026,0.00035414475
6,6,0.9250819,0.02627351
8,8,0.9330128,0.0249761
7,7,0.9454409,0.03435247
0,0,0.9997789,0.000111513946
1,1,0.95297444,0.014047298
5,5,0.99996126,1.6802747e-05
0,0,0.9999553,2.2242983e-05
8,8,0.99998075,1.0515213e-05
5,6,0.5043787,0.09469591
0,0,0.9999979,9.632439e-07
1,1,0.99987715,5.8522914e-05
5,5,0.9602086,0.020604445
8,8,0.9999272,4.310652e-05
4,4,0.999932,2.5772668e-05
2,2,0.88036233,0.053550113
3,3,0.9998337,9.8288314e-05
9,9,0.9360846,0.029904595
7,7,0.99352694,0.004090151
6,6,0.99957484,0.00018368816
9,9,0.9987339,0.00048779324
1,1,0.97625625,0.013697483
9,9,0.99875385,0.00026099128
0,0,0.9999617,1.9512265e-05
6,6,0.98582923,0.006800444
7,7,0.9996058,0.0002484962
1,1,0.99969757,0.00010650238
2,2,0.9983226,0.001047982
3,3,0.99980086,0.00012165675
9,9,0.99988306,4.732351e-05
2,2,0.86987495,0.064300165
4,4,0.985412,0.007170507
5,5,0.9999628,1.604868e-05
5,5,0.99995196,2.810678e-05
3,3,0.6894275,0.08713235
7,7,0.9663318,0.021276861
5,5,0.9998721,5.6348654e-05
3,3,0.9974617,0.0011721596
1,1,0.9987127,0.0006648285
8,8,0.9861103,0.0077115297
2,2,0.963751,0.020848159
2,2,0.9923438,0.004058489
3,3,0.98836076,0.007335489
0,0,0.9999973,1.202309e-06
2,2,0.9970546,0.0011590244
9,9,0.8903767,0.037222344
4,4,0.9999855,6.028342e-06
9,9,0.9988165,0.00023836768
7,7,0.96680707,0.020973336
0,0,0.997591,0.001444849
2,2,0.80763817,0.044865042
7,7,0.99922025,0.00047949384
4,4,0.9968632,0.001359902
9,9,0.99992645,2.0836414e-05
9,9,0.9999943,1.9701133e-06
2,2,0.9998018,0.00011411247
5,5,0.99949807,0.00020012519
9,9,0.9967459,0.0014166429
8,8,0.9990966,0.00044931768
3,3,0.99986327,8.3427454e-05
8,8,0.9995243,0.00028423758
6,6,0.97728586,0.00755402
7,7,0.9616766,0.024225628
0,0,0.9989728,0.0004834652
0,0,0.99980384,0.00012206331
1,1,0.9950166,0.0023646
2,2,0.9998857,5.3678104e-05
3,3,0.99949396,0.00030750688
4,4,0.9999546,1.8114892e-05
5,5,0.8785841,0.06114803
6,6,0.9986831,0.00070100656
7,7,0.99708974,0.0016672652
8,8,0.95367336,0.019866038
9,9,0.99994886,1.7117749e-05
0,0,0.9999835,9.188969e-06
1,1,0.99920356,0.00039683894
2,2,0.99939764,0.00025862874
3,3,0.99744976,0.0015864922
4,4,0.9999752,8.915467e-06
5,5,0.9984261,0.0006785754
6,6,0.9742524,0.015709762
7,7,0.96107113,0.02272528
8,8,0.7289679,0.096371144
9,9,0.9981729,0.00053944363
0,0,0.99999416,2.900108e-06
1,1,0.97522324,0.01399109
2,2,0.998433,0.00066634396
3,3,0.91934764,0.032504953
4,4,0.99954206,0.00025896198
5,5,0.98174417,0.010130798
6,6,0.9828601,0.010576496
7,7,0.9992882,0.00036891602
8,8,0.9777486,0.013042833
9,9,0.999904,2.3551134e-05
0,0,0.999987,5.6365097e-06
0,0,0.99998933,3.4485572e-06
7,7,0.9621048,0.014539185
2,2,0.9991434,0.00044081436
6,6,0.98593724,0.008465061
5,5,0.9723697,0.01218362
5,5,0.9997015,0.00012432101
3,3,0.9997343,0.00016305645
7,7,0.99608153,0.0024758787
8,8,0.6937152,0.07877227
6,6,0.9982049,0.0009981913
6,6,0.99949026,0.0003077633
6,6,0.9361717,0.03281122
6,6,0.99904567,0.0005915357
4,4,0.9999956,1.5126803e-06
3,3,0.9439624,0.030183027
8,8,0.99515665,0.0014798327
8,8,0.99950695,0.00030800738
3,3,0.9952836,0.0028081788
0,0,0.9999941,2.1247124e-06
1,1,0.98676777,0.0080129
9,9,0.9999577,1.1337851e-05
0,0,0.9991679,0.00032749836
5,5,0.9998156,7.7153454e-05
4,4,0.99979794,9.121831e-05
1,1,0.9993189,0.000317633
9,9,0.99992865,1.8300889e-05
1,1,0.99886644,0.0005797748
2,2,0.9991973,0.00039546136
7,7,0.9007987,0.039307304
0,0,0.99999017,4.4097937e-06
1,1,0.9858373,0.007981697
3,3,0.99257404,0.003913452
8,8,0.9988762,0.00043836058
2,2,0.9989791,0.00040424842
9,9,0.99983644,5.9641745e-05
2,2,0.99961215,0.00019626654
7,7,0.98518354,0.009294631
4,4,0.9995577,0.00016099053
2,2,0.9996886,0.00018628682
6,6,0.9999255,4.486812e-05
5,5,0.99622285,0.0019697114
5,5,0.98425865,0.009542258
9,9,0.99530256,0.0020031563
9,9,0.9959055,0.0011521367
1,1,0.99902517,0.0005127675
1,1,0.9971239,0.0012406161
5,5,0.9979323,0.0012140503
7,7,0.9989824,0.00056657894
6,6,0.9999493,2.8799774e-05
8,8,0.9997857,7.890813e-05
2,2,0.99792165,0.00089041115
9,9,0.9976274,0.0011341933
4,4,0.99998534,5.399323e-06
3,3,0.99811906,0.0011859646
1,1,0.99701357,0.001557426
9,9,0.9998789,3.8680715e-05
0,0,0.9999925,3.6068607e-06
9,9,0.9998051,6.806185e-05
3,3,0.8777882,0.038638383
6,6,0.9999197,3.656795e-05
8,8,0.9965083,0.001652815
7,7,0.99986583,8.324315e-05
0,0,0.99985754,6.391179e-05
1,1,0.99512166,0.002335644
0,0,0.9999754,1.3904307e-05
5,5,0.9964285,0.0020877474
8,8,0.9993197,0.0002612279
2,2,0.9935171,0.0037853208
7,7,0.9954643,0.0028315834
7,7,0.97212553,0.010544804
0,0,0.99999887,6.701015e-07
1,1,0.99953586,0.00015302088
2,2,0.99986935,5.0838767e-05
3,3,0.99742186,0.0014241003
4,4,0.9995373,0.000192163
5,5,0.99975264,0.00010173021
6,6,0.99981105,0.00010845523
7,7,0.9997036,0.00018677398
8,8,0.9994586,0.00031862492
9,9,0.99988145,4.3378437e-05
0,0,0.99984705,7.838505e-05
1,1,0.9997858,0.0001280715
2,2,0.9980524,0.0009484499
3,3,0.95601046,0.023673479
4,4,0.99891865,0.00044664214
5,5,0.99984044,6.521495e-05
8,8,0.99949473,0.0002753699
9,9,0.9990813,0.00022669355
0,0,0.9999989,5.947012e-07
1,1,0.9993304,0.0003887454
2,2,0.9991363,0.0003278373
3,3,0.99858534,0.0008667791
4,4,0.99938124,0.00025171015
5,5,0.99995327,1.462037e-05
6,6,0.99948806,0.0001898951
7,7,0.99965256,0.00021323413
8,8,0.99945974,0.0003033965
9,9,0.99832153,0.0004393495
2,2,0.999853,7.368151e-05
1,1,0.99988544,5.726942e-05
2,2,0.93707514,0.026408639
1,1,0.99679154,0.0017138995
3,3,0.99941885,0.0003024069
9,9,0.9997997,4.758528e-05
9,9,0.8546108,0.057939194
8,8,0.97789687,0.013946028
5,5,0.99760354,0.00095523696
3,3,0.99974954,9.089979e-05
7,7,0.99987185,6.155032e-05
0,0,0.99986887,4.874896e-05
7,7,0.99931306,0.00042698038
7,7,0.9807175,0.012185757
5,5,0.99991083,3.148746e-05
7,7,0.99959886,0.0002525886
9,9,0.9371632,0.024865974
9,9,0.9972903,0.000867684
4,4,0.99979687,8.042852e-05
7,7,0.99961174,0.00024508516
0,0,0.99997485,1.2537295e-05
3,3,0.99702424,0.0014514382
4,4,0.999866,5.3460877e-05
1,1,0.99716824,0.0017742853
5,5,0.99987495,6.5111926e-05
8,8,0.99986506,7.4387484e-05
1,1,0.9971,0.0017633687
4,4,0.9999938,2.1979668e-06
8,8,0.99956477,0.00026600863
4,4,0.9948471,0.0020372882
1,1,0.99964446,0.0001307873
8,8,0.9987939,0.00071566616
6,6,0.99994886,2.2938346e-05
6,6,0.99957955,0.00016899007
4,4,0.999946,2.1230275e-05
6,6,0.99860746,0.0006108114
0,0,0.9994591,0.00033277174
5,5,0.9992815,0.00030916856
5,5,0.99987566,5.0419098e-05
3,3,0.99996376,2.1769843e-05
3,3,0.99906385,0.0005321269
5,5,0.9999488,2.5467361e-05
7,7,0.9978374,0.0013644325
2,2,0.990808,0.005762042
5,5,0.9958997,0.0015318138
9,9,0.98747665,0.0036312707
6,6,0.99982566,9.932397e-05
9,9,0.9999827,5.6240433e-06
2,2,0.9073032,0.04993661
6,6,0.9999822,6.087021e-06
2,2,0.99963635,0.0002032476
1,1,0.9997495,0.00013374396
2,2,0.9623644,0.015749607
0,0,0.99999887,5.2227705e-07
8,8,0.9922272,0.0028233675
3,3,0.9978078,0.0013052803
8,8,0.90988714,0.053065885
3,3,0.9043633,0.04377064
0,0,0.999986,6.9080766e-06
8,8,0.9961437,0.0024165087
7,7,0.9994348,0.00035018055
4,4,0.998279,0.000561213
9,9,0.98894674,0.0021861156
5,5,0.9980811,0.0009323644
0,0,0.99999714,1.4405641e-06
9,9,0.99896604,0.00035987905
7,7,0.9992155,0.00048659224
0,0,0.9999987,6.163549e-07
0,0,0.99999076,4.527172e-06
4,4,0.9999908,3.7807756e-06
6,6,0.9999372,2.5328856e-05
0,0,0.99997294,1.1761253e-05
9,9,0.9993409,0.00020968929
1,1,0.99787724,0.0007350276
6,6,0.9996918,0.00016848909
2,2,0.99977577,9.850552e-05
7,7,0.97765416,0.010880538
6,6,0.99945736,0.00025518626
8,8,0.77513444,0.061604314
3,3,0.9967868,0.001234647
5,5,0.9998891,5.8258436e-05
2,2,0.99997103,1.3212804e-05
1,1,0.99379426,0.0031935398
8,8,0.84230644,0.049850293
3,3,0.99686927,0.0014900538
8,8,0.98321533,0.010253271
6,6,0.9998649,6.653127e-05
1,1,0.99871397,0.00055567507
0,0,0.99994105,2.9474322e-05
2,2,0.99553967,0.0027778395
1,1,0.9998988,4.9313017e-05
4,4,0.99993706,2.5648653e-05
0,0,0.9994564,0.00033955177
1,1,0.98469746,0.00616625
2,2,0.97146547,0.014013281
3,3,0.98020583,0.011912869
4,4,0.99983275,8.1505765e-05
5,5,0.99367064,0.003093679
6,6,0.99865484,0.00081522565
7,7,0.9997314,0.00016318409
8,8,0.8853362,0.06333488
9,9,0.98160744,0.009867418
0,0,0.99999726,1.586958e-06
1,1,0.99389684,0.0031177707
2,2,0.9987745,0.00060768944
3,3,0.9985531,0.00091019116
4,4,0.99222594,0.004688631
5,5,0.9999975,8.9128497e-07
6,6,0.996075,0.0023546044
7,7,0.9878432,0.0076721506
8,8,0.99196136,0.0049783704
9,9,0.99904954,0.00020589428
0,0,0.99997866,9.865185e-06
1,1,0.9653567,0.01802932
2,2,0.9708127,0.010671248
3,3,0.99993074,4.1758027e-05
4,4,0.99997073,1.3958675e-05
5,5,0.9997301,0.00012193523
6,6,0.99999064,5.6606227e-06
7,7,0.9995983,0.00020672052
8,8,0.98919356,0.006485647
9,9,0.9844454,0.0036757812
7,7,0.99971724,0.00014244097
6,6,0.9998705,6.4999826e-05
4,4,0.9999706,1.5236187e-05
7,7,0.99961025,0.00023390776
6,6,0.99999523,2.2063155e-06
2,2,0.9999157,3.5292665e-05
3,3,0.99519956,0.0029599234
4,4,0.99970305,8.919129e-05
8,8,0.9998342,8.512991e-05
7,7,0.99975824,0.0001261557
8,8,0.99333173,0.0041648643
6,6,0.99771154,0.001417952
9,9,0.9997671,7.635015e-05
8,8,0.99631864,0.002301604
3,3,0.9985517,0.00090528047
2,2,0.9999728,7.445132e-06
2,2,0.9992015,0.00038872153
8,8,0.9998392,8.3652245e-05
4,4,0.9990629,0.0004982287
8,8,0.9960149,0.0024467066
5,5,0.99859744,0.00066186266
6,6,0.9998641,8.4257736e-05
5,5,0.9983571,0.0009892681
0,0,0.99999905,3.5726507e-07
2,2,0.99736464,0.0013338283
0,0,0.99999696,1.6105789e-06
1,1,0.83793896,0.06767507
1,1,0.99531823,0.0024168207
2,2,0.99860126,0.0005501908
9,9,0.9235403,0.024409736
6,6,0.99998343,7.734512e-06
8,8,0.9992956,0.00034114337
2,2,0.9997479,0.00012312834
1,1,0.99251795,0.0035138174
0,0,0.99999774,1.0222016e-06
6,6,0.9999936,2.8628804e-06
5,5,0.99997246,1.4047592e-05
2,2,0.9946023,0.003379487
9,9,0.9894247,0.003766128
7,7,0.99967706,0.0001895875
5,5,0.99697286,0.0011002341
3,3,0.9989541,0.00044788327
9,9,0.99981785,4.8819107e-05
3,2,0.974144,0.0072503774
7,7,0.9999792,1.1081143e-05
1,1,0.92871267,0.037584238
8,8,0.9843866,0.007121881
3,3,0.9997247,0.00015791072
8,8,0.9996625,0.00019737582
1,1,0.8729397,0.055130504
9,9,0.99927247,0.00023502647
5,5,0.9995656,0.0002164692
5,5,0.999924,3.9476607e-05
0,0,0.9998949,6.0275248e-05
1,1,0.9979423,0.0008515138
1,1,0.97901785,0.010295296
9,9,0.9915527,0.0040160497
8,8,0.9997021,0.00014121542
2,2,0.99999034,4.584036e-06
6,6,0.99998236,1.0558993e-05
0,0,0.99999934,2.930819e-07
4,4,0.999286,0.0003821007
5,5,0.99695235,0.0014237987
0,0,0.9999711,1.4739375e-05
3,2,0.95055217,0.01933725
1,1,0.8917678,0.063446574
8,8,0.5416708,0.087572806
6,6,0.99978036,0.000120510216
7,7,0.9993968,0.00037859817
5,5,0.9967526,0.0010130435
9,9,0.9998388,6.950778e-05
9,9,0.99910975,0.00039383033
3,3,0.999776,0.00013615386
0,0,0.99688196,0.0018918685
3,3,0.9974581,0.0012557396
1,1,0.99903554,0.00045018684
4,4,0.99998885,5.01045e-06
4,4,0.99999154,3.2903295e-06
0,0,0.99999535,2.6791572e-06
4,4,0.9999682,1.5402493e-05
9,9,0.9982853,0.0004284807
0,0,0.9995386,0.00024806152
1,1,0.99323016,0.0031506256
2,2,0.9991458,0.0005031606
3,3,0.93923426,0.037234828
5,8,0.7787204,0.07609292
6,6,0.97851324,0.007781415
7,7,0.9985585,0.0006205965
8,8,0.829247,0.06089281
0,0,0.99999094,4.435924e-06
1,1,0.7584306,0.08913457
2,2,0.9766728,0.009663266
3,3,0.7543957,0.060607094
5,8,0.5006012,0.12750599
6,6,0.7644704,0.08173787
7,7,0.99992883,4.1639098e-05
8,8,0.8501918,0.058967523
9,9,0.99691117,0.0011546111
0,0,0.9999911,3.8905528e-06
1,1,0.70256686,0.08925806
2,2,0.99789876,0.0008056269
3,2,0.80891055,0.061735433
5,5,0.72228396,0.072303966
6,6,0.91829145,0.030543957
7,7,0.99822533,0.0011194423
8,8,0.59033763,0.089868285
9,9,0.99967086,8.2950435e-05
9,9,0.99194527,0.003716203
7,7,0.9997344,0.00015360203
0,0,0.9999356,3.0993557e-05
9,9,0.9997382,7.8433586e-05
0,0,0.9999725,1.5000987e-05
1,1,0.98616,0.0059441198
5,5,0.9779502,0.009212451
8,8,0.9966253,0.0018498106
8,8,0.9973159,0.0010396028
0,0,0.99999774,9.2372494e-07
9,9,0.9904362,0.0040389923
3,3,0.99757177,0.0013361353
2,2,0.96263397,0.019098649
7,7,0.9933516,0.004132821
8,8,0.99422675,0.0027823807
4,4,0.9999894,4.1799112e-06
6,6,0.96507055,0.021768864
1,1,0.9985647,0.0007037871
0,0,0.99999523,2.1448411e-06
4,4,0.9999693,1.6683585e-05
9,9,0.9996365,9.291571e-05
4,4,0.99995774,1.5270725e-05
2,2,0.86782914,0.053321075
0,0,0.9997448,0.00013647962
5,5,0.77396524,0.07429676
0,0,0.9999994,3.070252e-07
1,1,0.9974147,0.0012260051
6,6,0.9927395,0.004162853
9,9,0.99925506,0.00018613802
3,3,0.9244051,0.04080592
2,2,0.9981082,0.0008361664
9,9,0.9989907,0.00040049214
1,1,0.98216116,0.009173758
6,6,0.99289227,0.0035858136
0,0,0.99991065,3.5690755e-05
1,1,0.7115887,0.10493914
1,1,0.83561486,0.059605885
8,8,0.99960864,0.00022095554
7,7,0.89811134,0.040428467
7,7,0.9910634,0.0056215515
6,6,0.999586,0.00024217847
3,3,0.8328818,0.061147846
6,6,0.998511,0.00082286075
0,0,0.9999862,6.1165692e-06
7,7,0.9980232,0.0009169655
2,2,0.8633701,0.041735496
4,4,0.99996585,1.6706672e-05
1,1,0.89443815,0.042807233
7,7,0.9970504,0.0016465414
0,0,0.99997807,9.580972e-06
6,6,0.9873766,0.0072761066
7,7,0.98267114,0.006457021
1,1,0.97529554,0.011692198
2,2,0.9687163,0.014849618
5,5,0.87578905,0.038572595
8,8,0.9703843,0.0123796
1,1,0.9598583,0.016950425
8,2,0.42614865,0.11013216
2,2,0.9560733,0.024678124
8,8,0.88044405,0.037861116
7,7,0.99123955,0.004190814
6,6,0.9958657,0.0025377772
8,8,0.99073946,0.0038664793
7,7,0.9790331,0.012805867
1,0,0.66160923,0.09118375
6,6,0.9910485,0.0054945825
2,2,0.95853424,0.025315652
9,9,0.99997014,1.135483e-05
3,3,0.9973135,0.0011661614
0,0,0.9999881,6.871952e-06
1,1,0.9956335,0.0024239395
2,2,0.9999269,4.214942e-05
3,3,0.99926054,0.00042159896
4,4,0.99996346,1.8329663e-05
5,5,0.9999932,2.8085146e-06
6,6,0.9995185,0.00019979516
7,7,0.9998897,5.9221486e-05
8,8,0.99962723,0.00023052911
9,9,0.99967,0.00018016389
0,0,0.99997795,1.0955856e-05
1,1,0.99849045,0.000799175
2,2,0.88850677,0.061255485
3,3,0.87944156,0.040545374
4,4,0.999983,7.716404e-06
5,5,0.9933047,0.0035049976
6,6,0.99997234,1.0566967e-05
7,7,0.9939216,0.0038430966
8,8,0.9968727,0.0018489998
9,9,0.99982834,5.9693724e-05
0,0,0.9999995,2.016513e-07
1,1,0.9993955,0.00027628543
2,2,0.9956236,0.0026109715
3,3,0.99953383,0.00028592822
4,4,0.9999341,2.5231848e-05
5,5,0.98564565,0.007808821
6,6,0.99994266,2.3107497e-05
7,7,0.9984126,0.0009931382
8,8,0.9791781,0.01290557
9,9,0.9998714,5.98526e-05
8,8,0.99415576,0.0036463016
9,9,0.95900524,0.019592952
5,5,0.99997675,1.0126245e-05
7,7,0.98166215,0.011593272
0,0,0.9999958,2.0681946e-06
3,3,0.9973711,0.0016474668
1,1,0.99918604,0.00036758167
6,6,0.9972046,0.0014560136
8,8,0.99460995,0.0030441992
4,4,0.99997175,1.2126283e-05
1,1,0.9939063,0.0034164158
5,5,0.99996394,1.8071878e-05
6,6,0.99959934,0.00023366231
4,4,0.9999545,2.3457074e-05
2,2,0.9993089,0.00041521626
7,7,0.9151453,0.053319294
8,8,0.996741,0.001960348
1,1,0.9994795,0.00020840985
3,3,0.98120385,0.011825195
4,4,0.9993312,0.00018419957
3,3,0.9930099,0.003507632
4,4,0.9999865,5.1787747e-06
7,7,0.9206462,0.049321912
2,2,0.99968624,0.0001722658
0,0,0.99977064,0.00010940798
5,5,0.9970627,0.0014422402
0,0,0.9999728,1.2992833e-05
1,1,0.9790161,0.007817012
9,9,0.7377228,0.061251957
2,2,0.99997723,1.0941321e-05
3,3,0.9998541,6.7105786e-05
2,2,0.9998124,0.00011575861
3,3,0.9995756,0.00025251438
5,5,0.9986847,0.00077420886
5,5,0.99985665,7.019872e-05
7,7,0.9653414,0.021901567
8,8,0.7904674,0.07044231
4,4,0.9970006,0.0015366079
9,9,0.99978507,8.324466e-05
9,9,0.9964436,0.0016438859
7,7,0.9901059,0.005776213
1,1,0.98596746,0.0073207878
1,1,0.997728,0.0008055776
9,9,0.9993642,0.00020037191
0,0,0.9999851,5.7480875e-06
7,7,0.8953406,0.06160598
8,8,0.99892807,0.00063142774
3,3,0.9407698,0.021811951
4,4,0.9999064,3.5433513e-05
8,8,0.98817474,0.005589083
6,6,0.9999874,5.2265304e-06
3,3,0.9997196,0.00011579415
8,8,0.99977076,0.00013186054
0,0,0.99966335,0.00019471467
9,9,0.9999112,2.6210613e-05
6,6,0.99998856,4.2970896e-06
2,2,0.9999585,2.0183552e-05
1,8,0.9219817,0.03529249
0,0,0.9999958,1.7544087e-06
1,1,0.9983471,0.0007942552
0,0,0.9999601,1.9352625e-05
6,6,0.9996437,0.00013390795
2,2,0.995145,0.0023141098
3,3,0.99894154,0.00065271824
8,8,0.9997039,0.00018015542
9,9,0.9997674,9.7714e-05
0,0,0.9994688,0.00022672958
7,7,0.9016997,0.06140229
2,2,0.99488944,0.0028298679
3,3,0.99941236,0.00035160652
4,4,0.99997836,9.858237e-06
5,5,0.99986637,6.295998e-05
5,5,0.9965603,0.0020653214
2,2,0.9978121,0.0011337369
8,8,0.9943984,0.0024760277
5,5,0.9985855,0.0004499542
4,4,0.99993455,3.372453e-05
6,6,0.9999922,3.3922017e-06
6,6,0.9999908,4.7683657e-06
6,6,0.9999908,3.0526396e-06
7,7,0.8339513,0.061475374
9,9,0.9987341,0.000332789
1,1,0.9708999,0.017390035
8,8,0.99993265,3.6768117e-05
2,2,0.98736924,0.0064344415
1,1,0.99984217,6.9958405e-05
5,5,0.9999895,3.815035e-06
3,3,0.98006934,0.009645903
4,4,0.9999641,1.7516062e-05
7,7,0.9987105,0.0008039897
9,9,0.9999407,2.0597337e-05
4,4,0.9999596,2.0784519e-05
0,0,0.9996382,0.00020816717
0,0,0.9999958,2.0332131e-06
0,0,0.99932146,0.0002739012
1,1,0.9997755,9.608691e-05
2,1,0.68445176,0.07613443
3,3,0.99963236,0.00019418525
4,4,0.9895194,0.0059713656
5,8,0.81557244,0.036223818
6,6,0.99582756,0.0023856587
7,7,0.9887635,0.0069576963
8,8,0.988214,0.006943333
9,9,0.9952,0.0022060347
0,0,0.9999857,8.481706e-06
1,1,0.9991063,0.00033831265
2,2,0.84990424,0.044507377
3,3,0.99982834,0.00010527249
4,4,0.8808279,0.057057478
5,5,0.98686075,0.008025502
6,6,0.998569,0.00061590044
7,7,0.9963972,0.0022553757
8,8,0.9890302,0.006423929
9,9,0.9995961,0.00018345857
0,0,0.9937147,0.003615345
1,1,0.9998266,7.195973e-05
2,2,0.6859926,0.07719807
3,3,0.999321,0.0004115399
4,4,0.9865022,0.006452636
5,5,0.99982584,8.440555e-05
6,6,0.9997115,0.00011547025
9,9,0.99782354,0.0004279173
0,0,0.9999138,5.14531e-05
1,1,0.99896944,0.00044283216
3,3,0.99956083,0.00027582335
1,1,0.9995898,0.00015721645
5,5,0.99997437,1.4400948e-05
1,1,0.99973506,0.00012802325
2,2,0.4332983,0.10948757
4,4,0.9529172,0.024747396
9,9,0.9932259,0.0029513976
2,8,0.55264336,0.11466503
4,4,0.96925163,0.018843528
6,6,0.99978703,0.0001320278
8,8,0.979375,0.008128581
0,0,0.9999937,3.255159e-06
1,1,0.99814004,0.0008647196
1,1,0.9994189,0.00026385734
9,9,0.99491805,0.0014577033
2,2,0.73393583,0.075539865
6,6,0.9988843,0.0006905464
6,6,0.8943736,0.04822955
8,8,0.832811,0.04970883
7,7,0.9552361,0.02556352
4,4,0.99944794,0.00015972382
2,2,0.9988481,0.00055034546
9,9,0.9999344,2.4051034e-05
7,7,0.9518668,0.026412133
0,0,0.9999814,7.983861e-06
2,2,0.9883914,0.0068292217
1,1,0.9987755,0.00041582616
0,0,0.9999994,2.9067098e-07
3,3,0.8419639,0.05324347
6,6,0.9994318,0.00035013777
0,0,0.9999916,4.095262e-06
1,1,0.99707234,0.0014578643
2,2,0.9764806,0.014550738
3,3,0.97616595,0.01445045
4,4,0.9999978,7.1808637e-07
5,5,0.99990386,5.2023417e-05
6,6,0.9983578,0.00076163776
7,7,0.99984753,9.337747e-05
8,8,0.9998059,8.557291e-05
9,9,0.92513406,0.041716203
0,0,0.9999994,2.8173295e-07
1,1,0.94830817,0.025652055
2,2,0.9997762,0.00011669078
3,3,0.99940217,0.0003296946
4,4,0.99998,1.0745103e-05
5,5,0.99888754,0.00037844267
6,6,0.99978197,0.00012243623
7,7,0.9996605,0.00021351362
8,8,0.99671155,0.0020572324
9,9,0.99977285,7.5874515e-05
0,0,0.9999822,1.0491388e-05
1,1,0.992424,0.0032998
2,2,0.99979246,8.992118e-05
3,3,0.9938203,0.003800685
4,4,0.9999863,5.2197383e-06
5,5,0.99955016,0.00024597262
6,6,0.88938725,0.05529046
7,7,0.9466441,0.033673774
8,8,0.99998444,7.8686935e-06
9,9,0.9987006,0.00057842926
8,8,0.99999344,3.2934834e-06
6,6,0.9999593,1.9569145e-05
5,5,0.99993527,3.781765e-05
9,9,0.99945545,0.00022526954
7,7,0.9947826,0.0032638765
0,0,0.99999917,4.0373357e-07
2,2,0.9904202,0.0056700734
3,3,0.99804723,0.0010360138
4,4,0.99988186,6.7859786e-05
3,3,0.8113407,0.069873706
8,8,0.99998224,5.921727e-06
5,5,0.9995386,0.00019078606
1,1,0.99959815,0.0001557195
5,5,0.9076233,0.04010345
2,2,0.997861,0.0012829904
3,3,0.9992119,0.00045665307
0,0,0.9999976,8.9864227e-07
1,1,0.9893829,0.0051885033
2,2,0.96492594,0.019366544
1,1,0.98911077,0.005650972
3,3,0.9992765,0.00045246707
2,2,0.9993736,0.00023154709
6,6,0.99992687,4.428427e-05
5,5,0.97133046,0.015098497
3,3,0.9935492,0.0032645152
0,0,0.99999905,3.9481588e-07
7,7,0.9988736,0.0007079033
2,2,0.9996737,0.00016560852
7,7,0.9994148,0.00026729808
4,4,0.99998987,4.5683278e-06
6,6,0.9999424,3.4279707e-05
4,4,0.9985525,0.00063053047
0,0,0.9999978,9.907696e-07
5,5,0.999337,0.00028006235
9,9,0.99708873,0.0008860555
9,9,0.64534086,0.10631243
8,5,0.9214476,0.025253156
9,9,0.9945669,0.002127127
5,5,0.9999544,2.329766e-05
3,3,0.9986488,0.00084803614
1,1,0.96218044,0.020777326
7,7,0.9997012,0.00018512082
4,4,0.99999154,4.2517813e-06
7,7,0.9898211,0.0064286552
6,6,0.9985558,0.0007565795
5,5,0.9995856,0.00022627416
4,4,0.999979,8.905991e-06
0,0,0.9996524,0.00016672799
0,0,0.9999925,3.8391295e-06
6,6,0.7513114,0.059952207
6,6,0.9188582,0.041690886
2,2,0.82045114,0.06790358
0,0,0.999998,1.1395458e-06
6,6,0.99325097,0.0041556996
3,3,0.9967968,0.0017825883
7,7,0.9994221,0.00033819512
7,7,0.99891484,0.0006710421
4,4,0.9999527,2.4052095e-05
4,4,0.9999685,1.1730364e-05
3,3,0.99939406,0.0003692174
9,9,0.99945354,0.00013422771
2,2,0.9995109,0.00027276546
8,8,0.99985725,6.127347e-05
9,9,0.99954367,0.00016482978
6,6,0.99999774,1.1098998e-06
0,0,0.9999312,3.3755176e-05
9,9,0.99796546,0.0010587876
5,5,0.99988973,6.121111e-05
3,3,0.9948071,0.0032190972
8,8,0.86975634,0.042946048
8,8,0.9995475,0.00020514584
7,7,0.9976479,0.0014627853
1,1,0.9989897,0.0004975998
4,4,0.9999959,1.5758875e-06
0,0,0.99999934,3.1713873e-07
4,4,0.99998486,8.831275e-06
8,8,0.9947728,0.0021319948
5,5,0.9999498,2.9931205e-05
2,2,0.9997026,0.0001507879
3,3,0.9964905,0.0015145184
9,9,0.9990908,0.00027476228
0,0,0.9999369,3.2009044e-05
1,1,0.9987612,0.0005784823
9,9,0.99911034,0.00031498988
1,1,0.9984433,0.00083956507
5,5,0.9996794,0.00018343778
1,1,0.9966258,0.0017756487
7,7,0.9997923,0.00011648538
4,4,0.9999213,4.286497e-05
8,8,0.9993216,0.00026112385
6,6,0.99904203,0.00059190544
2,2,0.99226457,0.0048744655
1,1,0.98511684,0.007959315
6,6,0.9983419,0.0010272352
8,8,0.99998724,6.9443427e-06
8,8,0.999972,1.4371819e-05
0,0,0.9656769,0.02145401
1,1,0.9265319,0.029116312
2,2,0.99924386,0.00027128513
3,3,0.5334404,0.094852336
4,4,0.99991405,3.9023635e-05
7,7,0.999469,0.00033283356
8,8,0.99908286,0.00039311717
9,9,0.99983674,7.680185e-05
0,0,0.99998796,6.7133697e-06
1,1,0.9978669,0.0009033837
2,2,0.96197337,0.022927044
3,3,0.9978448,0.0011114483
4,0,0.34566754,0.10735051
6,6,0.90403664,0.055509795
7,7,0.99122727,0.005535125
8,8,0.9967972,0.0011582194
9,9,0.9995987,0.00015012463
0,0,0.9999546,2.5741425e-05
1,1,0.9910895,0.0048705805
2,2,0.9944622,0.0026193399
3,3,0.998843,0.00057212746
4,4,0.9999488,2.6506736e-05
7,7,0.9988805,0.0006953992
8,8,0.9973361,0.0016480649
9,9,0.9973296,0.00094588863
1,1,0.9974109,0.001110146
4,4,0.99991953,3.6801277e-05
5,5,0.94867694,0.022232005
3,3,0.9975518,0.0015163828
3,3,0.59910476,0.10063275
0,0,0.9944576,0.0027277968
9,9,0.9998423,4.9639093e-05
5,5,0.9973521,0.0013257017
4,4,0.9995076,0.00026410157
3,5,0.6716681,0.091408506
0,0,0.98415244,0.008980773
8,4,0.597668,0.0774109
4,4,0.9998375,7.1457885e-05
6,6,0.8924139,0.047689307
7,7,0.9820836,0.011293625
0,0,0.99848145,0.00084765145
7,7,0.9978051,0.001120535
7,7,0.9981473,0.0011652366
1,1,0.9920145,0.0023514486
6,6,0.867571,0.057247467
9,9,0.9618472,0.015594219
1,1,0.99764717,0.0011056745
3,5,0.47793517,0.09789671
6,6,0.995402,0.0028355867
2,2,0.99781305,0.001310941
3,3,0.7804846,0.06713755
8,8,0.707776,0.073576264
2,2,0.99941367,0.0003086166
3,3,0.96890163,0.01624162
8,8,0.999097,0.00037030026
9,9,0.9765962,0.010885215
5,5,0.99754095,0.0011834139
8,8,0.9997331,0.00015170305
8,8,0.99980485,8.98253e-05
7,7,0.99963534,0.00022915364
1,1,0.9962738,0.0016203731
7,7,0.9789752,0.01177412
1,1,0.9984129,0.0008645767
1,1,0.9415349,0.030213758
0,0,0.99999744,1.3627678e-06
3,3,0.952273,0.02186111
4,4,0.99974823,9.965808e-05
2,2,0.85258293,0.04855729
6,6,0.7923284,0.076142386
4,4,0.9999601,1.6533615e-05
7,7,0.9880932,0.0075274175
4,4,0.999716,0.00014145431
2,2,0.99929,0.00025600864
7,7,0.83690035,0.061390318
4,4,0.999877,5.602737e-05
2,2,0.9981853,0.00085709384
9,9,0.996467,0.0020727844
2,2,0.9423273,0.02109299
7,7,0.99726295,0.0013906655
9,9,0.94357455,0.02718414
2,2,0.9970749,0.0015832264
1,1,0.98826647,0.004624103
0,0,0.7066363,0.08855963
6,6,0.85475457,0.06484162
5,5,0.97695655,0.0115008075
3,3,0.9964162,0.0021963113
4,4,0.9951274,0.002871565
8,8,0.9996561,0.00014331637
5,5,0.99989235,4.913992e-05
9,9,0.97486764,0.010365538
6,6,0.999586,0.00024043754
9,9,0.9997816,7.103907e-05
0,0,0.99627095,0.0022202076
6,6,0.9999463,3.210555e-05
3,3,0.99814427,0.0008144278
0,0,0.99999845,6.827188e-07
8,8,0.3957961,0.12897085
1,1,0.99958783,0.00019378106
6,6,0.9999546,2.5434612e-05
0,0,0.99977493,0.00013577392
0,0,0.9999874,7.0491733e-06
1,1,0.98905575,0.005885646
2,2,0.9999154,4.7000503e-05
3,3,0.9893898,0.0054679234
4,4,0.99996775,1.561326e-05
5,5,0.99992007,3.9792536e-05
6,6,0.99951094,0.00020031663
7,7,0.99958867,0.0002525755
0,0,0.9998722,5.8729336e-05
1,1,0.9991511,0.00035332996
2,2,0.850688,0.055825274
3,3,0.9848608,0.006148248
4,4,0.99992657,4.0563176e-05
7,7,0.9998358,9.106066e-05
8,8,0.9999741,1.0168626e-05
9,9,0.99615175,0.0011353733
0,0,0.9999938,3.2783907e-06
1,1,0.99632394,0.0016727807
2,2,0.8851615,0.058882635
3,5,0.48477125,0.09720118
4,4,0.9997686,0.00011657192
7,7,0.999877,7.592846e-05
2,2,0.9992944,0.0002561434
5,5,0.9999088,4.7586753e-05
1,1,0.9169367,0.043143407
6,6,0.99971724,0.00017016867
4,4,0.99999297,2.5894053e-06
3,3,0.99858296,0.00084350427
9,9,0.9998042,7.141931e-05
9,9,0.9970619,0.0013123708
0,0,0.99992037,3.9288185e-05
9,9,0.86966896,0.057040818
7,7,0.9558052,0.015202196
1,1,0.86858445,0.06166219
6,6,0.92444867,0.046579957
4,4,0.9999294,2.408078e-05
3,3,0.60805064,0.0857074
6,6,0.99952525,0.00020214848
2,2,0.9952552,0.0022887876
0,0,0.86335576,0.060793675
9,9,0.5973064,0.08948749
8,8,0.9994677,0.0003271366
6,6,0.99931633,0.00038469478
5,5,0.9995085,0.00016987245
7,7,0.99419343,0.0032817074
0,0,0.9997266,0.00014523524
0,0,0.99995583,1.7928662e-05
1,1,0.99995345,1.6230415e-05
7,7,0.9285302,0.04329598
4,4,0.9965682,0.0011564014
3,3,0.99849385,0.0008671597
2,2,0.9999789,1.0709889e-05
4,4,0.9999701,1.623884e-05
1,1,0.9840991,0.007748127
3,3,0.8294228,0.055199705
7,7,0.99990284,5.684133e-05
6,6,0.99995553,2.2918746e-05
4,4,0.999864,7.483249e-05
7,7,0.9991161,0.00055470155
7,7,0.99967587,0.00014708843
7,7,0.9992401,0.00045235472
9,9,0.9897431,0.005173754
8,8,0.9995764,0.00023694651
4,4,0.94612885,0.025999237
3,3,0.99942464,0.0003589153
8,8,0.4514567,0.09586282
2,2,0.9996184,0.00023754803
8,8,0.696635,0.06198871
3,3,0.9983964,0.00092320086
5,5,0.99069273,0.003942104
8,8,0.9604596,0.012243922
0,0,0.9999604,1.8340126e-05
5,5,0.9998806,5.9989008e-05
4,4,0.86186236,0.046038665
7,7,0.9982874,0.0005992652
1,1,0.9981586,0.00084883795
3,3,0.9939976,0.0025823235
1,1,0.9956768,0.002243702
7,7,0.9996074,0.00024754897
9,9,0.9999412,1.6834108e-05
6,6,0.9996486,0.00019206722
2,2,0.9995407,0.00020374524
0,0,0.9999859,7.845139e-06
9,9,0.87411845,0.047621183
1,1,0.9989542,0.0005384811
7,7,0.998209,0.0009493069
3,3,0.9678831,0.0113679515
3,3,0.5582634,0.09681771
9,9,0.99542266,0.0016316256
1,1,0.99964255,0.0001705182
6,6,0.99971676,0.00016581276
4,4,0.99993247,3.352477e-05
3,3,0.9834734,0.010020045
9,9,0.999211,0.00021085651
8,8,0.99997675,1.2563821e-05
2,2,0.99990785,5.2351133e-05
1,1,0.98772794,0.0057648146
8,8,0.9999863,6.6751513e-06
6,6,0.99923307,0.00033037405
4,4,0.999874,5.7538236e-05
1,1,0.98861396,0.005898046
5,5,0.985129,0.0058935126
5,5,0.99995565,2.1317781e-05
6,6,0.99991596,5.068733e-05
5,5,0.99976003,0.0001371606
0,0,0.99999654,2.118689e-06
1,1,0.99931306,0.00042517652
2,2,0.99992037,4.398686e-05
3,3,0.99997175,1.7005968e-05
4,4,0.98920476,0.0052472595
5,5,0.99878275,0.0005074743
6,6,0.99998903,5.691839e-06
7,7,0.9973917,0.0016455833
8,8,0.7925825,0.062589794
9,9,0.9994995,0.00018925712
0,0,0.99999875,6.5780034e-07
1,1,0.99987936,4.587812e-05
2,2,0.99981385,0.00010099482
3,3,0.99887943,0.0006962883
4,4,0.9999361,2.9004867e-05
5,5,0.99486554,0.0022045914
6,6,0.9999296,2.1127255e-05
7,7,0.9984328,0.0009810544
8,8,0.99995214,2.0741627e-05
9,9,0.9967173,0.0013764647
0,0,0.99999917,4.400493e-07
1,1,0.99855137,0.00078461075
2,2,0.99953234,0.00021625796
3,3,0.99934375,0.00040032621
4,4,0.9987609,0.0005121219
5,5,0.99960977,0.0002106572
6,6,0.9998705,6.758229e-05
7,7,0.998786,0.0007671745
8,8,0.8801206,0.030848745
9,9,0.9923914,0.002904689
6,6,0.9999326,2.5926096e-05
9,9,0.9996983,0.00010546723
7,7,0.9996627,0.00021220333
0,0,0.99997044,1.7113518e-05
2,2,0.99819124,0.0010516722
3,3,0.99928343,0.00043049423
4,4,0.9999611,1.3698298e-05
3,3,0.9977573,0.00086942577
8,8,0.9789896,0.007349222
5,5,0.99955237,0.00021481022
1,1,0.99976176,0.000105839084
3,3,0.984865,0.007884016
0,0,0.9997942,0.00012587392
1,1,0.99946797,0.0003106429
2,2,0.9752097,0.014768767
1,1,0.9987305,0.00062048767
3,3,0.9928009,0.0024279743
2,2,0.8935622,0.04232748
0,0,0.99996203,1.6053058e-05
7,7,0.5480162,0.10664594
2,2,0.9996883,0.00017851652
6,6,0.9999773,8.469289e-06
4,4,0.99988186,4.681148e-05
0,0,0.99999654,1.52882e-06
5,5,0.92258596,0.02164302
9,9,0.97552985,0.009933496
9,9,0.7720872,0.052973174
8,8,0.98665875,0.005482501
9,9,0.99998015,4.5978372e-06
5,5,0.9857634,0.006306909
3,3,0.38682827,0.12377081
1,1,0.99913037,0.00038985518
7,7,0.84357005,0.053521693
4,4,0.9997727,0.0001279727
7,7,0.94793844,0.032634057
0,0,0.999921,4.110165e-05
0,0,0.99998885,5.388213e-06
6,6,0.9998528,6.065928e-05
6,6,0.9990713,0.0003511423
6,6,0.960969,0.014931569
3,3,0.9927713,0.004538491
7,7,0.89466286,0.056550227
4,4,0.71830523,0.06382629
2,2,0.9786356,0.0092027895
8,8,0.5095022,0.10137465
9,9,0.5658623,0.09191246
8,8,0.9967303,0.0019588575
7,7,0.9220382,0.03674832
1,1,0.99970835,0.0001283579
4,9,0.74687666,0.076835
0,0,0.9999978,1.2642946e-06
4,4,0.99962455,0.00017200042
8,8,0.9256908,0.021086073
5,5,0.99993956,2.0399184e-05
2,2,0.99916744,0.000355661
3,3,0.9998965,5.468055e-05
9,9,0.9991657,0.00026273108
0,0,0.9999949,2.5010345e-06
1,1,0.9991525,0.00035309172
9,9,0.9997498,8.3095205e-05
1,1,0.99879473,0.0005248992
5,5,0.9981141,0.0010533561
1,1,0.9985894,0.0007500306
7,7,0.9918793,0.004938755
6,6,0.9992007,0.00045405648
1,1,0.99907887,0.00041439477
2,2,0.9988562,0.000571542
1,1,0.9993048,0.00029025326
6,6,0.9999102,3.953608e-05
8,8,0.9997708,9.515818e-05
0,0,0.99999726,1.6995624e-06
1,1,0.9990121,0.0006116715
2,2,0.99994963,2.8009448e-05
3,3,0.99862516,0.0006732305
4,4,0.9998447,7.258586e-05
5,5,0.9940704,0.0022008694
6,6,0.99617165,0.0015504726
7,7,0.9999836,9.948087e-06
8,8,0.999472,0.0003198897
9,9,0.99819297,0.0006931505
0,0,0.9999956,1.8242168e-06
1,1,0.9966389,0.0020112288
2,2,0.9992372,0.0003746322
3,3,0.99892265,0.0006698299
4,4,0.99996424,1.6983542e-05
5,5,0.99979687,0.000113571354
6,6,0.9999687,1.33051435e-05
7,7,0.98447895,0.008277364
8,8,0.9909959,0.004451027
0,0,0.9999269,3.0226118e-05
1,1,0.99958056,0.00025695335
2,2,0.99985665,6.439896e-05
3,3,0.99989814,5.826224e-05
5,5,0.9996775,0.000108592445
6,6,0.99998796,4.4889152e-06
7,7,0.9999539,2.803159e-05
8,8,0.99793845,0.0012907973
1,1,0.99971616,0.00012305341
0,0,0.99999654,2.0805726e-06
4,4,0.99999,3.710277e-06
5,5,0.99947006,0.00025095599
6,6,0.9977047,0.0010659748
6,6,0.9992651,0.00022571876
3,3,0.9977454,0.0007613556
4,4,0.99998426,6.4301043e-06
4,4,0.99996006,1.7723909e-05
2,2,0.92055875,0.038476724
8,8,0.99881667,0.0007356816
1,1,0.99943006,0.0002327724
0,0,0.99999857,4.4888142e-07
6,6,0.998402,0.00046960294
4,4,0.99997646,1.1960085e-05
9,9,0.9994073,0.00018251271
7,7,0.9995823,0.0002387459
2,2,0.9993144,0.0003373279
9,9,0.9983241,0.0005730861
2,2,0.998682,0.0004082264
0,0,0.99999964,1.5539345e-07
9,9,0.9986998,0.0004532949
3,3,0.98515797,0.008124465
3,3,0.9976713,0.0011116264
9,9,0.9927231,0.0026346184
1,1,0.99982053,7.995445e-05
5,5,0.99992007,3.143971e-05
2,2,0.99814,0.0011426876
3,3,0.9638613,0.011073663
1,1,0.99939024,0.00032450675
6,6,0.99578506,0.0016732626
7,7,0.98894995,0.0069132918
3,3,0.91367847,0.026992794
7,7,0.9998067,8.705262e-05
8,8,0.99987686,7.3779825e-05
4,4,0.9992037,0.0004687327
0,0,0.99973553,0.00016119503
2,2,0.9999839,8.467682e-06
4,4,0.99693286,0.0018995621
0,0,0.999949,1.9646846e-05
2,2,0.9931229,0.0035988162
4,4,0.99977607,0.00012932663
7,7,0.9999803,1.1448453e-05
8,8,0.99986964,7.247593e-05
0,0,0.9999984,6.42609e-07
7,7,0.9999925,3.5534144e-06
0,0,0.99999416,3.1622428e-06
6,6,0.99788475,0.0007335214
9,9,0.9994165,0.00015671183
3,3,0.9958623,0.0021446482
2,2,0.99719465,0.0013474417
4,4,0.9999696,1.43054685e-05
8,8,0.9999014,4.4297878e-05
6,6,0.98000705,0.008155723
0,0,0.9999822,5.8328037e-06
5,5,0.9998272,8.505226e-05
7,7,0.98746824,0.0074385228
5,5,0.9992693,0.00036741846
1,1,0.9990514,0.00037476706
0,0,0.9998706,5.3432414e-05
8,8,0.99288493,0.0044604456
1,1,0.99874574,0.00076842814
6,6,0.8680747,0.05683569
7,7,0.99994534,2.8634542e-05
2,2,0.9977685,0.00077071914
9,9,0.9990803,0.0003776162
7,7,0.9998358,0.0001031263
9,9,0.9998245,5.078856e-05
5,5,0.9999258,2.8551067e-05
6,6,0.9997471,9.439546e-05
5,5,0.9979955,0.0008490433
2,2,0.9994446,0.00032461458
6,6,0.9832922,0.0067037917
2,2,0.9982805,0.0010422297
8,8,0.99907684,0.0005538652
1,1,0.999333,0.0002710041
7,7,0.9999691,1.7557406e-05
5,5,0.9995621,0.00018067443
5,5,0.998737,0.0005490744
7,7,0.9998061,9.400413e-05
3,3,0.9966804,0.001716792
5,5,0.9993824,0.00027136484
0,0,0.99999523,2.1817727e-06
1,1,0.9989952,0.0004866329
1,1,0.99967307,0.00017558994
3,3,0.99874926,0.0007630095
8,8,0.99985963,7.410614e-05
4,4,0.99979573,9.940074e-05
9,9,0.9999546,1.3589769e-05
4,4,0.9998233,7.939596e-05
5,5,0.9998909,4.100672e-05
1,1,0.9964789,0.0015113218
8,8,0.9999329,3.5590485e-05
6,6,0.99994266,2.2300617e-05
8,8,0.9998576,6.357554e-05
9,9,0.77439886,0.061708022
0,0,0.9999406,3.2314594e-05
1,1,0.99809325,0.00092339906
2,2,0.999965,1.5381573e-05
3,3,0.9983839,0.000835336
4,4,0.9999695,1.3632336e-05
5,5,0.99993765,2.0856669e-05
6,6,0.9999958,1.3836924e-06
7,7,0.9990984,0.0005625082
8,8,0.9958479,0.0021621552
9,9,0.9999671,8.802221e-06
0,0,0.9999957,2.1205688e-06
1,1,0.999019,0.00040862127
2,2,0.99998844,6.0767916e-06
3,3,0.9997861,9.407439e-05
4,4,0.999987,6.2465565e-06
5,5,0.99980104,6.960851e-05
6,6,0.99964887,0.00013887906
7,7,0.9966523,0.0021137812
8,8,0.999821,9.799599e-05
9,9,0.9999593,1.1569865e-05
0,0,0.9999856,6.6672683e-06
1,1,0.99965274,0.00013496801
2,2,0.99999535,1.710156e-06
3,3,0.99712837,0.0017439194
4,4,0.9999563,2.1882395e-05
5,5,0.99997854,7.9801575e-06
6,6,0.9998189,7.064816e-05
7,7,0.9993227,0.00041383653
8,8,0.99975955,0.000112224734
9,9,0.9998433,5.5258715e-05
3,3,0.9998983,6.288433e-05
5,5,0.9990829,0.00044275005
3,3,0.9997608,0.0001434284
2,2,0.99994886,3.111361e-05
9,9,0.9998538,4.2171676e-05
3,3,0.99891156,0.00066727924
2,2,0.9990495,0.0005926475
1,1,0.996809,0.0015386457
4,4,0.99966633,0.00014892132
5,5,0.9994241,0.00028344072
5,5,0.999998,6.5398933e-07
2,2,0.99998635,5.1635575e-06
3,3,0.9994958,0.0002935945
2,2,0.9993588,0.0003893498
1,1,0.9969719,0.0018236653
3,3,0.99990875,5.351813e-05
9,9,0.9999641,8.071351e-06
7,7,0.9955163,0.0028030816
2,2,0.99902076,0.0005284952
1,1,0.9991943,0.00037980056
2,2,0.9999937,2.923278e-06
8,8,0.9474538,0.021006968
9,9,0.9999138,3.3826123e-05
1,1,0.99709815,0.0013309494
8,8,0.999668,0.00020657717
8,8,0.9996888,0.00018921269
7,7,0.99911463,0.0005555366
8,8,0.9983719,0.000983817
1,1,0.99944323,0.0002623633
0,0,0.99997234,1.4976266e-05
0,0,0.9999749,1.2604975e-05
6,6,0.99969685,9.605003e-05
7,7,0.99960077,0.00025146618
7,7,0.9997627,0.00014769877
8,8,0.99752367,0.0014323781
7,7,0.9996813,0.00014857439
5,5,0.9999404,1.901536e-05
0,0,0.9996711,0.00012950037
6,6,0.9995931,0.00015478671
1,1,0.99877864,0.0006672278
5,5,0.9999924,2.6996504e-06
7,7,0.99673,0.0014025876
4,4,0.99995965,1.9791221e-05
6,6,0.99985254,8.629136e-05
1,1,0.9961136,0.0019952718
2,2,0.9999943,2.2758575e-06
5,5,0.99987394,6.0092185e-05
0,0,0.99985087,8.610377e-05
7,7,0.9993308,0.00038651557
9,9,0.9991498,0.0002124956
9,9,0.99989253,4.3978995e-05
0,0,0.99968183,0.0001457977
3,3,0.9998375,9.807244e-05
4,4,0.9999817,7.282265e-06
4,4,0.9983875,0.00048719096
8,8,0.9987933,0.0007528992
4,4,0.99996454,1.9112802e-05
1,1,0.99930227,0.00032021938
8,8,0.9973766,0.0015488307
6,6,0.99996316,1.5110952e-05
5,5,0.99982166,9.09303e-05
9,9,0.9998698,4.467031e-05
0,0,0.9992002,0.00036774864
0,0,0.9999288,4.095924e-05
0,0,0.99993324,2.8141896e-05
3,3,0.99963015,0.00020218836
7,7,0.99961203,0.00023355665
1,1,0.99442244,0.0027925218
6,6,0.9998473,4.191809e-05
4,4,0.9999512,2.3199014e-05
6,6,0.99995726,2.4795634e-05
0,0,0.99994916,3.1460517e-05
4,4,0.9999901,4.7172275e-06
5,5,0.99999094,4.430675e-06
4,4,0.999975,1.2777357e-05
1,1,0.9958159,0.0020411164
3,3,0.99922085,0.0004815858
8,8,0.99916524,0.0005234268
6,6,0.99992704,2.284236e-05
3,3,0.9998965,6.2962325e-05
9,9,0.82514155,0.05483402
9,9,0.9719242,0.011060472
5,5,0.99998075,6.4649903e-06
9,9,0.9999792,8.836311e-06
3,3,0.9897796,0.005528816
7,7,0.99992657,4.498323e-05
8,8,0.99983186,0.00010034649
5,5,0.999973,1.1168739e-05
6,6,0.99995345,2.1377604e-05
4,4,0.9999445,2.9114643e-05
7,7,0.99991053,5.3956883e-05
6,6,0.9998983,4.2990956e-05
2,2,0.9999987,7.113808e-07
2,2,0.9998112,0.000112709866
0,0,0.99958956,0.0002452919
9,9,0.999951,1.2484353e-05
4,4,0.9999911,3.909895e-06
0,0,0.9999154,4.7953345e-05
1,1,0.999275,0.0003299093
2,2,0.99999124,2.830947e-06
3,3,0.9992255,0.0004734897
4,4,0.9999812,1.0506989e-05
5,5,0.9996874,8.165526e-05
6,6,0.99378854,0.0032948204
7,7,0.9998642,6.9784866e-05
8,8,0.9991722,0.00036864338
9,9,0.99988383,2.7557227e-05
0,0,0.9999827,7.766306e-06
1,1,0.997215,0.0013855973
2,2,0.99233305,0.0048058797
3,3,0.9998001,0.000119468
4,4,0.99993503,2.8754157e-05
5,5,0.99998415,6.4381575e-06
6,6,0.9991703,0.000496746
7,7,0.99915534,0.0004126179
8,8,0.9611254,0.013707985
9,9,0.9999345,2.2609951e-05
0,0,0.99996406,1.971619e-05
1,1,0.9887234,0.0040437947
2,2,0.99964416,0.00019255189
3,3,0.9954845,0.0020177723
4,4,0.99983627,8.659674e-05
5,5,0.8628591,0.052356035
6,6,0.9880806,0.007485803
7,7,0.9998771,6.758575e-05
8,8,0.99998033,9.164321e-06
9,9,0.9999651,1.0308304e-05
6,6,0.99998015,8.604255e-06
4,4,0.9999916,2.9458188e-06
2,2,0.99964494,0.00016546047
6,6,0.99968326,0.00013595792
4,4,0.9999746,1.0269781e-05
7,7,0.99905694,0.0005753384
5,5,0.9999871,6.6078637e-06
5,5,0.99999636,1.5571926e-06
4,4,0.99998367,6.7290152e-06
7,7,0.9993634,0.0003911688
2,2,0.99950296,0.00022881941
9,9,0.99996454,1.0555435e-05
3,3,0.9990119,0.0006111687
9,9,0.9999361,2.783502e-05
3,3,0.9977501,0.0011734818
8,8,0.99998444,8.075307e-06
2,2,0.9998888,5.546317e-05
0,0,0.999975,1.0195068e-05
9,9,0.9963242,0.00092311035
5,5,0.9710237,0.013993181
6,6,0.9970549,0.0009019375
0,0,0.9989339,0.0005618612
1,1,0.99957454,0.0002086894
0,0,0.99991953,3.3717573e-05
6,6,0.999976,1.2575048e-05
5,5,0.9990734,0.00024723398
3,3,0.9997805,0.00011453561
5,5,0.999791,0.00010663476
3,3,0.9974426,0.0013734095
8,8,0.9998158,8.958428e-05
0,0,0.99996436,2.0042386e-05
0,0,0.9674428,0.01831122
3,3,0.9993979,0.00032811952
4,4,0.9999651,1.953322e-05
1,1,0.9990904,0.00039157495
5,5,0.99051315,0.004865908
3,3,0.9998956,5.265695e-05
0,0,0.99899256,0.00033700102
8,8,0.99904794,0.0004123162
3,3,0.99668205,0.0011036114
0,0,0.9998711,4.390197e-05
6,6,0.99964964,0.00016505465
2,2,0.9996382,0.00018257686
7,7,0.9987341,0.0007847391
8,8,0.9999975,1.0733668e-06
1,1,0.99781626,0.0010457033
7,7,0.99916965,0.0005229359
1,1,0.9982521,0.00086201663
3,3,0.99891365,0.0005556177
8,8,0.9999779,9.178858e-06
5,5,0.99982166,0.00010107378
4,4,0.99997604,1.2669085e-05
2,2,0.9999312,2.6426991e-05
0,0,0.999852,6.456992e-05
9,9,0.9973766,0.0010508012
7,7,0.99981797,0.00011281289
6,6,0.9999717,1.1396439e-05
7,7,0.9683412,0.02000997
4,4,0.9999695,1.6842232e-05
1,1,0.9706424,0.014250403
6,6,0.99860036,0.0008348239
2,2,0.9579935,0.011589834
6,6,0.98736084,0.007253439
7,7,0.9989082,0.0006876107
1,1,0.9844276,0.007877266
9,9,0.9998833,6.1368526e-05
8,8,0.9999636,1.9846937e-05
0,0,0.99999225,4.081633e-06
6,6,0.99555093,0.00243857
9,9,0.9991509,0.00029073225
4,4,0.99997437,1.2634157e-05
9,9,0.9997934,8.96649e-05
9,9,0.99995387,1.6385742e-05
6,6,0.9952692,0.0028345555
2,2,0.9999819,5.5854925e-06
3,3,0.99984133,8.0246835e-05
7,7,0.9937297,0.0037218984
1,1,0.9996969,9.8343415e-05
9,9,0.9991215,0.00019315982
2,2,0.9998959,5.9779897e-05
2,2,0.8909291,0.042354472
5,5,0.99994767,2.927859e-05
3,3,0.9982343,0.0010348491
7,7,0.99730587,0.0017028444
8,8,0.8909171,0.052410323
0,0,0.9998437,9.008034e-05
1,1,0.9996959,0.00015272565
2,2,0.99999726,9.556298e-07
3,3,0.99687326,0.0019286918
4,4,0.9999859,5.3794624e-06
7,7,0.9998236,8.359547e-05
8,8,0.99989146,5.669587e-05
9,9,0.99996614,8.757028e-06
0,0,0.9999911,5.2959213e-06
1,1,0.9963377,0.002109583
2,2,0.9997223,0.00011452152
3,3,0.99070346,0.0056646806
4,4,0.999993,3.6033052e-06
7,7,0.9998829,6.945532e-05
8,8,0.99999285,3.0980707e-06
9,9,0.99528056,0.0020731618
0,0,0.999996,2.0892837e-06
1,1,0.9970585,0.0013649475
7,7,0.9864055,0.004779859
8,8,0.99992085,3.802354e-05
9,9,0.99758977,0.0012687541
8,8,0.99985695,8.846241e-05
9,9,0.99977875,9.28892e-05
2,2,0.9999925,2.4441426e-06
6,6,0.99997485,9.441557e-06
1,1,0.9997301,0.00012010471
3,3,0.99827445,0.0010865042
5,5,0.9998956,5.745986e-05
4,4,0.999921,3.4733945e-05
8,8,0.99937665,0.00025213585
2,2,0.9999956,1.560471e-06
6,6,0.9649399,0.016516257
4,4,0.9999958,1.6563314e-06
3,3,0.98579055,0.0071618683
4,4,0.99996156,1.8761128e-05
5,5,0.99706286,0.0015574207
9,9,0.99990255,3.7518785e-05
2,2,0.99993545,2.8700006e-05
0,0,0.9999443,2.8859711e-05
3,3,0.89403695,0.042776834
9,9,0.9998306,9.359694e-05
4,4,0.99995196,2.296968e-05
9,9,0.9999455,1.7125654e-05
7,7,0.9948266,0.0032205917
3,3,0.999924,4.3454922e-05
8,8,0.95119685,0.02891935
7,7,0.9996562,0.0001951585
4,4,0.9999155,4.9560353e-05
4,4,0.99995244,2.5358127e-05
9,9,0.9975616,0.00070090394
8,8,0.99993056,4.0072155e-05
5,5,0.99965155,0.00021499481
8,8,0.9999906,4.4055387e-06
2,2,0.9996141,0.00016621113
6,6,0.98139226,0.010709019
6,6,0.99995995,2.4891375e-05
2,2,0.99940157,0.00031836616
3,3,0.9991139,0.0005336666
1,1,0.9911953,0.0045146663
3,3,0.9994672,0.00030423008
2,2,0.9999908,5.19032e-06
7,7,0.9908659,0.0055651763
3,3,0.9971741,0.0013269705
1,1,0.99709815,0.0013029461
9,9,0.9998959,5.1176088e-05
0,0,0.99999714,1.2890315e-06
1,1,0.99965125,0.00013691578
1,1,0.9603201,0.013773513
3,3,0.988834,0.0059716133
5,5,0.999656,0.00014689886
0,0,0.9999962,1.9084314e-06
7,7,0.99702674,0.0018183984
8,8,0.99995327,2.8462095e-05
1,1,0.9977268,0.0010706267
5,5,0.99992526,3.6854013e-05
1,1,0.99653184,0.0017536178
4,4,0.99998534,6.055885e-06
6,6,0.9998628,8.210857e-05
0,0,0.99997026,1.7363102e-05
0,0,0.99999934,3.0335053e-07
4,4,0.9999932,2.6903285e-06
9,9,0.9999606,1.38340665e-05
1,1,0.99771756,0.0010142273
6,6,0.99986553,8.394886e-05
6,6,0.9999073,4.8606584e-05
9,9,0.99592716,0.0010332721
0,0,0.99999684,1.7335302e-06
7,7,0.99991626,5.0301674e-05
6,6,0.999966,1.8469607e-05
1,1,0.9997295,0.0001112496
1,1,0.9995969,0.00017564592
0,0,0.9999835,6.534307e-06
1,1,0.9945389,0.0017027141
2,2,0.97476465,0.0142001305
3,3,0.98920554,0.0065374924
4,4,0.9988755,0.00058175426
7,2,0.6175176,0.07149689
2,2,0.99896795,0.0004130944
3,3,0.9986006,0.0008690941
4,4,0.91075623,0.045292202
5,5,0.89249486,0.042890962
6,6,0.99051607,0.0046549146
7,2,0.76400125,0.052597214
0,0,0.9966809,0.0017130396
1,1,0.99702805,0.0011272186
2,2,0.9920446,0.0028112256
7,7,0.6181255,0.076402366
8,8,0.99977267,0.00012380038
6,6,0.99977577,0.00012408062
3,3,0.8965546,0.044123106
9,9,0.9827328,0.010010885
7,2,0.77201205,0.059628703
1,1,0.9990479,0.00034948968
9,9,0.95313215,0.025700709
3,3,0.96107024,0.023477573
9,9,0.9996313,0.00012730167
6,6,0.99704635,0.0016613113
1,1,0.99960345,0.00017504077
7,7,0.96513784,0.021979079
2,2,0.9764713,0.010853394
4,4,0.99995434,1.5663278e-05
4,4,0.9999932,2.962033e-06
5,5,0.9932041,0.0027558445
7,7,0.9683226,0.018205471
0,0,0.9999839,8.500804e-06
0,0,0.99991167,4.3279895e-05
1,1,0.9994484,0.00026046563
6,6,0.9960865,0.00217421
6,6,0.95523995,0.028144088
8,8,0.99999535,2.8411978e-06
2,2,0.9826722,0.008004658
7,7,0.9227973,0.04865724
7,7,0.90076,0.06043595
2,2,0.8536953,0.042936184
4,4,0.99999255,2.067439e-06
2,2,0.9987421,0.000760525
1,1,0.9976756,0.0011385906
6,6,0.99568576,0.0024753967
1,1,0.9915372,0.0045639733
0,0,0.9999987,6.0239904e-07
6,6,0.9988227,0.0005583346
9,9,0.5918169,0.07215685
8,8,0.99999493,2.396386e-06
3,3,0.9998994,5.526449e-05
9,9,0.98846924,0.0068394467
6,6,0.94133025,0.036389314
3,3,0.99895954,0.00065212866
0,0,0.9999949,3.1666445e-06
1,1,0.9983741,0.0010065485
2,2,0.9172834,0.028970132
3,3,0.9394747,0.029263312
4,4,0.99963313,0.00014340578
5,5,0.99996775,1.705127e-05
6,6,0.99995106,2.3195747e-05
7,7,0.999879,5.1452564e-05
8,8,0.9996377,0.00018839525
9,9,0.99965584,0.000100913734
0,0,0.9999992,2.9611311e-07
1,1,0.9823286,0.0066327364
2,2,0.9980537,0.0011330761
3,3,0.9960984,0.0019092979
4,4,0.9950544,0.0024935084
5,5,0.9999564,1.8846427e-05
6,6,0.9999585,2.43908e-05
7,7,0.99992913,4.4035747e-05
8,8,0.9995223,0.0002736584
9,9,0.9992751,0.00029591538
0,0,0.99999696,1.5248914e-06
1,1,0.9996313,0.00015391338
2,2,0.9989918,0.0005321541
3,3,0.99986875,7.992424e-05
4,4,0.9992231,0.00027775174
5,5,0.9980213,0.0007014758
6,6,0.99998075,7.4048703e-06
7,7,0.9999874,7.155077e-06
8,8,0.9998007,0.00012091324
9,9,0.9998767,4.258201e-05
1,1,0.9997671,9.8616954e-05
6,6,0.99998885,5.366854e-06
8,8,0.97528905,0.014386604
9,9,0.98436415,0.004794796
9,9,0.99993914,1.7844191e-05
0,0,0.99998826,5.9475333e-06
1,1,0.9976042,0.0011836229
2,2,0.99994963,2.3277094e-05
4,4,0.99906147,0.0005408783
4,4,0.9995453,0.00021310926
3,3,0.9999372,3.617093e-05
7,7,0.9994302,0.0003596597
4,4,0.99995935,1.7639462e-05
4,4,0.97921026,0.006331128
4,4,0.9998579,3.583702e-05
0,0,0.9999981,6.750503e-07
3,3,0.9999628,1.8733233e-05
8,8,0.9960853,0.002459568
7,7,0.99834937,0.0008215923
5,5,0.99998933,4.721057e-06
8,8,0.9906944,0.005751619
2,2,0.9945607,0.0029703635
1,1,0.9990028,0.0003832966
7,7,0.9998533,7.391273e-05
5,5,0.9999472,2.1370646e-05
3,3,0.9885192,0.007188283
8,8,0.9989359,0.00054996635
5,5,0.9998741,6.216794e-05
2,2,0.99667865,0.001736151
5,5,0.9999242,3.10544e-05
1,1,0.99701154,0.0018499622
1,1,0.9965002,0.002014082
6,6,0.9999628,2.2089855e-05
2,2,0.9946784,0.0017527934
1,1,0.9979337,0.0012814648
3,3,0.99990624,5.5723584e-05
8,8,0.9999541,2.4147012e-05
6,6,0.99974346,0.00010494456
4,4,0.8839873,0.05866949
2,2,0.99989855,5.7633686e-05
6,6,0.99990004,4.0100058e-05
2,2,0.95649064,0.016178994
5,5,0.99995595,2.146947e-05
5,5,0.99983615,7.62185e-05
0,0,0.9999137,4.6707817e-05
2,2,0.9989344,0.0006253921
8,8,0.9998129,9.469763e-05
0,0,0.9990522,0.00045198778
6,6,0.9999895,4.474181e-06
8,8,0.9998242,9.887088e-05
1,1,0.99954474,0.00021064321
7,7,0.9493679,0.02012832
9,9,0.99993104,2.1118936e-05
1,1,0.9993752,0.0002159941
9,9,0.99979055,4.854549e-05
2,2,0.99073565,0.005553281
6,6,0.9999029,5.685403e-05
7,7,0.99804497,0.00084807107
6,6,0.9899193,0.006291222
6,6,0.98431015,0.009730039
8,8,0.9996277,0.00015990948
7,7,0.9991435,0.0003185239
4,4,0.9999774,9.075021e-06
9,9,0.9998891,5.1429943e-05
2,2,0.9997538,0.00014852245
1,1,0.9999056,3.5295594e-05
3,3,0.99629295,0.002075111
3,3,0.9999631,2.2314945e-05
0,0,0.99866855,0.00078529463
5,5,0.99997056,1.3933209e-05
5,5,0.99999255,3.1993386e-06
8,8,0.99974644,0.00015673984
0,0,0.99961996,0.00020540455
3,3,0.87132263,0.04154419
7,7,0.9999336,3.092176e-05
9,9,0.9998392,3.9222756e-05
7,7,0.99952334,0.00019436583
0,0,0.99998474,7.806072e-06
2,2,0.8296959,0.070098914
7,7,0.99987733,5.0928666e-05
9,9,0.8652302,0.044896107
1,1,0.9998822,5.805889e-05
7,7,0.99207294,0.004747772
8,8,0.99954844,0.00018884153
0,0,0.9999994,3.0419645e-07
3,3,0.9999455,2.355142e-05
5,5,0.9998244,7.414965e-05
3,3,0.9999092,5.476628e-05
6,6,0.9999965,1.4421446e-06
0,0,0.999997,1.426445e-06
1,1,0.99702215,0.0014941331
2,2,0.9998881,5.827064e-05
3,3,0.9942196,0.0024202438
4,4,0.99960554,0.00016181926
5,5,0.9999634,1.7070171e-05
6,6,0.9973167,0.0016668128
7,7,0.99662113,0.0019692492
8,8,0.9999951,2.0561706e-06
9,9,0.9995971,0.000100959776
0,0,0.9999976,1.043625e-06
1,1,0.99573964,0.002311201
2,2,0.96637356,0.011495456
3,3,0.9480686,0.027408365
4,4,0.99712676,0.0016015216
5,5,0.9992901,0.0003275285
6,6,0.99599713,0.002520043
7,7,0.9959165,0.0022597713
8,8,0.9999574,1.6429232e-05
9,9,0.99946845,0.00026427238
0,0,0.9999987,4.7912266e-07
1,1,0.99738634,0.0014141636
2,2,0.997789,0.0010729827
3,3,0.9308565,0.03534318
4,4,0.996926,0.0015108881
7,7,0.9992622,0.0003294435
8,8,0.9933203,0.004154822
9,9,0.99703676,0.0014884693
6,6,0.9996172,0.0001769856
4,4,0.99229604,0.0021841875
2,2,0.99948585,0.0002887943
6,6,0.88231814,0.06009832
4,4,0.8621041,0.041612178
7,7,0.9880786,0.0056128055
8,8,0.9999955,2.7322826e-06
9,9,0.9983508,0.0006437489
2,2,0.9998642,6.83765e-05
9,9,0.9987284,0.00039555063
3,3,0.9938099,0.00267304
9,9,0.99996537,1.2334213e-05
3,3,0.99928933,0.00043415534
0,0,0.9999542,2.2716626e-05
0,0,0.999994,2.4397896e-06
1,1,0.99930984,0.00018945865
0,0,0.99999017,3.8613175e-06
4,4,0.99998915,5.408845e-06
2,2,0.9960896,0.0014562365
6,6,0.986843,0.008217898
3,3,0.9308494,0.01740815
5,5,0.999942,2.7315386e-05
3,3,0.99937665,0.00039128694
0,0,0.99996674,1.7478476e-05
3,3,0.978903,0.013124971
4,4,0.999997,1.2046828e-06
1,1,0.9929349,0.0035723976
5,5,0.99937135,0.00024947038
3,3,0.9990131,0.000615762
0,0,0.99999726,1.3169611e-06
8,8,0.9998331,6.5153625e-05
3,3,0.99312323,0.0032761805
0,0,0.99999934,2.77477e-07
6,6,0.99671876,0.0019864505
1,1,0.9953219,0.0024743597
7,7,0.9991844,0.0004140702
8,8,0.9949287,0.002483187
0,0,0.99998844,4.782759e-06
9,9,0.9697031,0.009361478
2,2,0.9998188,8.1863e-05
6,6,0.9996046,0.00023711202
7,7,0.9965866,0.0014498692
1,1,0.997182,0.0012759829
9,9,0.99989474,5.162895e-05
6,6,0.9521817,0.030050403
9,9,0.9870041,0.004921525
4,4,0.9449256,0.017892383
9,9,0.9988327,0.00054379384
9,9,0.9912006,0.0039607356
6,6,0.98665684,0.008230946
7,7,0.9962443,0.0023321058
1,1,0.9989702,0.00050071103
2,2,0.9993423,0.00031491966
5,5,0.99854136,0.00089516037
3,3,0.9938898,0.00374992
7,7,0.9880725,0.0075174435
8,8,0.99965084,0.00015396619
0,0,0.9999951,2.0448447e-06
1,1,0.99813145,0.0011410794
2,2,0.99998176,4.5088136e-06
4,4,0.97787774,0.0063771107
5,5,0.99637115,0.0017574079
6,6,0.99770373,0.00089562545
7,7,0.9998554,9.0467365e-05
8,8,0.9994561,0.00033876186
9,9,0.99998605,4.8203933e-06
0,0,0.99999875,5.4038713e-07
1,1,0.9996225,0.00020486544
3,3,0.99968374,0.00014347202
4,4,0.9975834,0.0009905014
5,5,0.99997675,8.244783e-06
6,6,0.9997679,7.192064e-05
7,7,0.99998415,8.09962e-06
8,5,0.6745994,0.06711909
0,0,0.9953206,0.0027850035
1,1,0.99954736,0.00022112795
3,3,0.9962438,0.0023273483
4,4,0.99919206,0.00026486607
7,7,0.99962157,0.00023482782
8,8,0.98607874,0.006728115
9,9,0.9997877,9.114541e-05
7,7,0.99972135,0.0001755739
5,5,0.9998711,6.353318e-05
5,5,0.98714924,0.00682387
1,1,0.9990778,0.0005477381
9,9,0.999987,3.8778344e-06
9,9,0.99436605,0.0017265982
7,7,0.99996567,1.9286617e-05
1,1,0.9951234,0.0023483138
0,0,0.99978507,8.674784e-05
0,0,0.99995434,2.2895221e-05
5,5,0.9999938,2.9769203e-06
9,9,0.99998677,4.0694154e-06
7,7,0.999973,1.1035576e-05
1,1,0.9989704,0.00059419166
7,7,0.9999026,3.793167e-05
2,2,0.9917935,0.0032849659
2,2,0.99999535,2.5914887e-06
3,3,0.99978656,0.00010284871
6,6,0.9999901,4.7651342e-06
8,8,0.99992955,4.267703e-05
3,3,0.98574305,0.0068493537
2,2,0.9983052,0.00063790136
0,0,0.9998849,6.100348e-05
0,0,0.9998581,7.9415106e-05
6,6,0.99953127,0.00018192815
1,1,0.99079216,0.005780095
7,7,0.99950254,0.00031351857
5,5,0.9999539,1.7660544e-05
8,8,0.89411247,0.049747057
6,6,0.9977914,0.00079858006
2,2,0.99987173,6.678623e-05
9,9,0.9999937,2.2576091e-06
4,4,0.9999851,4.891398e-06
8,8,0.9998943,6.115083e-05
8,8,0.99996674,1.8735689e-05
7,7,0.9999197,4.87173e-05
1,1,0.99829483,0.0008658132
0,0,0.9995235,0.00022368622
8,8,0.99980867,0.00010298969
7,7,0.9997633,0.00014493454
7,7,0.9999874,6.864508e-06
5,5,0.9999825,7.119235e-06
8,8,0.99984694,8.804508e-05
5,5,0.99998295,6.448886e-06
3,3,0.99086285,0.004389797
4,4,0.9999914,3.3269912e-06
6,6,0.9990128,0.00039040364
1,1,0.999921,4.262211e-05
1,1,0.99963284,0.00021860663
5,5,0.99999344,2.688271e-06
5,5,0.99784625,0.001017495
0,0,0.9961111,0.0022829939
7,7,0.9998411,9.8172066e-05
2,2,0.99998486,6.0791754e-06
3,3,0.9422531,0.032641117
6,6,0.99958915,0.00020338218
4,4,0.99795306,0.0008874239
1,1,0.997907,0.0012258983
2,2,0.99630195,0.0014233205
4,4,0.9992545,0.00031128747
1,1,0.996442,0.0021884178
5,5,0.99986666,6.903343e-05
4,4,0.99994344,1.8124754e-05
2,2,0.9999962,1.4435352e-06
0,0,0.999986,7.704169e-06
4,4,0.9923538,0.0034117487
8,8,0.99516976,0.0028701923
6,6,0.9985274,0.00069670024
1,1,0.9990457,0.0005429124
9,9,0.99997073,1.24445305e-05
0,0,0.9999992,4.242176e-07
2,2,0.9999334,3.3560053e-05
5,5,0.99999267,3.4840923e-06
6,6,0.99980384,9.933149e-05
9,9,0.9996694,0.00010970495
3,3,0.9994173,0.0002537844
6,6,0.9915811,0.0043154694
3,3,0.9999579,2.0890471e-05
6,6,0.9358059,0.026601052
0,0,0.9999963,1.8294852e-06
1,1,0.99987143,6.5465734e-05
2,2,0.9997362,0.00011499005
3,3,0.9998886,5.9741975e-05
4,4,0.9986044,0.00048827697
5,5,0.9998124,0.00011445615
6,6,0.9999813,5.926442e-06
7,7,0.9999129,4.276166e-05
8,8,0.9989344,0.0006432439
9,9,0.9995362,0.00018185843
0,0,0.99908435,0.00056085637
1,1,0.99978554,0.00011782082
2,2,0.9989252,0.00042658375
3,3,0.9999242,4.3516855e-05
4,4,0.995119,0.0018722726
5,5,0.9808267,0.010140911
6,6,0.9999822,4.6163873e-06
7,7,0.999956,2.6191963e-05
8,8,0.95447314,0.018801361
9,9,0.9999765,8.43329e-06
0,0,0.99999845,8.746762e-07
1,1,0.99954224,0.00021609149
2,2,0.99999905,3.35558e-07
3,3,0.99979144,0.00012776711
5,5,0.9104431,0.038186044
6,6,0.9992585,0.00025235763
7,7,0.9999606,2.3793453e-05
8,8,0.8414515,0.05978735
1,1,0.99992925,3.599921e-05
0,0,0.99999845,6.266356e-07
9,9,0.99969214,9.130352e-05
5,5,0.9984643,0.0007898326
7,7,0.9507885,0.024832252
5,5,0.9968565,0.0011832321
1,1,0.999564,0.00025970355
8,8,0.99968326,0.00019734954
6,6,0.9999954,1.6625943e-06
9,9,0.99417084,0.0023254275
0,0,0.99998826,7.1998716e-06
4,4,0.9999255,2.1534592e-05
1,1,0.9996872,0.00016422682
9,9,0.9998549,6.3362226e-05
3,3,0.99692786,0.0018105035
8,8,0.9997302,0.00014123978
4,4,0.9986533,0.0006788918
4,4,0.99947035,0.0002533282
7,7,0.9984811,0.0006180328
0,0,0.9999733,1.02648655e-05
1,1,0.9999258,3.7543512e-05
9,9,0.9999344,2.8509885e-05
2,2,0.9940275,0.002481243
8,8,0.9997672,0.00011312781
7,7,0.9998762,7.0237395e-05
8,8,0.9998848,6.883906e-05
2,2,0.8465463,0.0642734
5,5,0.75248665,0.057258237
9,9,0.99804914,0.00066006486
6,6,0.9999811,6.747324e-06
0,0,0.9984149,0.00087857357
6,6,0.9572396,0.015286559
5,5,0.9696692,0.01433477
5,5,0.9999878,4.5322836e-06
3,3,0.9929988,0.0043063695
3,3,0.9984201,0.0007497502
3,3,0.9995189,0.00028765743
9,9,0.9999531,1.29034615e-05
8,8,0.9620184,0.022642408
1,1,0.9998371,6.880534e-05
1,1,0.9998523,7.497706e-05
0,0,0.9925121,0.0044351793
6,6,0.9998128,6.0983795e-05
1,1,0.99983346,8.662179e-05
0,0,0.99848384,0.00062788243
0,0,0.999987,6.410179e-06
6,6,0.99989575,4.3414322e-05
2,2,0.9997355,0.00016504209
1,1,0.99792165,0.0012719093
1,1,0.9998294,9.136992e-05
3,3,0.999849,9.2143426e-05
2,2,0.9992086,0.00036427192
7,7,0.9994496,0.00019060462
7,7,0.99991703,4.61186e-05
8,8,0.9979396,0.0010569247
8,8,0.976244,0.008705305
7,7,0.9999674,1.2970364e-05
8,8,0.9998617,8.3037994e-05
4,4,0.99607813,0.0016777581
6,6,0.99965256,0.00012668651
0,0,0.9980318,0.0012264195
2,2,0.99464226,0.002453336
0,0,0.9999957,1.411642e-06
7,7,0.99942625,0.00025872723
0,0,0.99998665,7.952724e-06
3,3,0.9952513,0.0029870362
6,6,0.999996,2.1207359e-06
8,8,0.99990165,4.73619e-05
7,7,0.99781334,0.00082850084
1,1,0.999173,0.0003117287
5,5,0.99944466,0.00021833961
9,9,0.9996172,7.914055e-05
9,9,0.9987901,0.00023753553
3,3,0.9998639,7.422145e-05
7,7,0.99996185,2.0977584e-05
2,2,0.9999377,2.6150923e-05
4,4,0.99972093,0.00011292932
9,9,0.99977505,6.314531e-05
4,4,0.99997205,1.1994297e-05
3,3,0.9969257,0.001573696
6,6,0.99995947,1.3326126e-05
2,2,0.99733007,0.0011299583
2,2,0.99298555,0.003571504
5,5,0.9990796,0.00056611525
3,3,0.9999075,5.1325296e-05
2,2,0.9999959,1.9051331e-06
5,5,0.9996438,0.00021138019
5,1,0.5654038,0.101703525
9,9,0.9999486,1.7156262e-05
4,4,0.999976,1.1215999e-05
1,1,0.99874735,0.00065877853
7,7,0.9999012,4.6356832e-05
2,2,0.9992856,0.00031761598
0,0,0.9999979,8.9028043e-07
1,1,0.9996413,0.00017615822
2,2,0.7012156,0.07371132
3,3,0.7972311,0.07551015
4,4,0.98510903,0.0050345124
5,5,0.99988717,6.157962e-05
6,6,0.99997824,7.4783193e-06
7,7,0.99965274,0.0001563901
8,8,0.99595374,0.0021520923
9,9,0.977983,0.0072709797
0,0,0.99998796,6.2657264e-06
1,1,0.9997624,0.0001146449
2,2,0.98543036,0.0073600365
3,3,0.92900753,0.040620655
4,4,0.9963791,0.0021079828
5,5,0.9985045,0.0005532723
6,6,0.99989736,3.3690798e-05
7,7,0.8565825,0.062015902
8,8,0.9932998,0.0025963492
9,9,0.99133384,0.004284433
0,0,0.98579466,0.008845034
1,1,0.99411315,0.0024992772
2,2,0.9999685,1.5183645e-05
3,3,0.9934333,0.002865952
4,4,0.9937145,0.00240049
5,5,0.48163405,0.10913448
6,6,0.99937594,0.00021882818
7,7,0.9942406,0.0036374226
8,8,0.9999943,2.544324e-06
9,9,0.965417,0.012121703
1,1,0.99921685,0.00035911324
0,0,0.99995613,1.6697537e-05
1,1,0.99869287,0.00051975495
2,2,0.9997617,0.00013192897
7,7,0.9084562,0.036385875
5,5,0.9999921,3.054818e-06
3,3,0.99914455,0.0002963375
4,4,0.99800414,0.0012461541
4,4,0.9998163,8.318351e-05
0,0,0.99999523,2.4348944e-06
0,0,0.99999774,9.3095e-07
6,6,0.9999134,3.3450076e-05
9,8,0.6237651,0.06575437
6,6,0.99607277,0.0017290494
6,6,0.90391654,0.042448685
5,5,0.9850772,0.007487015
7,7,0.91106546,0.0524656
2,2,0.95977557,0.022531252
3,3,0.9540695,0.027792681
4,4,0.9999216,3.643627e-05
4,4,0.9405123,0.025316644
9,9,0.99984133,4.9266142e-05
1,1,0.9488945,0.026228016
4,4,0.99953383,0.0001671006
0,0,0.9999052,4.4168402e-05
7,7,0.99995154,2.8678618e-05
9,9,0.9888649,0.004198344
5,5,0.99967974,0.00015803849
7,7,0.9854194,0.007042526
2,2,0.9999424,1.892955e-05
3,3,0.9947998,0.003096458
1,1,0.9968716,0.001078658
4,4,0.99982613,0.00010342415
4,4,0.99991417,4.6980254e-05
0,0,0.99995106,2.872092e-05
9,9,0.99997884,7.959626e-06
9,9,0.9831689,0.0066076727
6,6,0.99998695,5.5742285e-06
1,1,0.8840233,0.06165294
8,8,0.99998045,8.158596e-06
3,3,0.98253125,0.010164773
3,3,0.9857063,0.0074702064
7,7,0.97829837,0.007628669
3,3,0.9938342,0.0038111624
9,9,0.9996584,0.00012972506
8,8,0.99999887,4.083065e-07
8,8,0.99587345,0.0018910657
4,4,0.99974763,0.00012143337
7,7,0.9994847,0.00031765184
7,7,0.9999151,5.2394473e-05
6,6,0.9999913,3.4757209e-06
2,2,0.9996298,0.00019295645
1,1,0.9988497,0.0005287117
9,9,0.9956552,0.0015472122
8,8,0.99016476,0.0061968807
7,7,0.9992019,0.00049819506
8,8,0.9999957,1.7162616e-06
8,8,0.99995005,1.985913e-05
7,7,0.9977175,0.0014390496
2,2,0.99009454,0.0054566846
2,2,0.9999468,3.186409e-05
3,3,0.9979927,0.001218736
9,9,0.99783945,0.0008720698
3,3,0.99916536,0.00052210805
3,3,0.9973316,0.0015544575
5,5,0.99988776,5.9391994e-05
5,5,0.9999796,9.737883e-06
0,0,0.9998784,6.1108105e-05
7,7,0.98746526,0.007921787
9,4,0.9854606,0.006900905
5,5,0.99993646,2.6028367e-05
6,6,0.9999887,3.881284e-06
5,5,0.9999874,5.930123e-06
1,1,0.94349164,0.034052305
4,4,0.999897,5.517221e-05
1,1,0.9995729,0.00019705568
1,1,0.99295026,0.0033745524
2,2,0.9977806,0.0011613932
8,8,0.9858885,0.007018678
2,2,0.9999424,2.3184806e-05
6,6,0.9999936,2.043124e-06
1,1,0.99351025,0.0031960893
5,5,0.998912,0.0004911256
0,0,0.99996674,1.9659616e-05
1,1,0.9928897,0.0035105632
2,2,0.9998342,6.854898e-05
3,3,0.99980795,9.873007e-05
4,4,0.99994737,2.4380071e-05
5,5,0.9845562,0.0072920807
6,6,0.9796594,0.008126856
7,7,0.9522955,0.030160118
8,8,0.9942972,0.0031176205
9,9,0.9997085,6.91577e-05
0,0,0.9999711,1.2318807e-05
1,1,0.96275175,0.016625088
2,2,0.7261516,0.083994724
3,3,0.9713737,0.012926726
4,4,0.9920654,0.004008352
5,5,0.99998873,4.4277613e-06
6,6,0.9320837,0.0396092
7,7,0.9040537,0.05823239
8,8,0.9997203,0.00011653232
9,9,0.99924314,0.00025023016
0,0,0.99834394,0.0005212347
1,1,0.95686626,0.01875995
2,2,0.99997437,1.3935198e-05
3,3,0.833958,0.050985046
4,4,0.99982536,7.985433e-05
5,5,0.99984205,6.4575754e-05
6,6,0.92539084,0.036773793
7,7,0.9910401,0.005625026
8,8,0.9896692,0.0055636903
8,8,0.9937221,0.0033540495
0,0,0.9999487,2.0240837e-05
6,6,0.86392725,0.058243
0,0,0.9999138,3.3370256e-05
0,0,0.5114781,0.10694675
2,2,0.9999793,6.514919e-06
3,5,0.59330577,0.07358609
7,7,0.9970546,0.0018490866
9,9,0.80223036,0.056391515
4,4,0.98890257,0.0069383993
7,7,0.9792775,0.013092451
1,1,0.9998358,7.3778836e-05
9,7,0.71128803,0.088773526
1,1,0.848771,0.048562914
7,7,0.97532827,0.0155915795
1,1,0.85562456,0.051501375
4,4,0.9994823,0.00018234475
0,0,0.99999416,2.684883e-06
0,0,0.999996,1.5472581e-06
1,1,0.9931242,0.0022683728
7,7,0.9988982,0.0005249993
5,5,0.9944927,0.002137634
7,7,0.9908066,0.005667644
1,1,0.9204874,0.033064723
3,3,0.9957975,0.0026332834
3,3,0.9658116,0.01477696
3,3,0.97437066,0.015700908
1,1,0.99691516,0.0016972652
6,6,0.99309045,0.0042184135
9,9,0.9988049,0.00032554785
7,7,0.9995407,0.000282612
1,1,0.9952978,0.0027038748
3,3,0.8992243,0.032741614
0,0,0.99997073,1.5964517e-05
2,7,0.6917067,0.07790898
6,6,0.90013105,0.06035902
0,0,0.9998457,6.1919854e-05
8,8,0.9933524,0.0025554446
9,9,0.99631435,0.0015354995
4,7,0.916657,0.024267405
3,3,0.9992752,0.00039228215
5,5,0.99993163,2.9541177e-05
4,4,0.9999629,1.4186786e-05
8,8,0.99991214,4.8534108e-05
1,1,0.9981233,0.0008647183
5,5,0.9997721,8.453531e-05
9,9,0.9986857,0.00039006255
0,0,0.9978905,0.0009397118
6,6,0.9088152,0.056101553
6,3,0.4134314,0.09582895
3,3,0.99952924,0.00028960075
8,8,0.99890316,0.00066729356
1,1,0.998902,0.00051681994
4,4,0.9997778,0.00010411113
7,7,0.98415804,0.009108725
5,5,0.99956334,0.00020362502
2,2,0.88707745,0.060372084
0,0,0.9972383,0.0014098448
0,0,0.99980104,8.1880906e-05
1,1,0.9992984,0.00035668793
7,7,0.99936455,0.00038406806
8,8,0.9944023,0.002241054
9,7,0.8953602,0.04420016
6,6,0.97209454,0.016197797
8,8,0.9572729,0.024110196
8,8,0.90484744,0.057084043
2,2,0.8612771,0.050462127
3,3,0.9981928,0.0010875072
6,5,0.57100886,0.077721596
1,1,0.89613897,0.041075774
2,2,0.43025836,0.111499906
9,9,0.99461573,0.001884743
5,5,0.99995315,1.5911828e-05
2,2,0.99959105,0.00019318027
0,0,0.99995536,2.5708005e-05
1,1,0.99978286,9.891983e-05
2,2,0.9998565,5.477717e-05
3,3,0.9995429,0.00028484967
4,4,0.9998789,4.383221e-05
5,5,0.9980489,0.00071292015
6,6,0.9663696,0.019664796
7,7,0.9983301,0.00084737485
8,8,0.9096812,0.027711231
9,9,0.9998194,5.9201324e-05
0,0,0.9999647,1.1916831e-05
1,1,0.9998463,6.561836e-05
2,2,0.85371745,0.0517987
3,3,0.99519336,0.002814708
4,4,0.9999925,2.3957357e-06
5,5,0.909451,0.03106435
6,6,0.8810712,0.04829095
7,7,0.9983716,0.0009921255
8,8,0.99922085,0.00027763777
9,9,0.9967295,0.0013538881
0,0,0.99992067,3.4004643e-05
1,1,0.9996422,0.00012554237
2,2,0.9752558,0.0070801363
3,3,0.99997693,1.3426494e-05
4,4,0.9977832,0.0011918318
5,6,0.840812,0.0638933
6,6,0.9842194,0.0075646057
7,7,0.885646,0.04812183
8,8,0.91101396,0.034788333
9,9,0.48497072,0.12722304
7,7,0.9951237,0.002728157
4,9,0.55548096,0.06809021
6,6,0.964666,0.016910288
1,1,0.99996436,1.547916e-05
4,4,0.993412,0.0036110487
0,0,0.99993503,2.8313085e-05
9,9,0.72577035,0.09316541
9,9,0.9542818,0.01737008
3,8,0.66126305,0.08731784
7,7,0.9804179,0.012151231
8,8,0.9887911,0.0042806314
4,0,0.71497184,0.09802159
7,7,0.9963396,0.0021789377
5,5,0.94549054,0.03365112
8,8,0.9999917,4.1588037e-06
5,5,0.6285127,0.0794982
3,3,0.9975649,0.0012823959
2,2,0.927931,0.04331062
2,2,0.711821,0.06477564
0,0,0.99999684,1.3858988e-06
5,5,0.9716407,0.012230331
8,8,0.6576829,0.068888895
6,6,0.94513834,0.032354854
0,0,0.9999871,4.9128657e-06
3,3,0.99986315,6.0370017e-05
8,8,0.99997485,1.4183238e-05
1,1,0.99980754,8.476824e-05
0,0,0.9999983,6.960835e-07
3,3,0.60765064,0.08021531
0,0,0.99999106,4.195245e-06
4,4,0.9611681,0.017692855
7,7,0.99591225,0.0022960478
4,4,0.9999075,3.6491267e-05
9,9,0.99963474,0.00010872898
2,0,0.9650183,0.021725105
9,9,0.9952005,0.002396422
5,0,0.9712459,0.012110146
7,7,0.9944512,0.0033137458
1,1,0.99874437,0.00069468154
7,7,0.99823016,0.00088903436
1,1,0.9997364,0.0001003222
6,6,0.95313674,0.027782673
6,6,0.9845974,0.008493231
5,0,0.9679629,0.015314463
6,6,0.9938347,0.0038407377
2,0,0.84343255,0.06452035
8,8,0.70920503,0.06990028
7,7,0.91688836,0.03550448
6,5,0.5994,0.07666558
4,4,0.99065334,0.0036767586
9,9,0.9998652,3.3958757e-05
9,9,0.9991473,0.0004103615
5,5,0.96907014,0.01843581
3,3,0.9908341,0.004351773
7,7,0.9845878,0.008042142
4,4,0.99723786,0.0011953115
3,3,0.9834181,0.0075722807
0,0,0.99999034,3.819309e-06
4,9,0.40132314,0.101693794
6,5,0.5435397,0.077402316
6,6,0.9948641,0.0031237232
1,1,0.9998107,6.843505e-05
1,1,0.9966094,0.0018215945
3,3,0.9984175,0.0009775232
2,2,0.99982375,0.000104073515
1,1,0.9868857,0.004862105
0,0,0.99923533,0.00036961475
0,0,0.99943674,0.0003357694
1,1,0.9998819,4.3875498e-05
2,2,0.9996878,0.00013065612
3,3,0.9672043,0.019727629
4,4,0.9999798,1.04124565e-05
7,7,0.9998394,0.00010008097
8,8,0.99994355,3.4728135e-05
9,4,0.65882903,0.07865827
0,0,0.9999873,5.461265e-06
1,1,0.9998909,3.8987695e-05
2,2,0.5266547,0.12003584
3,3,0.99891406,0.00046613635
4,4,0.9999695,1.4708186e-05
5,5,0.999405,0.00016543949
6,6,0.9466047,0.033357315
7,7,0.99987936,6.351316e-05
8,8,0.99925756,0.00034405972
0,0,0.99983966,9.440559e-05
1,1,0.99938333,0.0003209169
2,2,0.99983215,8.516677e-05
3,3,0.9995159,0.00029014167
4,4,0.99998343,6.9001244e-06
7,7,0.999771,0.00014294642
8,8,0.9989871,0.0006231926
9,9,0.99992955,2.527411e-05
0,0,0.9978113,0.0010536006
8,8,0.99981564,0.0001133341
3,3,0.5836833,0.07532725
9,9,0.99936926,0.00015079776
5,5,0.99978733,9.774723e-05
5,5,0.9940828,0.0024368432
2,2,0.80132353,0.0679349
6,6,0.9985939,0.0006310484
8,8,0.97681636,0.010010455
4,4,0.99994594,2.1189784e-05
1,1,0.99957466,0.00014393308
7,7,0.99981296,0.0001047523
1,1,0.99920243,0.0003073251
2,8,0.38251978,0.11714691
3,3,0.9760748,0.010298322
5,5,0.99998444,4.8244365e-06
6,6,0.9780539,0.012948903
9,9,0.999905,2.7473634e-05
1,1,0.9996874,0.00014588969
1,1,0.99926627,0.00023342339
1,1,0.9975909,0.0009100332
2,2,0.793173,0.07470662
1,1,0.99972564,0.00012466466
2,2,0.99918395,0.0002876984
0,0,0.9924793,0.004217484
7,7,0.99958575,0.00025230384
7,7,0.99991065,5.1069386e-05
5,5,0.99993765,2.170276e-05
8,8,0.99989855,6.1963125e-05
2,2,0.9734639,0.010661266
9,9,0.99327326,0.002209796
8,8,0.9985918,0.00087793684
6,8,0.9293807,0.021390546
7,7,0.99989873,5.938527e-05
3,3,0.9986537,0.000524913
4,4,0.99998873,6.219162e-06
6,6,0.96381503,0.021967152
8,8,0.9995818,0.00023250317
7,7,0.9997441,0.00014945061
0,0,0.99998504,7.095367e-06
4,4,0.99998,8.304409e-06
2,2,0.8854146,0.054678254
7,7,0.9999399,2.8268778e-05
7,7,0.9999409,3.392649e-05
5,5,0.9989293,0.0004198703
4,4,0.9999776,1.221907e-05
3,3,0.99924344,0.00038814353
4,4,0.9997662,0.000104254534
2,2,0.8641714,0.04885513
8,8,0.9996799,0.00018352669
1,1,0.9989508,0.00058189954
5,5,0.99992925,3.3446828e-05
1,1,0.9999156,3.5324316e-05
0,0,0.93228275,0.023536898
2,2,0.9867312,0.00810349
3,3,0.99087447,0.004434168
3,3,0.69689244,0.061098676
5,5,0.8804609,0.052811634
7,7,0.93146265,0.03480478
0,0,0.99954355,0.00020551178
6,6,0.90631545,0.041725587
8,8,0.9990773,0.00041673263
6,0,0.5892754,0.09135544
3,3,0.9967683,0.0019103352
9,9,0.95028675,0.020786483
9,9,0.65877354,0.07225464
8,8,0.99046266,0.0049425913
2,2,0.9768709,0.008909361
7,7,0.99726593,0.0016965788
7,7,0.99983966,9.716615e-05
1,1,0.99988496,4.7382036e-05
0,0,0.99998856,6.494623e-06
1,1,0.9995365,0.00027066714
7,7,0.9999019,6.1291576e-05
8,8,0.9998393,9.044116e-05
9,9,0.9182948,0.03577403
0,0,0.99999315,4.0236905e-06
1,1,0.97637033,0.010802164
2,2,0.7019135,0.07802147
3,3,0.694497,0.07454133
4,4,0.99984014,6.993162e-05
5,5,0.9980814,0.00091941486
6,6,0.9931916,0.0042426083
7,7,0.99929845,0.00043884007
8,8,0.9652252,0.014844336
0,0,0.99999845,6.6723607e-07
1,1,0.9998903,3.928145e-05
2,2,0.9953005,0.0025753572
3,3,0.9900056,0.0060602697
4,4,0.99992734,3.284036e-05
7,7,0.8178768,0.06212305
8,8,0.9999939,2.9429714e-06
9,9,0.96405804,0.019274276
7,7,0.99879247,0.00072241353
8,8,0.99952346,0.00027914814
6,6,0.99406636,0.002705308
4,4,0.8819954,0.0429215
1,1,0.99677706,0.0016498963
9,9,0.96021557,0.013453612
3,3,0.932535,0.03261302
8,8,0.8313446,0.047080513
4,4,0.99780786,0.0012637612
4,4,0.9999571,2.3789918e-05
7,7,0.9999283,3.406431e-05
0,0,0.9999857,4.7486924e-06
1,1,0.99923384,0.00037366623
9,9,0.9968942,0.001294468
2,2,0.9998212,6.7990695e-05
8,8,0.9996144,0.00024012807
7,7,0.9997226,0.00015449125
8,8,0.99709463,0.0016141156
2,2,0.9986721,0.0006962739
6,6,0.991316,0.0054250397
0,0,0.99998075,1.0441143e-05
6,6,0.84763765,0.039455283
5,5,0.99821246,0.0008427971
3,3,0.9938098,0.0038866284
3,3,0.91811687,0.043800764
3,8,0.9064399,0.03503236
9,9,0.9980424,0.00091285305
1,1,0.9997946,9.347581e-05
4,4,0.8599572,0.06384382
0,0,0.99998456,7.9512065e-06
6,6,0.9989222,0.00052259036
1,1,0.9999343,2.7460013e-05
0,0,0.99998796,3.844357e-06
0,0,0.99999446,2.114399e-06
6,6,0.97932976,0.010343614
2,2,0.9990128,0.0005895549
1,1,0.9953741,0.0023974155
1,1,0.9868719,0.00706585
7,7,0.9995581,0.0002604262
7,7,0.99840575,0.0009679349
8,8,0.94732344,0.032424357
4,4,0.99990386,4.1055555e-05
6,6,0.99922496,0.00037067448
0,0,0.9998356,7.350522e-05
7,7,0.99679023,0.0019144695
0,0,0.99992216,4.1100233e-05
3,3,0.99067605,0.005643525
6,6,0.9998976,3.873076e-05
8,8,0.9973742,0.0016381617
7,7,0.99969757,0.00018985588
1,1,0.9998519,7.061781e-05
5,5,0.99919164,0.00024323314
2,2,0.9999896,4.3129266e-06
4,4,0.9999774,1.1207076e-05
9,9,0.99791336,0.0009530224
4,4,0.99990064,4.0662326e-05
3,3,0.783954,0.068699025
6,6,0.7777542,0.07839214
4,4,0.9998914,4.522795e-05
1,1,0.9706831,0.014672267
7,7,0.99466723,0.003017315
2,2,0.7485026,0.08179686
6,6,0.9192637,0.0428238
5,6,0.71241057,0.05917915
0,0,0.9999949,2.6657983e-06
1,1,0.99755114,0.00106703
2,2,0.93482906,0.033571087
3,3,0.9752027,0.011390106
4,4,0.9999822,7.0193105e-06
5,5,0.99957764,0.00025892947
6,6,0.99563634,0.0027522887
7,7,0.9988348,0.0006267834
8,8,0.9982228,0.0011026732
9,9,0.9997028,0.00013185813
0,0,0.9999809,6.35792e-06
1,1,0.9941516,0.003087187
2,2,0.9995966,0.00021724675
3,3,0.83278817,0.060101103
4,4,0.99999106,2.7904211e-06
5,5,0.99882954,0.0004916446
6,6,0.99997205,1.6620017e-05
