y_true,y_pred,conf,std
7,7,0.99980915,0.00011660822
2,2,0.97967654,0.0121058235
1,1,0.99383086,0.0032314472
0,0,0.9991683,0.00052275014
4,4,0.9979351,0.0008310935
1,1,0.9988186,0.00043067726
4,4,0.9997662,8.695558e-05
9,9,0.99999297,1.8326742e-06
5,5,0.97436106,0.006724325
9,9,0.9977152,0.00068819575
0,0,0.9999747,1.43268135e-05
6,6,0.99895954,0.00041135232
9,9,0.9995429,0.00014186001
0,0,0.99999446,2.4485548e-06
1,1,0.9993823,0.000381855
5,5,0.9362057,0.02756701
9,9,0.9991924,0.0002233583
7,7,0.9971407,0.0015429696
3,8,0.5718273,0.07586658
4,4,0.9999859,5.011636e-06
9,9,0.696942,0.06878744
6,6,0.9895295,0.0063910796
6,6,0.99969834,0.00013725474
5,5,0.9999863,6.7541487e-06
4,4,0.9996068,0.00016252723
0,0,0.9999936,2.8287895e-06
7,7,0.9985951,0.0007249798
4,4,0.9998409,8.3903986e-05
0,0,0.9999517,2.9975805e-05
1,1,0.9995567,0.00017876207
3,3,0.99832267,0.00096202194
1,1,0.99951285,0.00023510409
3,3,0.99473286,0.003200008
4,4,0.8206129,0.058800865
7,7,0.9812474,0.011854302
2,2,0.9972159,0.0008336765
7,7,0.99329376,0.004223588
1,1,0.9998373,7.617166e-05
2,2,0.7237916,0.075939246
1,1,0.99994314,3.0225876e-05
1,1,0.9995511,0.00024735506
7,7,0.99846303,0.00096752227
4,4,0.9999175,3.2000014e-05
2,2,0.8213751,0.057331454
3,3,0.89206964,0.051241547
5,5,0.9995335,0.00012796473
1,1,0.99733937,0.0010384673
2,2,0.99961644,0.00016339708
4,4,0.99971694,0.00013364223
4,4,0.94046485,0.021901619
6,6,0.99223834,0.0044209925
3,3,0.99649554,0.0014827908
5,5,0.9999665,1.3267263e-05
5,5,0.9997697,9.674237e-05
6,6,0.99672776,0.0016032858
0,0,0.9998037,0.000113068636
4,4,0.99982584,8.47821e-05
1,1,0.9976128,0.0008696478
9,9,0.9996551,0.00012338492
5,5,0.9769951,0.009782276
7,7,0.9998372,7.724626e-05
8,8,0.694909,0.072281644
9,9,0.95490015,0.016689878
3,3,0.99825305,0.00061080843
7,7,0.9298312,0.04247242
4,4,0.9559345,0.013546109
6,6,0.98652875,0.006040171
4,4,0.99969596,0.00012616502
3,3,0.997924,0.0012782898
0,0,0.9999611,1.8979359e-05
7,7,0.9993971,0.00029617085
0,0,0.99999845,7.5787136e-07
2,2,0.9931685,0.0041580712
9,9,0.8360373,0.042571645
1,1,0.9996643,0.00014957259
7,7,0.99289244,0.0041515664
3,3,0.99976957,9.9352306e-05
2,2,0.99663067,0.0019825792
9,9,0.9983702,0.0005810317
7,7,0.99872434,0.00079737476
7,7,0.928405,0.023259906
6,6,0.9942196,0.0025516772
2,2,0.99997646,1.2096237e-05
7,7,0.99994355,2.1660493e-05
8,8,0.99838096,0.00064146053
4,4,0.9979582,0.0010113189
7,7,0.99972904,0.00015858575
3,3,0.9997196,9.2591494e-05
6,6,0.99993485,2.7949573e-05
1,1,0.9984417,0.0008474331
3,3,0.9965315,0.001668362
6,6,0.99889183,0.00048727
9,9,0.9613185,0.015590849
3,3,0.98498917,0.0061769225
1,1,0.9990481,0.0003603673
4,4,0.9997648,7.959362e-05
1,1,0.70775014,0.076160975
7,7,0.9913251,0.0054532723
6,6,0.99957114,0.00012126328
9,9,0.9996894,0.00016084444
6,6,0.9999773,9.70877e-06
0,0,0.999998,8.673975e-07
5,5,0.99988633,4.561594e-05
4,4,0.99995154,1.7986049e-05
9,5,0.50112396,0.0649082
9,9,0.99933183,0.00033139068
2,2,0.9910452,0.005584596
1,1,0.9987857,0.0006854333
9,9,0.99959105,0.0001181458
4,4,0.99998695,5.634053e-06
8,8,0.99933386,0.00041160997
7,7,0.8002793,0.06540998
3,3,0.9988979,0.00051778473
9,9,0.9999794,9.39958e-06
7,7,0.9853873,0.0073278993
4,4,0.99691546,0.0011084572
4,4,0.9854487,0.005857332
4,4,0.9966919,0.0015582411
9,9,0.9984976,0.00042472087
2,2,0.68791,0.0767401
5,5,0.9999172,4.6319143e-05
4,4,0.9909663,0.0054525905
7,7,0.9997574,0.000100724596
6,6,0.9992691,0.00033040892
7,4,0.53340036,0.07807559
9,9,0.99232024,0.0029319865
0,0,0.99190485,0.0049406765
5,5,0.9999875,5.316801e-06
8,8,0.99952525,0.00029775532
5,5,0.999992,3.7954574e-06
6,6,0.9994814,0.0001737422
6,6,0.9827825,0.0081223
5,5,0.9996209,0.00018605616
7,7,0.9004186,0.06143097
8,8,0.99991477,5.1233954e-05
1,1,0.99975425,0.00014102095
0,0,0.99972475,0.00017046087
1,1,0.99807775,0.0008815356
6,6,0.99999446,2.0938296e-06
4,4,0.99979603,7.6683944e-05
6,6,0.9964088,0.0018902117
7,7,0.999527,0.0002526571
3,3,0.94530356,0.021141868
1,1,0.9966075,0.00190593
7,7,0.97381717,0.010507507
1,1,0.9997872,0.00010763933
8,8,0.99991786,4.4428296e-05
2,2,0.99984807,5.6034256e-05
0,0,0.99998724,7.473718e-06
2,4,0.6269251,0.10356657
9,9,0.99524057,0.0027485597
9,9,0.58515245,0.083392546
5,5,0.9994284,0.00027233237
5,5,0.99997747,9.59037e-06
1,1,0.99984396,6.8966954e-05
5,5,0.99987495,6.122743e-05
6,6,0.993477,0.0029195605
0,0,0.9999668,1.9811636e-05
3,3,0.7513276,0.07594712
4,4,0.9982699,0.00042605674
4,4,0.99872094,0.00073197717
6,6,0.99977386,0.00012886213
5,5,0.9999944,2.4216076e-06
4,4,0.9975232,0.0013659418
6,6,0.99910706,0.0003600901
5,5,0.99992025,3.570559e-05
4,4,0.9998913,4.7890608e-05
5,5,0.8601327,0.055028964
1,1,0.9980799,0.0011891354
4,4,0.9999708,1.1056947e-05
4,4,0.99997294,8.652691e-06
7,7,0.962587,0.022143142
2,2,0.9909754,0.0035686377
3,3,0.99790275,0.00096944504
2,2,0.9997101,0.00015344334
7,7,0.6307155,0.11047222
1,1,0.99966085,0.00018612357
8,8,0.99974096,0.00011174226
1,1,0.9994623,0.00025749783
8,8,0.989436,0.006458861
1,1,0.99981374,7.4764175e-05
8,8,0.9997943,0.00012293662
5,5,0.99981374,8.3999206e-05
0,0,0.99999744,1.4733175e-06
8,8,0.98855865,0.007127131
9,9,0.97418773,0.013101941
2,2,0.9950608,0.0019098027
5,5,0.99995387,2.1886246e-05
0,0,0.9999655,1.678031e-05
1,1,0.99857205,0.0005639552
1,1,0.99164504,0.004631517
1,1,0.9849227,0.006053626
0,0,0.99999905,3.7699525e-07
9,9,0.98095,0.008604816
0,0,0.9995629,0.00026064776
3,3,0.775621,0.07756514
1,1,0.9984023,0.00086782535
6,6,0.8989193,0.046038866
4,4,0.99999034,2.9113867e-06
2,2,0.9873252,0.0047479854
3,3,0.92219335,0.041208297
6,6,0.99993,2.0733027e-05
1,1,0.99957895,0.0001729067
1,1,0.999673,0.00018454305
1,1,0.9984735,0.0007007488
3,3,0.9995306,0.00024675552
9,9,0.99979603,7.732506e-05
5,5,0.9947053,0.00214008
2,2,0.9999161,5.023725e-05
9,9,0.9997681,6.637141e-05
4,4,0.9964504,0.0015926039
5,5,0.9204542,0.029253442
9,9,0.9999126,3.2312797e-05
3,3,0.9685488,0.019026343
9,9,0.9989395,0.00026284013
0,0,0.9867792,0.007680724
3,3,0.9978272,0.0013227906
6,6,0.60572994,0.09815332
5,5,0.66044664,0.07330203
5,5,0.9999119,4.5730398e-05
7,7,0.9997913,0.000110469075
2,2,0.8478872,0.041219484
2,2,0.99897444,0.0005901704
7,7,0.99961007,0.0002298811
1,1,0.94939613,0.018962227
2,2,0.998174,0.0006452494
8,8,0.99664783,0.002068582
4,4,0.99978936,8.259004e-05
1,1,0.9974829,0.0012441416
7,7,0.9998417,8.68026e-05
3,3,0.99218637,0.0044297054
3,3,0.999629,0.00018764946
8,8,0.9562273,0.011487896
8,8,0.7652613,0.08861381
7,7,0.95103085,0.020898718
9,9,0.9643549,0.01323991
2,2,0.9999674,1.8231238e-05
2,2,0.9997919,8.45302e-05
4,4,0.99988776,5.523234e-05
1,1,0.999728,0.00016290465
5,5,0.99969864,0.00016606576
9,5,0.57161343,0.07118174
8,8,0.9728802,0.014543889
7,7,0.99968755,0.00014905851
2,2,0.9961599,0.0021175616
3,3,0.8355053,0.04707869
0,0,0.99997586,1.50921305e-05
4,6,0.48573962,0.11220245
4,4,0.9999549,1.8540486e-05
2,2,0.9995445,0.00018762953
4,4,0.9769355,0.008079035
1,1,0.99971807,0.00012557629
9,9,0.9999911,2.44491e-06
5,5,0.9999822,7.6282113e-06
7,7,0.9996251,0.00018615801
7,7,0.96345454,0.022743706
2,2,0.96444684,0.016414216
8,8,0.99846494,0.0008859242
2,2,0.99192744,0.0037926058
6,0,0.9714783,0.014864859
8,8,0.9999291,2.8858218e-05
5,5,0.99989384,4.7458507e-05
7,7,0.999938,3.6891775e-05
7,7,0.9997839,0.00011899848
9,9,0.8351132,0.05719758
1,1,0.999667,0.0001976854
8,8,0.95579755,0.014383232
1,1,0.999275,0.00043180498
8,8,0.9950005,0.0024315375
0,0,0.99980325,0.00010519659
3,3,0.99220103,0.004824676
0,0,0.99969167,0.00019044147
1,1,0.99985445,8.005296e-05
9,9,0.80616015,0.06416698
9,9,0.717522,0.07832982
4,4,0.9993312,0.0002814498
1,1,0.99987537,6.850019e-05
8,8,0.999087,0.00042830416
2,2,0.9985838,0.0007500693
1,1,0.9997839,0.00012824374
2,2,0.99987185,4.7048983e-05
9,9,0.99910355,0.0003157226
7,7,0.8021759,0.060892392
5,5,0.9999409,2.6179468e-05
9,9,0.9989311,0.00038674747
2,2,0.99996984,1.5759748e-05
6,6,0.909706,0.047645748
4,4,0.9958297,0.002446097
1,1,0.99925613,0.0003451217
5,5,0.9989721,0.00044911774
8,8,0.92171717,0.028724229
2,2,0.89124566,0.041803267
9,9,0.9973671,0.0011747222
2,2,0.99836206,0.000983106
0,0,0.99985564,7.043063e-05
4,4,0.9996785,0.00010352089
0,0,0.9999442,3.3657914e-05
0,0,0.99980515,0.000101203754
2,2,0.9993337,0.00026497475
8,8,0.9998174,0.00010605638
4,4,0.9987966,0.0003371374
7,7,0.98724395,0.008020198
1,1,0.99919415,0.00048885174
2,2,0.999108,0.00035520972
4,4,0.99917614,0.00030786093
0,0,0.9994013,0.00028445292
2,2,0.9999552,2.4722709e-05
7,7,0.97223985,0.015312515
4,4,0.9801893,0.005151459
3,3,0.99081266,0.00551843
3,3,0.9990589,0.00057443604
0,0,0.9998829,7.329379e-05
0,0,0.9993768,0.00024057145
3,3,0.8925282,0.049873076
1,1,0.9980583,0.0012019761
9,9,0.958501,0.01274862
6,6,0.92756444,0.043177973
5,5,0.9925602,0.0032439828
2,2,0.96671164,0.015752938
5,5,0.9965266,0.0017888747
9,9,0.81596774,0.07342012
2,7,0.58830935,0.08968069
9,9,0.9999512,1.4691333e-05
3,3,0.9986559,0.000826598
0,0,0.8254489,0.05601112
4,4,0.9988114,0.00064334075
2,2,0.8771887,0.051232934
0,0,0.9999598,1.9585179e-05
7,7,0.9846738,0.008890636
1,1,0.9989926,0.000548737
1,1,0.9985493,0.00087047386
2,2,0.9998455,7.227319e-05
1,1,0.9997859,9.986681e-05
5,5,0.9986828,0.00066274503
3,3,0.99988663,6.9839196e-05
3,3,0.95510834,0.027466312
9,9,0.9954113,0.0017135276
7,7,0.9927932,0.003843459
8,8,0.9991477,0.00048924587
6,6,0.9423172,0.021830648
5,5,0.5099417,0.09300286
6,6,0.9747453,0.010211449
1,1,0.9998895,4.6870377e-05
3,3,0.9988847,0.00043150093
8,8,0.9429223,0.023065895
1,1,0.99969465,0.00015621682
0,0,0.9994731,0.0003194586
5,5,0.99811697,0.00067203806
1,1,0.9766218,0.014171874
3,3,0.9564847,0.02697587
1,1,0.99813986,0.00076530856
5,5,0.9999733,1.1843128e-05
5,5,0.9558927,0.020262567
6,6,0.9940176,0.0031388844
1,1,0.98406637,0.008240316
8,8,0.99999106,3.5175228e-06
5,5,0.9999709,1.38547675e-05
1,1,0.9997551,0.00010089532
7,7,0.80244225,0.06864404
9,4,0.5017752,0.09450187
4,4,0.9059768,0.03721755
6,6,0.9999917,4.2967254e-06
2,2,0.8233472,0.045297146
2,2,0.9998929,4.9105427e-05
5,5,0.99994946,2.7396087e-05
0,0,0.9998654,7.853117e-05
6,6,0.89177084,0.04860177
5,5,0.9992083,0.00042100405
6,6,0.94171304,0.0347744
3,3,0.99869716,0.0006780173
7,7,0.9991802,0.0005103109
2,2,0.99970067,0.0001577336
0,0,0.9817684,0.011489982
8,8,0.999934,3.4743003e-05
8,8,0.99989855,5.139794e-05
5,5,0.9999925,3.6938745e-06
4,4,0.9876591,0.0045793923
1,1,0.9997576,0.00011966775
1,1,0.9998671,6.600289e-05
4,4,0.9999453,2.336837e-05
0,0,0.9998782,5.878414e-05
3,7,0.82121354,0.075466216
3,3,0.9951102,0.0019074073
7,7,0.999646,0.00022186027
6,6,0.9999975,1.2306099e-06
1,1,0.999777,0.00010483768
6,6,0.961812,0.016060349
2,2,0.9993208,0.00042073926
1,1,0.99995154,1.8576276e-05
9,9,0.99921954,0.00015628806
2,2,0.9998001,6.695788e-05
8,8,0.9725313,0.015229901
6,6,0.99967957,0.00013616099
1,1,0.99973327,0.00013202622
9,9,0.86513346,0.05944506
5,5,0.99995774,1.6930671e-05
2,2,0.9999975,8.41466e-07
5,5,0.9995686,0.00021812257
4,4,0.99932396,0.00021057809
4,4,0.94547015,0.03397351
2,2,0.88261545,0.06272471
8,8,0.9999018,5.5895624e-05
3,3,0.9985447,0.0006193194
8,8,0.97367287,0.013103357
2,2,0.8837401,0.0363029
4,4,0.98977834,0.0042001125
5,5,0.97193784,0.007070063
0,0,0.99997187,1.6950742e-05
3,3,0.99907523,0.00052446465
1,1,0.9891583,0.0050288886
7,7,0.99999344,3.2239066e-06
7,7,0.9138892,0.04520601
5,5,0.9327159,0.03526448
7,7,0.9967521,0.0020207348
9,9,0.99697495,0.0010252364
7,7,0.9998714,4.8738602e-05
1,1,0.9963269,0.0022034193
9,9,0.9641097,0.00789193
2,2,0.99997747,1.1111184e-05
1,1,0.99929935,0.00043374533
4,4,0.99541867,0.0018965558
2,2,0.9632347,0.011479484
9,9,0.9966219,0.000823734
2,2,0.99999064,5.0618646e-06
0,0,0.9999685,1.7979317e-05
4,4,0.9954952,0.0018101357
9,9,0.99823445,0.00066436094
1,1,0.9999288,3.8006525e-05
4,4,0.9998932,5.9534865e-05
8,8,0.9998908,5.227641e-05
1,1,0.9954405,0.0024302523
8,8,0.9999398,2.7776716e-05
4,4,0.9805161,0.005642487
5,5,0.91909504,0.032221284
9,9,0.99884874,0.00039724167
8,8,0.7804183,0.082154706
8,8,0.99955624,0.00027308587
3,3,0.99592113,0.0025314125
7,7,0.9998554,7.184147e-05
6,6,0.99119234,0.0054702433
0,0,0.99994814,3.152134e-05
0,0,0.9999568,1.9532486e-05
3,3,0.9932483,0.0031797967
0,0,0.9946672,0.0033046983
2,2,0.98528755,0.00817784
6,0,0.9997997,5.8579382e-05
6,6,0.82603085,0.058467437
4,4,0.58649766,0.09741784
9,9,0.61428505,0.07972459
3,3,0.5739349,0.07554678
3,3,0.9611931,0.019565681
3,3,0.9983367,0.0010364649
2,2,0.99876654,0.0006309721
3,3,0.99893796,0.00056633976
9,9,0.99910223,0.00033601525
1,1,0.9996319,0.00014680995
2,2,0.5619749,0.089910746
6,6,0.65164363,0.08134844
8,8,0.99990714,4.813267e-05
0,0,0.99998885,5.9356744e-06
5,5,0.9488653,0.015271278
6,6,0.99611557,0.0020544468
6,6,0.9991029,0.00043041725
6,6,0.99994487,1.9827146e-05
3,7,0.5644622,0.07744614
8,8,0.99943864,0.00033978073
8,8,0.9999793,7.0985284e-06
2,2,0.9989502,0.00039701263
7,7,0.9604923,0.02477636
5,5,0.9998331,8.7706074e-05
8,8,0.98747444,0.0066246716
9,9,0.9754815,0.012706366
6,6,0.9995475,0.00016054371
1,1,0.9999024,4.5605186e-05
8,8,0.9999445,2.9994491e-05
4,4,0.99746674,0.0012673625
1,1,0.99962807,0.00021322389
2,2,0.98983747,0.005581539
5,5,0.9979334,0.0010002397
9,9,0.9221981,0.037620638
1,1,0.99805784,0.00089390343
9,9,0.99993896,1.7739763e-05
7,7,0.9969816,0.0018407453
5,5,0.96793,0.013598758
4,4,0.99991846,2.8393046e-05
0,0,0.99880016,0.0005315245
8,8,0.99944276,0.00028504303
9,9,0.9961769,0.0016870871
9,9,0.91656286,0.023823524
1,1,0.9990064,0.00043550032
0,0,0.99948394,0.00019064834
5,5,0.9997489,9.180885e-05
2,2,0.85562193,0.06028539
3,3,0.9989661,0.0006424241
7,7,0.9995578,0.00027730412
8,0,0.4353043,0.111399986
9,9,0.99998015,7.1334916e-06
4,4,0.9865025,0.0045892093
0,0,0.90857685,0.05408109
6,6,0.7814447,0.09050868
3,3,0.99965,0.00021081818
9,9,0.99803084,0.00073591556
5,5,0.99673414,0.0018778857
2,2,0.9999946,2.6625053e-06
1,1,0.9998268,6.9230104e-05
3,3,0.9956155,0.0024034407
1,1,0.9994849,0.00023298233
3,3,0.3819781,0.10297012
6,5,0.64761853,0.07812715
5,5,0.9998007,0.00010280315
7,7,0.96650904,0.021018675
4,4,0.9965476,0.001796609
2,2,0.99999774,1.1658492e-06
2,2,0.9999509,3.001236e-05
6,6,0.9990529,0.00044389418
3,3,0.96164286,0.012606467
2,2,0.9816965,0.008756412
6,6,0.99587095,0.0015026849
5,5,0.99999744,9.190495e-07
4,4,0.9995383,0.00022829339
8,8,0.99965537,0.00013747875
9,9,0.99990875,2.6893325e-05
7,7,0.9497822,0.022639208
1,1,0.9861845,0.004915784
3,3,0.9989351,0.00034676873
0,0,0.9999973,1.1032364e-06
3,3,0.9891993,0.0049228854
8,8,0.9992544,0.00033074274
3,3,0.8260083,0.043600537
1,1,0.99928844,0.00041220663
9,9,0.91634905,0.032099653
3,3,0.970387,0.007952483
4,4,0.9978279,0.0007632955
4,4,0.9999175,3.347462e-05
6,6,0.9996289,0.00020680777
4,4,0.99987936,4.985226e-05
2,2,0.9661371,0.018669447
1,1,0.9824564,0.010406812
8,8,0.999889,5.1380764e-05
2,2,0.9999727,1.2395877e-05
5,5,0.9998331,9.120035e-05
4,4,0.9996811,0.00015075611
8,8,0.9749273,0.012779713
8,8,0.83934927,0.06537206
4,4,0.9999191,3.071019e-05
0,0,0.99583435,0.0017262297
0,0,0.99999857,8.100175e-07
2,2,0.96795285,0.013962222
3,3,0.984307,0.0071995454
2,2,0.99972564,0.00012056648
7,7,0.9979183,0.0010942401
7,1,0.5839686,0.07321732
0,0,0.9959793,0.0024243235
8,8,0.99764764,0.0010334338
7,7,0.9935781,0.004057297
4,4,0.9999382,2.5850459e-05
4,4,0.99910724,0.00040567285
7,7,0.9883915,0.006381725
9,9,0.99932015,0.0003175116
6,6,0.85688066,0.06004086
9,9,0.99967796,9.39523e-05
0,0,0.9999199,4.1750012e-05
9,9,0.9957875,0.0011795198
8,8,0.9997427,0.00015892499
0,0,0.9999978,1.2457712e-06
4,4,0.98909646,0.00451625
6,6,0.9787237,0.012403736
0,0,0.99962777,0.00019380826
6,6,0.9050908,0.041413613
3,3,0.99475336,0.0031337943
5,5,0.9999655,1.6455308e-05
4,4,0.76488173,0.06312179
8,8,0.99698895,0.001590668
3,3,0.9998189,8.3958475e-05
3,3,0.9960141,0.0016812105
9,9,0.9996649,0.00012267914
3,3,0.99882317,0.0007261728
3,3,0.9969842,0.0018880058
3,3,0.69837666,0.078241475
7,7,0.99945354,0.00025387676
8,8,0.98757565,0.0078047602
0,0,0.9999875,7.45932e-06
8,2,0.75418997,0.058634616
2,2,0.60527164,0.088946216
1,1,0.99899733,0.00055437593
7,7,0.9999034,4.8796577e-05
0,0,0.99999464,2.9499297e-06
6,6,0.999889,3.9089802e-05
5,5,0.99867356,0.0006361293
4,4,0.99914485,0.0002762152
3,3,0.9979625,0.0012104979
8,8,0.9012743,0.056642897
0,0,0.99999654,1.5469074e-06
9,9,0.82484895,0.06319919
6,6,0.9954206,0.002827061
3,3,0.9973992,0.0013904114
8,8,0.9952391,0.0029078263
0,0,0.99689066,0.0018529516
9,9,0.9999833,4.410016e-06
9,9,0.993073,0.0039180815
6,6,0.99995434,1.9742452e-05
8,8,0.9717165,0.017176434
6,6,0.9994632,0.00026941465
8,8,0.99977076,9.525272e-05
5,5,0.99997044,1.2023184e-05
7,7,0.97926295,0.007134995
8,8,0.9963972,0.0022126392
6,6,0.99856216,0.00049903744
0,0,0.99947053,0.00032909698
2,2,0.9996783,0.0001819444
4,6,0.46369204,0.10643767
0,0,0.9999914,3.5761761e-06
2,2,0.9960939,0.0023375303
2,2,0.50119627,0.121850505
3,3,0.99506205,0.0029777004
1,1,0.9008678,0.055410527
9,9,0.9997967,6.435226e-05
7,7,0.9262415,0.045611084
5,5,0.9999153,2.896183e-05
1,8,0.5265976,0.09120797
0,0,0.99986255,8.524654e-05
8,8,0.99979484,0.000109402696
4,4,0.99977607,9.791693e-05
6,6,0.9989587,0.0005398536
2,2,0.7770802,0.09374921
6,6,0.98156625,0.0086566685
7,7,0.9995596,0.00027786978
9,9,0.89367914,0.04693577
3,3,0.86166155,0.057959788
2,2,0.7717283,0.07205637
9,9,0.97892797,0.010855694
8,8,0.9993428,0.00034060216
2,2,0.9998625,6.619846e-05
2,2,0.9963916,0.0021600279
9,9,0.9995721,0.0001323566
2,2,0.9935999,0.0019063602
7,7,0.99965113,0.00019984168
3,3,0.9983238,0.00036526832
5,5,0.7718838,0.07517557
9,9,0.9999111,3.7085814e-05
1,1,0.9973976,0.0014884586
8,8,0.99993116,4.043006e-05
0,0,0.99944466,0.00033938448
2,2,0.9996006,0.00024249943
0,0,0.99968004,0.00015282155
5,5,0.9958186,0.0017705306
2,6,0.6516128,0.09058146
1,1,0.9998862,6.182467e-05
3,3,0.998388,0.0009909753
7,7,0.9991113,0.0005490924
6,6,0.8262429,0.06003095
7,7,0.99996614,1.698168e-05
1,1,0.99990606,3.9770366e-05
2,2,0.9994038,0.00026409217
5,5,0.9947869,0.002305904
8,8,0.9418193,0.020816183
0,0,0.99987775,5.778253e-05
3,3,0.99686956,0.0011984846
7,7,0.8358566,0.05326546
2,1,0.63367546,0.09187547
4,4,0.99998504,4.726535e-06
0,0,0.9999105,5.1994703e-05
9,9,0.9999932,2.3923758e-06
1,1,0.9998088,8.88922e-05
8,8,0.99967206,0.00016896598
6,6,0.9999897,3.913114e-06
7,7,0.9994856,0.00029857125
7,7,0.6721854,0.08877653
4,4,0.99953717,0.0001557071
3,3,0.9976473,0.0014186346
4,4,0.99997234,1.2801725e-05
9,9,0.97928107,0.010137494
1,1,0.9992135,0.00036752847
9,9,0.99925244,0.000254321
5,5,0.9800619,0.006816531
1,1,0.99991673,3.8120346e-05
7,7,0.98595583,0.008839634
3,3,0.9999382,2.5405336e-05
9,9,0.9996344,0.00015016035
7,7,0.9094633,0.05455636
6,6,0.9999541,1.8184317e-05
9,9,0.9968151,0.0009725971
1,1,0.99922216,0.0004731769
3,3,0.9946294,0.0023263956
7,7,0.55752414,0.10281591
8,8,0.9958598,0.00239209
3,3,0.9999031,5.2762975e-05
3,3,0.9994418,0.0002685763
6,6,0.9444761,0.029841658
7,7,0.7480424,0.07500094
2,2,0.9996079,0.00012431135
8,8,0.5395433,0.08812639
5,5,0.9666546,0.015312903
8,8,0.9296932,0.04231491
5,5,0.9995772,0.00022706587
1,1,0.99865884,0.00046501472
1,1,0.9606341,0.01555478
4,4,0.9999708,1.1400879e-05
4,4,0.99755955,0.0008428488
3,3,0.867424,0.058676153
1,1,0.98638535,0.0060377484
0,0,0.9999841,9.001619e-06
7,7,0.97133124,0.017926898
7,7,0.95837915,0.025491852
0,0,0.9999973,1.4839723e-06
7,7,0.9999298,3.9113016e-05
9,9,0.99964345,8.326028e-05
4,4,0.9403947,0.030105904
4,4,0.99984854,4.835375e-05
8,8,0.9998311,9.015862e-05
5,5,0.9629818,0.021815155
5,5,0.9999854,6.708867e-06
4,4,0.9845146,0.0061257603
0,0,0.99897385,0.00049623684
8,8,0.99835646,0.0009018462
2,2,0.999817,9.804788e-05
1,1,0.9502945,0.019031327
0,0,0.4811504,0.11944944
8,8,0.9966507,0.0015574257
4,4,0.9910067,0.003489457
5,8,0.96302825,0.010560623
0,0,0.99995166,2.6940717e-05
4,4,0.99190396,0.004447764
0,0,0.9994279,0.00028274828
6,6,0.9999615,1.29790305e-05
1,1,0.99764663,0.0013033844
7,7,0.9441619,0.020391975
3,3,0.99678576,0.0016252756
2,2,0.99595183,0.0020992376
6,6,0.98297274,0.009699991
7,7,0.91001683,0.032572098
2,2,0.99990445,5.861777e-05
6,6,0.9815706,0.006932667
9,9,0.999733,0.00015587661
3,3,0.9899982,0.0024299268
1,1,0.9964261,0.0022230968
4,4,0.9998417,6.472126e-05
6,6,0.7705492,0.06491328
2,2,0.99540627,0.0021190415
5,5,0.9999854,5.3009944e-06
4,9,0.608652,0.049557135
2,2,0.96771777,0.019898947
0,0,0.99999905,4.8028005e-07
6,6,0.99933374,0.00040713494
2,2,0.9975085,0.0015311155
1,1,0.99934006,0.0002367035
7,7,0.9996869,0.00016425554
3,3,0.99919975,0.0004551325
4,4,0.9892955,0.005236178
1,1,0.99917203,0.00040266602
0,0,0.99999696,1.4597465e-06
5,5,0.9998042,9.06951e-05
4,4,0.9999817,8.5972415e-06
3,3,0.9999611,2.1608652e-05
1,1,0.998528,0.0007959336
1,1,0.99986535,6.369851e-05
7,7,0.9484662,0.032584477
4,4,0.99998075,5.8189994e-06
9,9,0.9998849,5.7727582e-05
9,9,0.99841803,0.00090105506
4,4,0.7230165,0.061001606
8,8,0.99723417,0.0010293431
4,4,0.9998949,3.705492e-05
0,0,0.9994389,0.00032650077
2,2,0.999745,7.9689125e-05
4,4,0.99998903,4.688112e-06
5,5,0.9999366,3.2785407e-05
1,1,0.9935174,0.0033395733
1,1,0.9924288,0.0043897396
6,6,0.9141183,0.05297368
4,4,0.99998826,4.2110223e-06
7,7,0.99814856,0.00091215724
1,1,0.99984056,6.8922454e-05
9,9,0.99999535,1.5193887e-06
4,4,0.96262884,0.011028571
2,2,0.99999046,5.32487e-06
4,4,0.997443,0.0011280228
1,1,0.9995624,0.00022323588
5,5,0.9999205,3.2490458e-05
5,5,0.9999506,2.4656434e-05
3,3,0.99310285,0.0030537774
8,8,0.97682846,0.009935849
3,3,0.9960836,0.0017351408
1,1,0.9999424,2.5153033e-05
4,4,0.9972555,0.0012514861
5,5,0.9991749,0.00043870579
6,6,0.92471284,0.026978854
8,8,0.9952599,0.0016526975
9,9,0.99990976,1.7499084e-05
4,4,0.999757,0.00011465531
1,1,0.9995322,0.0002754564
5,5,0.9917415,0.0025979064
3,3,0.9998599,7.033457e-05
8,8,0.9997179,0.00016040962
0,0,0.99999255,2.5313877e-06
3,3,0.983249,0.0041873693
2,2,0.9997654,0.0001323837
5,5,0.9980229,0.00068130967
1,1,0.999399,0.00022455968
2,2,0.99999887,4.7147273e-07
8,8,0.9921719,0.004306722
3,3,0.99914914,0.0003061453
4,4,0.99988955,4.5504315e-05
4,4,0.9998539,5.7442037e-05
0,0,0.9994916,0.0003053099
8,8,0.99545395,0.002736456
8,8,0.99974334,0.00013944821
3,3,0.99977934,0.000114463226
3,3,0.99976075,0.00012685212
1,1,0.99960804,0.00019956806
7,7,0.87730896,0.0625298
3,3,0.99749136,0.0015212742
5,5,0.9999733,1.3643459e-05
9,9,0.65403354,0.068724304
6,6,0.9996005,0.0002125507
3,3,0.9889199,0.0035713036
2,2,0.99867743,0.0006142693
6,6,0.8502892,0.04498342
1,1,0.9990177,0.00045326687
3,3,0.9997528,0.00010205784
6,6,0.9994167,0.00035256954
0,0,0.99999845,6.989442e-07
7,7,0.9986576,0.0006613902
2,2,0.9907583,0.0057941293
1,1,0.99656045,0.0019906736
7,7,0.99986327,8.5295615e-05
1,1,0.9990452,0.0005469553
4,4,0.9993588,0.0002770548
2,2,0.9993051,0.00020995192
4,4,0.990547,0.0055663255
2,2,0.93379194,0.0344688
1,1,0.9997549,8.720008e-05
7,7,0.9990352,0.00046620023
9,9,0.97729856,0.008268387
6,6,0.9636359,0.017732222
1,1,0.99677765,0.001503661
1,1,0.98888814,0.0057825698
2,2,0.6385398,0.091272846
4,4,0.9999708,1.1599509e-05
8,8,0.95411634,0.022026887
1,1,0.9969958,0.0013285553
7,7,0.9871767,0.007562761
7,7,0.99745977,0.0015647899
4,4,0.9996465,0.00014283178
8,7,0.6253214,0.08618925
0,0,0.99999094,4.0619116e-06
7,7,0.77806336,0.062123727
3,3,0.9910339,0.005449113
1,1,0.9997751,0.00010824045
3,3,0.9977336,0.0011517162
1,1,0.9993588,0.00038018424
0,0,0.99998915,3.671884e-06
7,7,0.99945915,0.00030996653
7,7,0.99747574,0.0015414478
0,0,0.9999957,1.8883233e-06
3,3,0.99908036,0.00055690826
5,5,0.9958143,0.001314735
5,5,0.99238265,0.0025715013
2,2,0.9998,0.000120582656
7,7,0.9991453,0.00042483472
6,6,0.9999949,2.9999785e-06
6,6,0.99998206,5.1147417e-06
9,9,0.9996971,8.848504e-05
2,2,0.9997943,9.444983e-05
8,8,0.9985692,0.00073518185
3,3,0.9998857,4.4589502e-05
5,5,0.95115316,0.016559046
2,2,0.9854142,0.0063855937
2,2,0.9999057,5.15917e-05
5,5,0.9999636,1.2499155e-05
6,6,0.6442178,0.076555446
0,0,0.99999917,4.219854e-07
8,8,0.9994426,0.00029578054
2,2,0.9996889,0.00010326336
9,9,0.6725334,0.070441104
2,2,0.9829427,0.009309279
8,8,0.9970032,0.0015984734
8,8,0.9612734,0.017956128
8,8,0.9982664,0.0008567648
8,8,0.99127626,0.0054466473
7,7,0.9402586,0.037704803
4,9,0.5727807,0.0675295
9,7,0.65952843,0.10160551
3,3,0.60944647,0.065439574
0,0,0.9999873,7.0835144e-06
6,6,0.9859832,0.0067682946
6,6,0.98461497,0.007733843
3,3,0.9968417,0.0018092319
2,2,0.9999011,3.5482306e-05
1,1,0.99881506,0.00067999173
3,3,0.8872694,0.056645073
2,2,0.9997088,0.00014143871
2,2,0.9999685,1.6836897e-05
9,9,0.9996088,0.00012750475
3,3,0.94890106,0.020374654
0,0,0.9100649,0.050590105
0,0,0.9158824,0.05015297
5,5,0.9999644,1.1658124e-05
7,7,0.9380275,0.032639146
8,8,0.9989713,0.00064661
1,1,0.6250121,0.08328563
4,4,0.9960456,0.0014263698
4,4,0.9994569,0.00020400477
6,6,0.9998991,4.6023655e-05
0,0,0.99998426,8.03936e-06
2,2,0.99998826,6.005715e-06
9,9,0.9953621,0.0019926126
1,1,0.99417365,0.0024332663
4,4,0.99998903,4.1598905e-06
7,7,0.99933654,0.0003832132
4,4,0.999924,3.3460616e-05
7,7,0.9475158,0.033180024
3,3,0.99832743,0.0010081108
9,9,0.99963427,0.00020607084
8,8,0.99899614,0.00062800176
8,8,0.9989794,0.0006395179
4,4,0.99786186,0.00079821574
7,7,0.99980986,0.00011797461
1,1,0.9998352,8.696118e-05
2,2,0.83210814,0.06703093
1,1,0.99924546,0.00025030994
2,2,0.9999973,1.3678538e-06
2,2,0.997543,0.0009727656
3,3,0.9998816,7.303876e-05
2,2,0.70926076,0.06837125
3,3,0.9989478,0.0005275147
2,2,0.8010527,0.058838774
3,3,0.99948025,0.00030584898
9,9,0.9937766,0.0026798462
1,1,0.99947035,0.00019184506
7,7,0.96841586,0.019217962
4,4,0.9994341,0.00019810194
0,0,0.99938554,0.0003341446
3,3,0.9999758,1.3951021e-05
5,5,0.9998921,5.477367e-05
5,5,0.9927551,0.0022794043
8,8,0.9797589,0.007070227
6,6,0.999972,1.220417e-05
3,5,0.61944336,0.07311557
2,2,0.82730186,0.062291674
6,5,0.5112321,0.07379123
7,7,0.9989384,0.00066824106
6,6,0.999998,7.8143995e-07
6,6,0.847258,0.058668215
3,8,0.46615475,0.09105642
2,2,0.9957336,0.0024903258
7,7,0.9650137,0.021257991
8,8,0.9589117,0.010846356
1,1,0.9998679,7.786114e-05
1,1,0.9993639,0.00035673988
7,7,0.83654463,0.073584475
5,4,0.7336873,0.09085387
6,6,0.63591206,0.08732811
4,4,0.9999792,7.5356097e-06
9,9,0.99991417,2.4595187e-05
5,5,0.9999012,3.558666e-05
1,1,0.67507786,0.09860101
3,3,0.74418676,0.05974443
3,3,0.997516,0.00089043396
4,4,0.7982269,0.053610593
7,7,0.98756325,0.005102665
8,8,0.998072,0.0012079423
9,7,0.5020515,0.07854098
1,1,0.997887,0.0008120726
1,1,0.99107057,0.0038708118
6,0,0.88208354,0.061893128
9,9,0.81170607,0.055916805
1,1,0.99965304,0.00020075221
4,4,0.99956006,0.00012122958
4,4,0.97317916,0.008680882
5,5,0.9999261,3.6462203e-05
4,4,0.97987384,0.008031095
0,0,0.99999857,6.7244093e-07
6,6,0.99997485,7.659024e-06
2,2,0.9994651,0.00028301703
2,2,0.999786,0.00010189944
3,3,0.98328,0.009040789
1,1,0.9885589,0.006793355
5,5,0.9999734,1.2216864e-05
1,1,0.9997778,0.0001107212
2,2,0.99999964,1.9827648e-07
0,0,0.99999744,1.2948659e-06
3,3,0.45280695,0.10784149
8,8,0.99983275,8.325028e-05
1,1,0.9998571,6.7139874e-05
2,2,0.99988335,4.4962282e-05
6,6,0.884313,0.05153824
7,7,0.9995138,0.00029193825
1,1,0.9996258,0.00018232793
6,6,0.976388,0.010572796
2,2,0.99537057,0.002142301
3,3,0.99714965,0.0017875008
9,9,0.76200336,0.056691576
0,0,0.99995613,2.3733954e-05
1,1,0.9405748,0.023641655
2,2,0.8106902,0.054969348
2,2,0.99999285,2.5489278e-06
0,0,0.99999934,3.547222e-07
8,8,0.99065095,0.0047536003
9,9,0.8381047,0.059531324
9,9,0.95060265,0.01061443
0,0,0.9999425,2.8956181e-05
2,2,0.99358195,0.002226422
5,5,0.99103725,0.0034967598
1,1,0.9988767,0.0004573075
9,9,0.9999088,2.2000797e-05
7,7,0.9851969,0.0089319525
8,8,0.9968437,0.0019470786
1,1,0.9996027,0.00022532749
0,0,0.9988445,0.00072079257
4,4,0.9902695,0.0060151657
1,1,0.99532664,0.0029270363
7,7,0.8096733,0.069377765
9,9,0.99848145,0.0006850639
6,5,0.8090967,0.058244713
4,4,0.999399,0.00021853787
2,2,0.9999774,7.8542125e-06
6,6,0.9970787,0.0010493693
8,8,0.9989115,0.0006033315
1,1,0.9997462,9.505843e-05
3,3,0.9972342,0.0017285477
7,7,0.98944587,0.006533022
5,5,0.9993741,0.00024451988
4,4,0.9590987,0.02506887
4,4,0.982166,0.008036355
1,1,0.99842674,0.0007709421
8,8,0.9999468,2.1473792e-05
1,1,0.9996747,0.00014626866
3,3,0.98823386,0.005899293
8,8,0.9969231,0.0018395685
1,1,0.9993268,0.0003223003
2,2,0.99668205,0.0019825662
5,5,0.9912494,0.002669463
8,8,0.88250095,0.06266443
0,0,0.99937946,0.00034849573
6,6,0.9748926,0.009448347
2,2,0.9959052,0.0019920266
1,1,0.999778,0.00012316373
1,1,0.9997114,0.00014604461
7,2,0.89136505,0.040959872
1,1,0.97083044,0.018403316
5,5,0.9999944,2.6824575e-06
3,3,0.9223323,0.030060824
4,4,0.9998417,3.9878207e-05
6,8,0.6719469,0.089759454
9,9,0.90687495,0.053785764
5,5,0.99997365,1.3700004e-05
0,0,0.9999483,2.8159066e-05
9,9,0.9988443,0.0006222974
2,2,0.9961753,0.001412709
2,2,0.94386005,0.029000413
4,4,0.9946674,0.0024637044
8,8,0.9459667,0.021313246
2,2,0.9999488,2.3536835e-05
1,1,0.9997965,9.721813e-05
7,7,0.98517084,0.005133679
2,2,0.9989449,0.000654685
4,4,0.99990624,4.1373343e-05
9,9,0.99982196,6.12712e-05
4,4,0.999895,5.2834745e-05
4,4,0.9996418,0.00017341523
0,0,0.9999921,3.5578644e-06
3,3,0.7287384,0.081004575
9,9,0.99991083,1.9890485e-05
2,2,0.999735,0.00013083583
2,2,0.99965656,0.00016862983
3,3,0.84858054,0.06130333
3,3,0.99593145,0.0013703678
8,8,0.97536707,0.014329513
3,3,0.99069995,0.0043099793
5,5,0.99998343,6.516286e-06
7,7,0.9997901,0.00012528089
3,3,0.85793924,0.046985123
5,5,0.8388057,0.050385315
8,8,0.99625474,0.0022821436
1,1,0.9997705,0.0001131427
2,2,0.9995847,0.00021625885
4,4,0.9999525,1.4138053e-05
4,4,0.9992367,0.00038899388
6,6,0.9842436,0.006418763
4,4,0.99987364,3.7223374e-05
9,9,0.99773014,0.0013750752
5,5,0.9815774,0.0053062188
1,1,0.99985105,8.097107e-05
0,0,0.99999106,4.83745e-06
6,6,0.9997794,8.580139e-05
9,9,0.99939716,0.000311108
5,5,0.99984616,5.5657136e-05
9,9,0.99981415,4.8748076e-05
5,5,0.9610521,0.02417767
9,9,0.9831793,0.006497428
7,7,0.96713865,0.02064218
3,3,0.97769517,0.010400485
8,8,0.99358475,0.0030442136
0,0,0.99992627,4.527868e-05
3,3,0.99955606,0.00017192449
7,7,0.8347843,0.06731013
1,1,0.9810629,0.011777101
3,3,0.99557745,0.0022091982
6,6,0.9305941,0.03961893
7,7,0.9993577,0.00040206182
8,8,0.9152786,0.048203513
5,5,0.9999388,2.7472983e-05
9,9,0.9983743,0.0008893463
7,7,0.9996115,0.0002441691
9,9,0.9993145,0.00022485713
6,6,0.99997807,7.63958e-06
9,9,0.75947464,0.08118458
6,6,0.9461567,0.027312988
3,3,0.99864256,0.000760943
7,7,0.99907094,0.0005742605
4,4,0.9999639,1.7411588e-05
4,6,0.5865892,0.08205633
5,5,0.99997866,9.70172e-06
3,3,0.92986286,0.029494548
5,5,0.99995613,1.5991467e-05
4,4,0.99981165,6.262734e-05
7,7,0.9946542,0.0032702878
8,8,0.99990547,5.111396e-05
7,7,0.90089226,0.058845244
8,8,0.99997616,1.2477038e-05
0,0,0.9997147,0.00017133886
7,7,0.9986576,0.00081660395
6,6,0.9999591,1.658082e-05
8,8,0.9246445,0.034940593
8,8,0.9954022,0.0028464007
7,7,0.99340785,0.0040580747
3,3,0.9853673,0.009119265
3,7,0.70594716,0.09735034
1,1,0.9962738,0.0016194131
9,9,0.99007624,0.004149541
5,5,0.9997759,7.370162e-05
2,2,0.9999833,9.228014e-06
7,7,0.9884871,0.007107274
3,3,0.9960656,0.0020653172
5,5,0.9999803,9.078888e-06
1,1,0.9993963,0.00028719823
1,1,0.99569416,0.0027123098
2,2,0.9998309,5.3863543e-05
1,1,0.9993016,0.0003328896
4,4,0.9998983,3.9651175e-05
7,7,0.94623756,0.03394989
4,4,0.9998701,6.0071958e-05
7,7,0.9940742,0.0037112993
5,5,0.9992763,0.00020924404
4,4,0.9058403,0.023926526
5,5,0.9994854,0.00022750041
4,4,0.87201583,0.061002947
0,0,0.99999696,1.1401224e-06
8,8,0.99929476,0.00036414637
3,3,0.988836,0.004796757
6,6,0.899635,0.05037738
9,9,0.9876812,0.0047251955
6,6,0.6215543,0.09085254
0,0,0.9967104,0.0020695995
2,2,0.9992852,0.0003207621
7,7,0.7998598,0.0919356
4,4,0.99474716,0.0015598384
4,4,0.99977505,9.748115e-05
4,4,0.98486614,0.007459684
4,4,0.99970293,0.00014560629
6,6,0.99460745,0.0026662254
6,6,0.9999479,2.5755862e-05
4,4,0.99967366,0.00019361862
7,7,0.8801185,0.058418393
9,9,0.9997538,9.297537e-05
3,5,0.7681398,0.056732662
4,4,0.9999567,2.1719698e-05
5,5,0.9997524,9.284653e-05
5,5,0.98730105,0.0056527513
8,8,0.99872935,0.00074938603
7,7,0.99923486,0.00047876118
3,3,0.9999668,1.1540429e-05
7,7,0.9196085,0.049476597
2,2,0.99802876,0.0010792811
7,7,0.99996567,1.6063874e-05
0,0,0.9912165,0.005363225
2,2,0.9966629,0.0018206385
4,4,0.5853625,0.09389725
1,1,0.9996716,0.00016363236
1,1,0.99976456,0.00013463126
6,6,0.5627143,0.11343066
6,8,0.68141955,0.07127655
9,9,0.8794738,0.04138994
2,2,0.94645464,0.033029854
8,8,0.9998294,8.5521046e-05
7,7,0.9987358,0.00073222583
2,2,0.98539436,0.0064354837
0,0,0.99998313,7.728551e-06
1,1,0.9987162,0.0006524026
5,5,0.9995713,0.00020136495
0,0,0.92289907,0.048518904
9,9,0.9807862,0.0039548343
1,1,0.9986342,0.00078808505
7,7,0.65962404,0.077582106
0,0,0.9999865,5.480459e-06
6,6,0.9851713,0.008490086
0,0,0.9989956,0.00062030414
8,8,0.95547265,0.017298419
6,6,0.9999207,3.29238e-05
8,8,0.8293406,0.083974175
1,1,0.99830997,0.0009258315
8,8,0.99614,0.0021838448
0,0,0.9999566,2.301157e-05
3,3,0.8762388,0.067936845
3,3,0.9997074,0.00018163791
7,7,0.9107827,0.05000036
2,2,0.99971265,0.00014604382
3,3,0.97488755,0.01439552
6,6,0.93154687,0.030397147
2,2,0.9999933,3.1746763e-06
1,1,0.9981807,0.0008744706
6,6,0.8099613,0.0719564
1,1,0.9993025,0.00030432246
1,1,0.9997994,8.5139705e-05
3,3,0.98939574,0.0064215413
7,7,0.9498836,0.03093651
9,1,0.49895683,0.0849037
0,0,0.99991333,5.3016363e-05
8,8,0.88139963,0.05823766
0,0,0.999963,2.2263122e-05
5,5,0.9998356,6.75507e-05
4,4,0.9999345,2.9979847e-05
0,0,0.99998534,8.069352e-06
2,2,0.58250535,0.08791606
8,8,0.9999567,2.4480043e-05
7,2,0.99809915,0.00091012625
2,2,0.99982387,9.2132206e-05
9,9,0.6316692,0.07867505
8,8,0.99562913,0.0026688422
4,4,0.99957925,0.00016822445
0,0,0.9563902,0.026300171
9,4,0.74866676,0.083829634
5,5,0.9998886,5.9391496e-05
8,8,0.9458125,0.027311329
5,5,0.9999859,5.224304e-06
1,1,0.9969794,0.0019020801
2,2,0.89490575,0.04358474
1,1,0.9994006,0.0003061222
3,3,0.86577815,0.047315724
1,1,0.997398,0.0014072256
7,7,0.9773701,0.013002798
4,9,0.9806808,0.0054092784
5,5,0.999718,0.0001449257
7,7,0.9827914,0.00815471
2,2,0.99999654,1.793683e-06
0,0,0.9998835,4.9262184e-05
9,3,0.56058335,0.08813079
8,8,0.9347143,0.020718636
8,8,0.99386835,0.0026127084
6,6,0.9581833,0.024779463
2,2,0.9108574,0.043104988
5,5,0.9967489,0.0018436955
4,4,0.8689985,0.050664656
1,1,0.9999111,3.9336042e-05
9,9,0.9999921,2.2628265e-06
2,2,0.98306465,0.007938671
1,1,0.99631184,0.0021701318
5,5,0.9999474,2.0900348e-05
8,8,0.99958146,0.0001909164
7,1,0.95782435,0.011788793
0,0,0.99998724,6.232602e-06
2,2,0.99996644,1.9167226e-05
4,4,0.94330084,0.016436253
4,4,0.9979122,0.0006675465
3,3,0.9988872,0.0006422925
6,6,0.83143777,0.06224171
8,8,0.9612951,0.024225675
8,8,0.99976665,9.835849e-05
2,2,0.99637777,0.0018085672
4,4,0.9766013,0.013556516
0,0,0.99992526,4.6972324e-05
5,5,0.99417925,0.002980286
0,0,0.999959,2.1323405e-05
4,4,0.99870956,0.00059500395
4,4,0.9998886,3.512729e-05
7,7,0.99810445,0.0011859174
9,9,0.99971485,0.00010864821
3,3,0.99992895,4.1687425e-05
4,4,0.94877195,0.024304535
1,1,0.9980254,0.0010265963
5,5,0.9008883,0.04635935
9,9,0.8859763,0.050558
7,7,0.80390227,0.082815826
3,3,0.9999484,3.1506577e-05
5,5,0.99881154,0.0006640914
8,8,0.9897482,0.0063681803
8,8,0.9980137,0.0012132002
0,0,0.94153225,0.033522774
5,5,0.54490966,0.10807643
3,5,0.7665378,0.053470146
3,3,0.999787,0.00011443017
6,6,0.5927544,0.07816946
6,6,0.9999129,3.9387236e-05
0,0,0.9999504,1.8407158e-05
1,1,0.99844277,0.00070721225
6,6,0.88797414,0.0566458
0,0,0.9999949,2.4615651e-06
3,3,0.9961662,0.0020815395
5,7,0.92849255,0.035727672
4,4,0.99974763,0.000108182
4,4,0.9988923,0.00026527973
1,1,0.99911654,0.0003918446
2,2,0.9914659,0.0030461699
9,9,0.9999382,1.8403385e-05
1,1,0.9974429,0.001381041
4,4,0.996307,0.0013101653
6,6,0.9926222,0.0031881384
9,9,0.99594307,0.0018197123
9,9,0.99709785,0.0009901279
3,3,0.8573233,0.04378543
9,9,0.9929864,0.0021144256
8,8,0.99868315,0.00048686945
4,4,0.99993706,2.418939e-05
4,4,0.9995569,0.00019689913
3,3,0.92558604,0.039548963
1,1,0.999397,0.00033672363
3,3,0.9906103,0.00564128
1,1,0.9962969,0.001822843
8,3,0.5570934,0.084498614
8,8,0.999376,0.00037300488
7,7,0.9995764,0.00025011582
9,9,0.9997671,0.00011067166
4,4,0.99995965,1.7579407e-05
8,8,0.99680185,0.0020088414
8,8,0.97966254,0.005886604
7,7,0.38307476,0.11814757
9,9,0.99975777,9.150498e-05
7,9,0.55324376,0.09946658
1,1,0.9984538,0.0009551702
4,4,0.99995023,1.4195046e-05
5,5,0.9872128,0.005048496
6,6,0.9999301,2.5984464e-05
0,0,0.9999981,1.1607636e-06
5,5,0.9751021,0.007800897
2,2,0.997023,0.0017997132
2,2,0.99199545,0.004990167
2,2,0.8922224,0.044141475
1,1,0.9999396,2.7821468e-05
5,5,0.9910591,0.004123881
5,5,0.99967366,0.00018967516
2,2,0.9999584,2.161927e-05
4,4,0.99867344,0.00040629916
9,9,0.99893904,0.00027142657
6,6,0.9580042,0.025390571
2,2,0.9995384,0.00022783957
7,7,0.9672629,0.020598656
7,7,0.9882596,0.004340478
2,2,0.86280763,0.047662247
2,2,0.9981065,0.00071311224
1,1,0.99974394,0.00012866853
1,1,0.9997617,0.00010935324
2,2,0.9717717,0.0079439
8,8,0.94526327,0.034540217
3,3,0.99684465,0.0007100933
7,7,0.9084667,0.031543233
2,2,0.6560054,0.08547877
4,4,0.9987772,0.00062479975
1,1,0.99926835,0.00037140632
7,7,0.9994357,0.0003525136
1,1,0.99989974,5.542876e-05
7,7,0.9994966,0.00029838318
6,6,0.9999488,2.1907726e-05
7,7,0.92887956,0.044831324
8,8,0.6528561,0.08878857
2,2,0.9912249,0.003552523
7,7,0.933205,0.04211811
3,3,0.99979955,0.00012445719
1,1,0.99859923,0.00081076456
7,7,0.9995295,0.00026005483
5,5,0.99970007,0.00014817683
8,8,0.9998973,5.5407767e-05
2,2,0.99652517,0.0016545837
6,6,0.99991053,3.4563556e-05
2,2,0.9996231,0.0001217402
2,2,0.9560801,0.017641176
5,5,0.9999924,3.11695e-06
6,6,0.95412004,0.026720691
5,5,0.79616994,0.07734499
0,0,0.999825,0.00010574795
9,9,0.9975093,0.00096595584
2,2,0.99990046,4.4105294e-05
4,4,0.99724025,0.0011674411
3,3,0.99824417,0.00070514367
3,3,0.9572114,0.025613423
9,9,0.99934447,0.00016414825
7,7,0.9989535,0.0006494604
6,6,0.9992639,0.00022484959
6,6,0.9962214,0.001550693
8,8,0.99831086,0.0010411658
0,0,0.99992,3.117313e-05
4,4,0.50253075,0.0799984
1,1,0.9998301,8.072729e-05
5,5,0.66267395,0.06343602
8,8,0.99853706,0.00074924884
2,2,0.99396104,0.0022109793
9,9,0.9999607,9.541967e-06
1,1,0.94719076,0.02365107
8,8,0.9821023,0.0112156775
0,0,0.99864274,0.0008215869
6,6,0.99952924,0.00024673936
7,7,0.99923354,0.00046842202
2,2,0.9055414,0.033481665
1,1,0.954103,0.015753299
0,0,0.99980086,7.826201e-05
5,5,0.99930966,0.00032905076
5,5,0.9912618,0.004254542
2,2,0.9999976,1.1915529e-06
0,0,0.9999873,6.2162376e-06
2,2,0.9995761,0.00022593157
2,2,0.99885654,0.0005813285
0,0,0.9995183,0.00026811697
2,2,0.96360666,0.014405703
4,4,0.92788696,0.031788576
9,9,0.6213895,0.08552116
8,8,0.9996641,0.00014486769
0,0,0.99997073,1.7322276e-05
9,9,0.99936914,0.00032093175
9,9,0.9998665,3.5008234e-05
4,4,0.99259603,0.0031289172
6,6,0.9997818,7.3113566e-05
5,5,0.9697444,0.0131290015
4,4,0.9740626,0.008660237
9,9,0.9997657,9.698681e-05
1,1,0.99965584,0.0001649614
8,8,0.6510138,0.07477589
3,3,0.9995928,0.00021969508
4,4,0.9924139,0.002953598
9,9,0.99985075,5.8639835e-05
9,9,0.9612153,0.010016667
1,1,0.9996939,0.00018041865
2,2,0.99547786,0.002391056
2,2,0.9897501,0.005660522
8,8,0.85955447,0.06322061
1,1,0.99994487,2.503971e-05
9,9,0.99692744,0.00076050096
6,6,0.6116805,0.07495022
4,4,0.9875474,0.0059464374
0,0,0.95492476,0.021808716
9,9,0.99959594,0.00016703908
4,4,0.8755144,0.05402177
8,8,0.8431451,0.07412879
3,3,0.99986506,8.249706e-05
8,8,0.99974173,0.0001622548
6,6,0.5178988,0.09786478
0,0,0.99999046,3.7786274e-06
2,2,0.81207025,0.06083382
5,5,0.9999331,3.008284e-05
1,1,0.9984313,0.0006073395
9,9,0.9998727,3.919418e-05
6,6,0.98651236,0.007348649
2,2,0.9999329,3.7134472e-05
9,9,0.9999793,6.4207743e-06
4,4,0.9849556,0.007054474
0,0,0.9989486,0.00062379375
9,9,0.9990966,0.0002526092
6,6,0.96765006,0.012090084
0,0,0.999997,1.4787461e-06
6,6,0.74378425,0.07246104
2,2,0.9995321,0.00026165307
5,5,0.9970735,0.001483544
4,4,0.99821043,0.00084503985
2,2,0.9641689,0.019712454
3,7,0.74625456,0.0702373
8,8,0.90097284,0.05867214
4,4,0.99761915,0.0008181344
5,5,0.90992594,0.039513715
5,5,0.8790104,0.03869445
0,0,0.9940591,0.0022614547
3,3,0.5173168,0.08429318
8,8,0.9979989,0.0011996084
5,5,0.99998504,7.293683e-06
3,3,0.9941411,0.002411976
5,5,0.9997567,0.0001393171
8,8,0.99987555,5.9007834e-05
6,6,0.9924301,0.004679247
5,5,0.988054,0.0053896112
7,7,0.9484886,0.032560598
6,6,0.9302513,0.037055492
3,3,0.99980354,0.00011924891
3,3,0.99788034,0.0012643256
9,9,0.9996691,8.015834e-05
6,6,0.87766755,0.036448088
1,1,0.99944484,0.00028671493
1,1,0.9928359,0.0041731293
2,2,0.9994047,0.00018945456
9,9,0.999632,0.00022297062
0,0,0.9999496,2.0899026e-05
4,4,0.99979687,8.029911e-05
3,3,0.9793159,0.011709603
3,3,0.94159824,0.0352792
6,6,0.9989151,0.00039982965
9,9,0.999441,0.0001927364
5,5,0.99995583,1.794347e-05
7,0,0.4816563,0.1178859
3,3,0.9034319,0.0325269
7,7,0.90330696,0.05582918
7,7,0.9913553,0.0054527908
7,7,0.99942696,0.00031516264
8,8,0.9872314,0.0076919408
7,1,0.66689825,0.07780295
9,9,0.99747217,0.0012101221
8,8,0.9992809,0.00042866013
3,3,0.9989333,0.00038695836
0,0,0.9999649,2.0145972e-05
7,7,0.8812501,0.05984629
2,2,0.9997233,0.00011187672
7,7,0.9985954,0.0007794236
9,9,0.87124413,0.048812047
4,4,0.99503386,0.0024388768
5,5,0.99958575,0.0001473813
4,4,0.9962486,0.001233056
9,9,0.9998332,7.317956e-05
3,3,0.9973875,0.0011297903
2,2,0.9983915,0.0009950778
1,1,0.9996745,0.00017022341
4,4,0.9594685,0.021826737
0,0,0.9999916,3.7908262e-06
2,2,0.9261526,0.035389274
3,3,0.9997653,9.6868884e-05
7,7,0.7390754,0.08689754
5,5,0.9999696,1.7524182e-05
7,9,0.46487015,0.120561264
8,8,0.997544,0.0011375445
8,8,0.9933446,0.004093279
5,5,0.98278296,0.0075410483
0,0,0.9988912,0.000409987
1,1,0.64831406,0.12267603
1,1,0.99451,0.003451941
4,4,0.99976444,8.633265e-05
8,7,0.87610835,0.06040504
3,5,0.6298965,0.072041124
9,9,0.99711543,0.0013443705
0,0,0.9942902,0.0016676247
0,0,0.9996991,0.00017732322
0,0,0.99991226,5.335093e-05
6,6,0.9998506,8.475493e-05
6,6,0.99893826,0.0005283984
2,2,0.9999136,3.0707855e-05
3,3,0.9998044,0.000112213405
7,7,0.99834394,0.0006482592
8,8,0.99977666,0.00013791789
4,4,0.9996182,0.000107605265
7,7,0.9845692,0.0087567335
7,7,0.99969757,0.00018850718
9,9,0.9995497,0.0002260061
2,2,0.76719344,0.054869205
4,4,0.9996869,0.00011151559
1,1,0.9998779,4.8905502e-05
4,6,0.80770475,0.07877686
5,5,0.9999727,1.391425e-05
2,2,0.93342733,0.036047027
4,4,0.9999002,4.2882803e-05
9,9,0.46066684,0.09698694
9,8,0.4913968,0.12552527
1,1,0.9988634,0.00050477544
8,8,0.9993658,0.00034905248
4,4,0.99994725,2.2858743e-05
0,0,0.9777347,0.013014497
9,9,0.85053664,0.04124959
8,8,0.9999317,3.8137434e-05
4,4,0.9997972,9.554302e-05
8,8,0.763582,0.07049027
7,7,0.99953395,0.00022838572
7,7,0.99993336,3.881862e-05
0,0,0.9999458,2.1757376e-05
7,7,0.8746387,0.053569794
8,8,0.950566,0.031170826
8,8,0.95531607,0.023315249
6,6,0.5599877,0.11477153
0,0,0.9909417,0.0055432813
4,4,0.99604404,0.0012218492
8,8,0.9997843,0.0001090348
8,8,0.99859035,0.00040165568
2,2,0.99989474,3.4212946e-05
4,4,0.9998477,5.464889e-05
7,7,0.9816353,0.011546114
6,6,0.9995254,0.00014637382
6,6,0.9944746,0.0024425047
6,6,0.82486343,0.07489572
4,4,0.99995595,2.1717553e-05
7,7,0.7451735,0.06326091
1,1,0.99581945,0.0023236144
8,8,0.9933691,0.0041503273
8,8,0.99677503,0.0012577149
2,2,0.99999875,5.9456613e-07
3,3,0.98947257,0.0048034703
6,6,0.5652677,0.07923612
3,3,0.9998843,6.1366954e-05
0,0,0.9999979,1.0660078e-06
0,0,0.9999281,2.3912104e-05
3,3,0.9940904,0.003103027
7,7,0.96640956,0.020565059
6,6,0.9986504,0.0006743785
9,9,0.99986875,5.374972e-05
7,7,0.9814188,0.0081861215
9,9,0.99987155,3.661923e-05
9,9,0.7019762,0.06995892
5,5,0.999987,5.236684e-06
4,4,0.9999391,2.2331446e-05
3,3,0.8858396,0.04108071
3,7,0.7609203,0.078954294
6,6,0.99841374,0.00076608604
1,1,0.9988106,0.0006351994
2,2,0.98407,0.0068442626
3,3,0.9941699,0.0021750017
7,7,0.9999015,4.4000335e-05
3,3,0.53651696,0.085681185
3,3,0.9997082,0.00014709971
2,6,0.67203224,0.07610528
0,0,0.9996188,0.00023863636
3,3,0.7764596,0.060364135
3,3,0.9631975,0.022895975
8,8,0.99997056,1.4583838e-05
4,4,0.9993049,0.00021730717
3,3,0.99993926,3.7601898e-05
6,6,0.95512044,0.015234016
3,3,0.73656416,0.06768288
5,5,0.75153494,0.047362145
0,0,0.9999008,5.9798367e-05
2,2,0.99989665,5.317137e-05
0,0,0.99676085,0.0011639928
9,9,0.99962556,0.00016018376
0,0,0.9999978,1.2112247e-06
7,7,0.9991137,0.00038724934
4,4,0.9998409,5.98721e-05
6,5,0.76873577,0.06710853
9,9,0.8631278,0.05152462
3,3,0.99938935,0.00032904642
5,5,0.9999665,1.8239121e-05
1,1,0.9969002,0.0018704226
9,9,0.9991164,0.00023772358
6,6,0.99664414,0.0014909076
1,1,0.9986866,0.0007451993
4,4,0.9980985,0.0005241822
5,5,0.99924976,0.0004529191
4,4,0.9992131,0.0004143333
5,5,0.9986645,0.00033139176
0,0,0.9997756,8.253965e-05
5,5,0.9999343,3.3941647e-05
9,9,0.9198117,0.03266772
5,5,0.98988545,0.003881165
2,2,0.679495,0.09741169
1,1,0.9979628,0.0012086227
2,2,0.82680637,0.06656839
9,9,0.99985445,4.5169047e-05
1,1,0.99951744,0.00022352682
9,9,0.99997663,6.0730363e-06
9,9,0.99991477,1.9868483e-05
4,4,0.9999752,1.064034e-05
0,0,0.99997836,9.214321e-06
8,8,0.99985665,8.9691006e-05
4,4,0.994754,0.0023741322
5,5,0.99973094,0.00014625183
2,2,0.9665588,0.018313486
9,9,0.96531296,0.01134257
2,2,0.999992,3.924547e-06
1,1,0.9943656,0.003349665
2,2,0.9987114,0.0007613062
1,1,0.99880636,0.0003966581
7,7,0.92694646,0.045974284
3,3,0.9999155,4.8360183e-05
6,6,0.9999965,1.1167157e-06
8,8,0.9985385,0.00078780774
8,8,0.99032134,0.006008743
4,4,0.9998,7.9667094e-05
9,9,0.999623,0.0001113362
1,1,0.9997756,8.807456e-05
9,9,0.9999754,7.423719e-06
8,8,0.9959772,0.0018528162
5,5,0.9854361,0.0041622473
7,7,0.929437,0.02620987
5,5,0.99978703,7.385081e-05
1,1,0.99633825,0.0020489772
1,1,0.99951553,0.00025207308
8,8,0.9974335,0.0014097991
6,6,0.9862321,0.008156143
5,5,0.9999715,1.105678e-05
2,0,0.71633035,0.09440554
4,4,0.992447,0.004095901
4,4,0.99968517,0.00011859417
3,7,0.9868485,0.0056212666
2,2,0.97132266,0.017964061
3,3,0.99874765,0.00077122246
5,5,0.9999404,1.7928205e-05
6,6,0.99997425,1.0110401e-05
8,8,0.9896285,0.0036657955
8,8,0.897902,0.06239913
6,6,0.9802637,0.0115734935
2,2,0.9997163,0.00016387775
3,3,0.9989193,0.0004270093
1,1,0.8961894,0.047048446
0,0,0.99986917,7.571464e-05
5,5,0.99998456,6.8814093e-06
8,8,0.9847455,0.0079990085
9,9,0.99438393,0.0021494052
2,2,0.9995595,0.00021509072
9,9,0.9999296,1.5396121e-05
6,6,0.9994682,0.00027694184
7,7,0.99964017,0.00022340562
0,0,0.9986464,0.0007985312
4,4,0.9808854,0.0056860773
8,8,0.99716645,0.0016884019
7,7,0.9988295,0.00066515006
1,1,0.9995473,0.0001935827
7,7,0.99989855,6.1074374e-05
4,4,0.9904003,0.004847971
1,1,0.95531595,0.017808381
0,0,0.9999943,2.8243023e-06
9,9,0.8742282,0.038561713
7,7,0.9598452,0.02505584
2,2,0.99852335,0.00069508376
0,0,0.9278054,0.030499011
0,0,0.9999709,1.401512e-05
9,9,0.99986637,4.3889013e-05
1,1,0.99974096,0.00014605054
7,7,0.852269,0.06440797
8,0,0.83186495,0.06097324
7,7,0.88905936,0.05213343
8,8,0.9971239,0.0016208912
4,4,0.99554443,0.0017925985
7,7,0.814754,0.08148098
2,2,0.99468404,0.0016996016
0,0,0.9999995,2.2130504e-07
4,4,0.9999053,4.7970192e-05
6,6,0.8613291,0.063805155
0,0,0.9999849,6.88313e-06
3,3,0.8890718,0.05752792
1,1,0.9995267,0.00028808403
1,1,0.99939597,0.0002709644
3,3,0.8024012,0.05326732
3,3,0.9997938,9.21162e-05
9,9,0.5897649,0.10291046
6,6,0.99967784,0.0001286569
7,7,0.9728959,0.01098229
4,4,0.99989796,3.1995365e-05
1,1,0.99992895,3.9620903e-05
5,5,0.7769167,0.07437045
3,3,0.9999715,1.3887904e-05
0,0,0.99993813,2.958562e-05
8,8,0.9917723,0.0038160987
7,7,0.87907153,0.053628404
3,3,0.9998356,6.683942e-05
9,9,0.9950948,0.0020669375
6,6,0.99983627,5.8233833e-05
9,9,0.9997977,5.7474965e-05
3,3,0.99306136,0.002722645
5,5,0.8741697,0.054052513
0,0,0.9248826,0.0414826
2,2,0.998299,0.0009912503
7,7,0.9953338,0.0022168765
4,4,0.877205,0.04590285
5,5,0.9999363,3.296229e-05
1,1,0.99968374,0.00018980195
7,2,0.8676645,0.050677598
5,5,0.99979,0.00010845971
8,8,0.99921703,0.00048663476
0,0,0.9994219,0.0003514841
8,8,0.99003935,0.0042927186
8,8,0.8719338,0.051742267
1,1,0.99958295,0.00021858056
5,5,0.8930265,0.05046053
0,0,0.99749786,0.0012385092
3,3,0.99216527,0.0031284872
0,0,0.9999385,2.9232193e-05
3,3,0.97786045,0.012567999
1,1,0.98918927,0.0065221773
4,4,0.9990904,0.00038128925
0,0,0.9998614,8.06506e-05
3,3,0.99963856,0.00019047092
7,7,0.99879205,0.0007468549
2,2,0.9641784,0.015180113
7,7,0.8041668,0.06850041
1,1,0.7898099,0.048821084
8,8,0.99618894,0.0013057545
0,0,0.99982536,0.00010743218
7,7,0.9915643,0.005331598
0,0,0.9999973,1.1889108e-06
4,4,0.9990988,0.0005444555
3,3,0.9399854,0.03648723
1,1,0.9951552,0.002999379
9,9,0.99708843,0.0013775008
8,8,0.86797106,0.057629496
7,7,0.9997965,8.8454464e-05
7,7,0.9989316,0.000674509
1,1,0.9920845,0.003426612
4,4,0.9999,3.3552024e-05
9,9,0.9998102,5.484996e-05
9,9,0.999938,1.9310904e-05
3,3,0.9839268,0.007307785
2,7,0.48816934,0.10525874
1,1,0.9998986,4.782764e-05
7,7,0.9934122,0.003914792
9,9,0.9994151,0.00023315815
0,0,0.99775726,0.0011254383
2,2,0.9999994,2.538122e-07
0,0,0.99995863,2.4813391e-05
3,3,0.9938406,0.0029187356
3,3,0.83857775,0.057936512
7,7,0.9999037,5.791738e-05
6,6,0.73157305,0.08937349
9,9,0.9180125,0.035779163
2,2,0.99453735,0.003379956
3,3,0.99800044,0.0011028631
3,3,0.9993044,0.0004303393
7,7,0.99988335,6.330297e-05
7,7,0.97620976,0.015031855
0,0,0.999845,9.586474e-05
0,0,0.98439485,0.008183348
7,7,0.902063,0.050732605
5,5,0.9996079,0.00022179828
2,2,0.99612856,0.0016639329
9,9,0.9998479,4.186393e-05
8,8,0.9185171,0.04103335
7,7,0.97560054,0.013416246
4,4,0.99127424,0.0032295312
4,4,0.9998094,0.00010132157
2,2,0.999623,0.00013700966
6,6,0.9997365,9.702823e-05
6,6,0.99185455,0.0031166826
1,1,0.9989236,0.00058197085
9,9,0.9975835,0.0012060747
6,6,0.84057456,0.061783813
8,8,0.94631577,0.017503725
2,2,0.9971841,0.001432379
9,9,0.9967926,0.0016634004
0,0,0.9996433,0.00015494715
8,8,0.9992838,0.00044004963
3,7,0.43907014,0.10442878
1,1,0.9996104,0.00016129097
1,1,0.9908921,0.0047202194
6,6,0.9899351,0.0053357827
3,3,0.9986771,0.0006280359
5,5,0.99847347,0.00073668757
1,1,0.9996109,0.0001689947
1,1,0.9989387,0.00060466235
1,1,0.9980138,0.0006731778
3,3,0.9970048,0.0011393961
1,1,0.8871695,0.06277016
2,2,0.941555,0.02604976
3,3,0.99833554,0.000915083
0,0,0.99999285,3.5836024e-06
2,2,0.99977815,0.00011437023
0,0,0.97477543,0.012257644
1,1,0.9991933,0.00030176257
3,3,0.9991201,0.0005497702
5,5,0.9999324,2.9344057e-05
5,5,0.99929076,0.00023277962
7,7,0.9986841,0.00076599326
4,4,0.9996049,0.00014200367
8,8,0.8361595,0.071788296
9,9,0.9999359,3.429038e-05
6,6,0.99132967,0.005345399
9,9,0.90989065,0.044340275
6,6,0.99971354,0.00012197732
8,8,0.94440186,0.03352096
3,3,0.996793,0.0018909998
6,6,0.9968173,0.0013090426
6,6,0.9999858,5.48118e-06
8,8,0.99409455,0.0035296432
5,5,0.99993974,2.5760684e-05
1,1,0.9993143,0.0002858915
4,4,0.99940807,0.0002671982
2,2,0.9995248,0.00028744
4,4,0.9999903,4.0099703e-06
4,4,0.9652745,0.012652935
5,5,0.9998747,6.523311e-05
1,1,0.9997002,0.00016045992
1,1,0.96239245,0.014950557
9,9,0.99995995,9.5627165e-06
0,0,0.9999855,7.4598925e-06
2,2,0.934028,0.020306388
4,4,0.999955,2.2799013e-05
9,9,0.99763316,0.00070158584
5,5,0.99980116,6.4319654e-05
7,7,0.97400266,0.016150078
1,1,0.99959004,0.00019998204
8,8,0.99995315,2.7067721e-05
8,8,0.9711652,0.014350355
5,5,0.9998679,5.032583e-05
6,0,0.5424609,0.09610407
9,9,0.999452,0.0002173497
8,8,0.99991673,3.474256e-05
7,7,0.94771975,0.02257303
1,1,0.99988043,4.5472785e-05
1,1,0.9819706,0.0062173
6,6,0.964661,0.01727638
7,7,0.99634045,0.0017121166
6,6,0.9508543,0.030234477
3,3,0.9944118,0.0027938923
2,2,0.99999917,5.026268e-07
2,2,0.9999956,1.7156544e-06
0,0,0.99995947,1.9557767e-05
8,8,0.9919518,0.0050451015
9,9,0.9656518,0.019193035
2,2,0.9999725,9.995066e-06
5,5,0.99867564,0.000762431
1,1,0.9991404,0.0004842909
0,0,0.9999868,5.3265803e-06
8,8,0.97131765,0.01791805
1,1,0.7232202,0.0821202
9,4,0.92378235,0.040075354
5,5,0.9994564,0.00019106081
7,7,0.80083656,0.06724428
9,9,0.9999688,1.1903711e-05
6,6,0.99974966,0.00010521101
9,9,0.99268514,0.0022703833
0,0,0.9999692,1.485416e-05
6,6,0.9894926,0.005939727
1,1,0.9936248,0.002418962
5,5,0.9997017,6.73605e-05
5,5,0.6274034,0.07552541
8,8,0.9996006,0.00015065093
3,3,0.31961676,0.10645561
8,8,0.9999741,1.2020161e-05
2,2,0.9790405,0.012790794
6,6,0.9108629,0.050515912
5,5,0.99829644,0.0005892462
0,0,0.95042,0.0263381
7,7,0.9992145,0.00049589714
4,4,0.99217033,0.0040746736
6,6,0.9999914,3.3693454e-06
1,1,0.9955436,0.0024163923
3,3,0.99997634,1.326614e-05
4,4,0.94912446,0.016028197
7,7,0.99985296,9.215264e-05
3,3,0.88277495,0.033545922
2,2,0.99994934,1.8462775e-05
3,3,0.99525654,0.0028873668
4,4,0.99989015,5.5775454e-05
2,2,0.9583475,0.021555554
5,5,0.9953796,0.0022320438
2,2,0.99992687,3.8075817e-05
7,7,0.9626523,0.023582803
1,1,0.99986935,6.4931955e-05
7,7,0.999777,0.00013525199
2,2,0.99994075,2.6496282e-05
6,6,0.9171535,0.047820237
4,4,0.9774946,0.0091000935
1,1,0.999823,8.09777e-05
5,0,0.8571676,0.06464364
7,2,0.56966084,0.10652814
8,8,0.99924517,0.00035679777
6,6,0.7309367,0.07954914
0,0,0.9998802,6.0864324e-05
1,1,0.9954256,0.0022431514
8,8,0.9999119,4.9593527e-05
2,2,0.9978778,0.0011742767
5,5,0.925134,0.038306277
7,7,0.99680364,0.0018013716
7,7,0.9999429,2.8634726e-05
6,6,0.99765265,0.0008705634
9,8,0.37224865,0.118388
3,3,0.9731495,0.008435726
5,5,0.84859896,0.047564305
8,8,0.99136895,0.0052149147
4,4,0.9989484,0.00035999244
2,2,0.999887,5.890571e-05
4,4,0.99997044,1.1977728e-05
0,0,0.9999933,3.615592e-06
8,8,0.9951873,0.002828923
8,8,0.9999296,3.832945e-05
3,3,0.9996483,0.00020744515
4,4,0.9969965,0.0012766392
9,9,0.9999695,1.1865139e-05
2,2,0.99996865,1.0265425e-05
7,7,0.9998784,7.379182e-05
5,5,0.99999154,4.133366e-06
8,8,0.6858908,0.08674522
6,6,0.8173872,0.047825422
5,5,0.996978,0.0011283061
6,6,0.96988106,0.012651411
0,0,0.9999936,3.1631328e-06
8,8,0.99923295,0.0003894531
6,6,0.9995464,0.0002463146
7,7,0.9979329,0.00130173
3,3,0.9782608,0.0056813937
6,6,0.99652445,0.0013346542
4,4,0.9986285,0.0005292079
9,9,0.9943932,0.0017273892
4,4,0.9998752,6.9120935e-05
6,6,0.6413022,0.08424176
6,5,0.9752854,0.009453592
3,3,0.9965024,0.0018176537
2,2,0.6993774,0.07468878
4,4,0.99995154,1.9715368e-05
1,1,0.9999579,1.9835923e-05
0,0,0.6907276,0.08221112
1,1,0.99850816,0.0008719581
4,4,0.99510163,0.0017713379
6,6,0.99974,8.215522e-05
2,2,0.9999763,1.361749e-05
9,9,0.80446327,0.05482338
1,1,0.94524544,0.030363038
1,1,0.9997209,0.00015625668
0,0,0.99915296,0.0005280359
6,6,0.9858165,0.006464018
3,3,0.9995859,0.00020850086
9,9,0.99988115,3.0285819e-05
5,5,0.99989355,4.393265e-05
6,6,0.9901643,0.005041296
5,5,0.98779476,0.003953848
6,6,0.9999262,2.7312466e-05
5,5,0.9998048,7.1419636e-05
8,3,0.7086364,0.07938997
4,4,0.9997547,0.000102357575
6,6,0.9987423,0.00041941134
4,4,0.99995744,1.25937195e-05
3,3,0.98713243,0.0057357578
9,9,0.9954561,0.0024465644
1,1,0.99974805,9.9008226e-05
3,3,0.91223097,0.054620326
4,4,0.9999913,3.5635435e-06
1,1,0.9998501,7.159503e-05
9,9,0.9998542,4.5615154e-05
1,1,0.9995286,0.00026471782
7,2,0.48794323,0.07695258
1,1,0.99915326,0.00039439098
1,1,0.8512114,0.06907824
9,9,0.9999876,2.7495232e-06
3,3,0.9998684,7.471411e-05
5,5,0.9996098,0.00015659553
4,4,0.9997013,9.445553e-05
0,0,0.99272525,0.0026400045
7,9,0.62617713,0.06969136
3,3,0.9586657,0.01848117
6,6,0.9997228,0.00016322455
1,1,0.9973303,0.0013615929
7,7,0.8363427,0.060541987
5,5,0.9977487,0.0005766697
5,5,0.9999232,4.1356303e-05
3,3,0.9983802,0.0010196656
3,3,0.99988717,6.513441e-05
0,0,0.97660923,0.014634031
1,1,0.9993269,0.00040968755
5,5,0.93193924,0.033985652
7,7,0.9999215,3.35093e-05
5,5,0.9999342,2.518213e-05
8,8,0.9091877,0.055251576
6,6,0.9977949,0.0011855357
5,5,0.4927751,0.11381549
1,1,0.9995221,0.00028829233
0,0,0.99996024,1.6735721e-05
4,8,0.6862938,0.07318397
2,7,0.6052815,0.067298524
3,3,0.9990033,0.00060424313
4,4,0.9999914,2.6964578e-06
6,6,0.7907311,0.05461939
7,7,0.9999382,2.5316975e-05
9,9,0.93784153,0.02560338
8,8,0.9984333,0.00089751574
1,1,0.9988653,0.00062281935
8,8,0.56843174,0.0846328
4,9,0.959002,0.012553923
9,9,0.96089685,0.01439094
2,2,0.99989223,4.168873e-05
8,8,0.999393,0.00033783494
6,6,0.9998867,3.539805e-05
2,2,0.99050677,0.0032733106
7,7,0.9997753,0.00010333476
0,0,0.9999714,1.6038886e-05
0,0,0.99997413,1.3605742e-05
6,6,0.9999406,2.8096601e-05
7,7,0.7765016,0.075195156
5,5,0.9999317,3.1055715e-05
8,8,0.9996786,0.0001995948
6,6,0.9893157,0.0040871194
0,0,0.9996728,0.00015939295
9,9,0.99882996,0.00032865236
3,3,0.9996749,0.00017669355
7,9,0.72734606,0.07359871
1,1,0.99971455,0.00011024873
3,3,0.9993292,0.00041557447
5,0,0.6379086,0.08329277
4,4,0.9999277,2.2019394e-05
3,3,0.99714553,0.0011915136
3,3,0.99962103,0.00021672412
5,5,0.999926,3.6781512e-05
5,5,0.9993502,0.0003845882
6,6,0.98812425,0.0074700057
3,3,0.98957694,0.0065527908
0,0,0.99992496,2.6633254e-05
2,2,0.99670017,0.0018136796
3,3,0.9999237,4.547826e-05
4,4,0.83896095,0.04517757
2,2,0.99226487,0.0034709754
3,3,0.98956126,0.006420959
0,0,0.9999542,2.4971345e-05
9,9,0.9998909,4.0372142e-05
9,9,0.9994898,0.00013447648
4,4,0.95319736,0.02066457
7,7,0.9998525,6.1374034e-05
2,2,0.99999636,1.9749336e-06
8,8,0.6641682,0.08568039
4,4,0.99996364,1.197117e-05
7,7,0.9415658,0.036790904
0,0,0.9999939,3.5021872e-06
6,6,0.9983469,0.00054447504
2,0,0.95548266,0.01708193
8,8,0.9952984,0.0019958934
5,5,0.9992086,0.00043856082
2,2,0.999574,0.0002481736
8,8,0.99971104,0.00016977875
5,5,0.9998358,5.8143603e-05
7,7,0.9981354,0.0007607212
3,3,0.671437,0.069123834
0,0,0.9999962,1.9040441e-06
8,8,0.86181563,0.046479736
2,2,0.9999315,3.538366e-05
3,7,0.34057894,0.13397896
2,2,0.9579733,0.021578044
8,8,0.9999858,7.2573407e-06
2,2,0.9951647,0.002515248
5,5,0.9997586,0.00011450803
5,5,0.999942,2.2289194e-05
7,7,0.7616019,0.080497555
6,6,0.77067006,0.07803972
4,4,0.9999355,2.2416509e-05
6,0,0.86975443,0.055565484
8,8,0.99960023,0.00018734948
4,4,0.999969,1.5306006e-05
8,8,0.9824132,0.009230843
2,2,0.99997646,1.1074787e-05
7,7,0.999032,0.0006053726
4,4,0.99980414,7.5187505e-05
5,5,0.7701125,0.055896677
2,2,0.999864,7.141855e-05
0,0,0.99999446,2.7926878e-06
3,3,0.9990574,0.0003899453
9,8,0.52492493,0.08696064
4,4,0.97262585,0.01261211
6,6,0.6797157,0.102056995
7,7,0.9997619,0.00014898712
2,2,0.99685717,0.0018403832
5,5,0.9816868,0.005547183
6,1,0.60667944,0.100110054
1,1,0.99620354,0.0019800542
1,1,0.9996341,0.00017449164
2,2,0.99172384,0.004622065
3,3,0.9998007,0.000119204145
6,6,0.9989295,0.00039717305
7,7,0.9999525,2.8997554e-05
8,8,0.99932444,0.00042055818
7,7,0.9968201,0.001868645
6,6,0.91187924,0.03200054
4,4,0.99580985,0.001662675
8,8,0.99973315,0.00012638759
9,9,0.99762166,0.0007525536
4,4,0.5714115,0.086831585
8,8,0.99960005,0.00018966425
6,6,0.999636,0.0002076182
3,3,0.993336,0.003926481
8,8,0.99957085,0.0002614308
3,3,0.77508867,0.071601205
1,1,0.99941814,0.00022932068
0,0,0.99997294,1.0887957e-05
6,6,0.9982333,0.0006202737
2,2,0.999479,0.00029461808
2,2,0.99994165,3.0105613e-05
5,5,0.99984884,6.072006e-05
6,6,0.98829174,0.0073646726
9,9,0.98978454,0.0047961725
5,5,0.85524017,0.049694978
8,8,0.9993141,0.000408382
1,1,0.99987423,5.315927e-05
4,4,0.99987155,6.3275125e-05
1,1,0.98502266,0.0074085565
7,7,0.99988204,7.162307e-05
8,8,0.93545306,0.028913936
4,4,0.9994543,0.00020176629
6,6,0.9999706,1.1177969e-05
1,1,0.9998423,7.666434e-05
8,8,0.9992813,0.00043982468
4,4,0.99997675,8.294227e-06
3,5,0.5763773,0.06405781
1,1,0.99967,0.00017712754
2,2,0.9990915,0.0004746258
8,8,0.9973386,0.0013462821
0,0,0.99995357,2.0478246e-05
8,8,0.99309504,0.0026807336
5,5,0.99966764,0.00016256401
9,9,0.99992335,3.549463e-05
1,1,0.74282277,0.08165308
4,4,0.9996395,0.0001866788
2,2,0.99992836,3.3217562e-05
0,0,0.70093954,0.088220656
2,2,0.71809584,0.0871674
7,7,0.99955875,0.00027842462
0,0,0.99829894,0.0008405343
9,1,0.5935346,0.10007274
0,0,0.99994576,1.9893452e-05
2,2,0.99996555,1.8369323e-05
5,5,0.98723733,0.0056258743
7,7,0.91455394,0.053534288
6,6,0.9986371,0.00058415584
7,7,0.85620344,0.06399445
9,9,0.9999547,1.1793105e-05
4,4,0.99895525,0.0002484143
2,2,0.6953872,0.08455254
6,6,0.93934995,0.029082334
2,2,0.99119425,0.004043142
4,4,0.99047786,0.0042768368
4,4,0.9999741,9.594616e-06
8,8,0.9996716,0.00016854433
0,0,0.99795026,0.0012794716
4,4,0.9998886,4.8751554e-05
4,4,0.9999903,3.3013828e-06
5,5,0.9999876,5.6825206e-06
8,8,0.9987956,0.00064561714
0,0,0.9968847,0.0015946424
6,6,0.9613864,0.012654193
8,8,0.99965394,0.00014787409
9,9,0.9115082,0.024800224
8,8,0.9953548,0.0029199386
5,5,0.99552214,0.0019099237
6,6,0.6837645,0.077150464
9,9,0.99973834,9.978479e-05
0,0,0.999982,8.173263e-06
4,4,0.9999029,3.321102e-05
8,8,0.99551946,0.0027905467
7,7,0.9998654,8.2096085e-05
1,1,0.9988493,0.0005587578
3,3,0.9997568,8.716407e-05
4,4,0.9999895,4.064851e-06
5,8,0.57315457,0.053816814
8,8,0.9994465,0.00029569663
0,0,0.99999535,2.6014284e-06
9,9,0.99388933,0.0025575908
1,1,0.99801886,0.001032035
3,3,0.9540126,0.02877839
3,3,0.9974214,0.0016168284
6,6,0.9999908,4.3391856e-06
9,9,0.9942686,0.002221467
8,8,0.9999448,2.586744e-05
7,7,0.9965048,0.0020959056
1,1,0.9908881,0.0053263656
0,0,0.9999901,4.3496602e-06
5,5,0.9605924,0.020621542
7,7,0.99414253,0.003695943
1,1,0.9984369,0.0007943042
7,7,0.99993265,4.2049644e-05
5,5,0.9999545,2.1636828e-05
2,2,0.9375905,0.026493877
7,7,0.9967601,0.0019433724
9,9,0.9998949,3.3447308e-05
1,1,0.98909634,0.006706091
8,8,0.99945796,0.00033345987
5,5,0.9999669,1.4074128e-05
2,2,0.9999989,4.6626056e-07
4,4,0.999709,0.00012366576
9,9,0.9997593,3.746723e-05
4,4,0.9977919,0.0007846186
7,7,0.9998291,9.887016e-05
2,2,0.9989551,0.0004010917
2,2,0.99899006,0.00038612046
3,3,0.99521255,0.0016671345
4,4,0.9988478,0.00044192016
9,9,0.9999229,2.9733817e-05
1,1,0.90817976,0.05439613
9,9,0.99994785,1.7668244e-05
2,2,0.99954003,0.00010949255
1,1,0.9995333,0.0001943401
7,7,0.999675,0.0001776662
9,9,0.9983776,0.00072924333
4,4,0.99981135,7.475565e-05
4,4,0.99984884,6.229727e-05
1,1,0.7464962,0.08559959
6,6,0.9997444,0.000155332
7,7,0.9698262,0.015190249
2,2,0.9864524,0.007144518
7,7,0.99907815,0.00058122794
8,8,0.999636,0.00016866256
8,0,0.84411126,0.053390842
1,1,0.9852455,0.005406534
9,9,0.9999852,3.9279953e-06
7,7,0.9998585,8.729207e-05
1,1,0.9968316,0.0013253199
1,1,0.99884605,0.00048140011
7,7,0.999925,3.2667314e-05
5,5,0.9985178,0.00060673716
3,3,0.93438226,0.033648267
3,3,0.9998832,7.105434e-05
5,5,0.99977744,0.00012032137
1,1,0.99983823,7.5736825e-05
3,3,0.998563,0.00064390234
7,7,0.9983466,0.001037051
6,6,0.839036,0.06555868
1,1,0.9993965,0.00036601746
3,3,0.9996104,0.00013430108
8,8,0.9942924,0.00235297
7,7,0.999572,0.00021068254
5,5,0.9499939,0.026965538
9,9,0.7546288,0.07832022
9,0,0.7186289,0.09866323
0,0,0.9999112,4.6869118e-05
0,0,0.99998206,9.950179e-06
2,2,0.9519638,0.023896204
8,8,0.9993094,0.00033299404
8,8,0.75026816,0.061735027
2,2,0.6887998,0.08738318
3,3,0.9931787,0.0019447856
7,7,0.99953496,0.00029309266
1,1,0.97405416,0.008878045
3,3,0.99996984,1.5686986e-05
0,0,0.99990636,4.0974974e-05
3,3,0.9928055,0.002711535
4,4,0.9999839,5.1955135e-06
4,4,0.999977,8.494079e-06
3,3,0.7723483,0.06595486
8,8,0.9996315,0.00022503785
9,9,0.9996973,7.8413344e-05
2,2,0.9999134,4.9963954e-05
3,3,0.99679595,0.0011068591
9,9,0.99923164,0.00021829968
7,7,0.80011475,0.07790269
1,1,0.9995991,0.00023935856
1,1,0.99941003,0.00035475238
7,7,0.99412185,0.0035131597
0,0,0.9998795,5.590637e-05
4,4,0.9978281,0.0011885802
9,9,0.9993075,0.00025278376
6,6,0.99997056,1.0835897e-05
5,5,0.9997115,0.00014875815
9,9,0.99998415,5.2254727e-06
1,1,0.9994952,0.00021834348
7,1,0.3864043,0.090468235
0,0,0.99933547,0.00034132085
2,2,0.8250432,0.07238579
0,0,0.99999684,1.0823505e-06
0,0,0.9157974,0.05023818
4,4,0.99946964,0.0002133878
6,6,0.9996476,0.00011953533
7,7,0.9999755,1.0605719e-05
0,0,0.6400994,0.073657416
7,7,0.9876124,0.006565422
1,1,0.9998838,6.1700455e-05
4,4,0.99998015,7.643277e-06
6,6,0.99962425,0.00014407215
4,4,0.99253434,0.0042060055
5,5,0.83056134,0.04202562
4,4,0.999951,2.51103e-05
9,9,0.99733716,0.0007131648
9,9,0.99863243,0.0008352265
1,1,0.9916558,0.0028178697
7,7,0.9912217,0.0054747914
9,9,0.95510817,0.02261894
5,5,0.9999689,1.7229731e-05
3,3,0.9999627,1.6549126e-05
3,3,0.96721286,0.0186336
8,8,0.99980795,9.222257e-05
2,2,0.9990506,0.00054853864
3,3,0.95856017,0.012334293
6,6,0.99994963,2.1466718e-05
2,2,0.99954224,0.00021202904
2,2,0.9999784,9.845588e-06
1,1,0.99902976,0.0005175389
1,1,0.997441,0.0015008046
1,1,0.99925804,0.00034537056
1,1,0.83842677,0.05817014
1,1,0.99949014,0.00027735735
6,6,0.99437255,0.0022993097
9,9,0.99960005,9.1290465e-05
8,8,0.9181123,0.04530272
4,4,0.999513,0.00029742325
3,3,0.99572724,0.0016516758
7,7,0.9925321,0.0046641463
1,1,0.9953041,0.0024789018
6,6,0.9974821,0.0015657011
4,4,0.9999832,6.386974e-06
5,9,0.52855086,0.08916475
0,0,0.9999903,5.062667e-06
4,4,0.93793106,0.02433876
7,7,0.9990004,0.00043701712
4,4,0.9999917,3.9365623e-06
2,2,0.9789155,0.012916038
4,4,0.9994998,0.00019049007
0,0,0.9999822,7.100652e-06
7,7,0.9901077,0.0059314957
0,0,0.9987105,0.0008100412
1,1,0.9997134,0.00014820491
9,9,0.5018951,0.08346295
8,8,0.7015528,0.11022238
8,8,0.9551439,0.017539132
6,6,0.9996584,0.00013467591
0,0,0.998967,0.00064220553
0,0,0.9999954,2.0427408e-06
4,4,0.9684704,0.018368792
9,1,0.9838071,0.007567714
6,6,0.9767723,0.014294306
8,8,0.99982584,0.00010568416
2,2,0.97518986,0.014463348
2,2,0.9992887,0.00033503413
3,3,0.9988166,0.00046250015
8,8,0.9086959,0.054061253
4,4,0.7865798,0.065709606
8,8,0.908085,0.041522913
2,2,0.9992858,0.00031661784
2,2,0.97115976,0.016785758
1,1,0.9975405,0.0010230255
7,7,0.99979293,0.00012975934
5,5,0.99841607,0.0008958519
4,4,0.99995697,2.2987635e-05
4,4,0.9999323,1.7319922e-05
0,0,0.9999989,6.0245986e-07
4,4,0.9991387,0.00048087336
3,3,0.5093338,0.117313124
9,9,0.39331242,0.10228084
7,7,0.9999839,9.06966e-06
3,9,0.5336078,0.0783493
1,1,0.97734356,0.012049451
0,0,0.999858,8.4590356e-05
1,1,0.999205,0.0004850796
2,2,0.99942243,0.00024943828
5,5,0.9986927,0.00054993446
9,4,0.78400695,0.06478498
2,2,0.985541,0.0053188773
1,1,0.98951495,0.005587823
0,0,0.9993771,0.0002658759
1,1,0.9992011,0.00032482325
8,8,0.99963856,0.00018895065
9,9,0.9959752,0.0018382106
1,1,0.99984074,8.107444e-05
6,4,0.8558003,0.04940594
8,8,0.99877846,0.0005623631
3,3,0.99816495,0.0010921268
8,8,0.9411081,0.03659915
9,4,0.59372795,0.089139014
3,3,0.99976146,0.00014724318
6,6,0.9996437,0.00018192732
2,2,0.98153716,0.0072286515
8,8,0.9688916,0.019445855
3,3,0.9994817,0.00024489773
2,2,0.9933969,0.0028551272
2,1,0.9473258,0.017403988
1,1,0.9951127,0.0027854326
0,0,0.99999017,4.109071e-06
4,4,0.98656714,0.0068652667
2,2,0.9823475,0.00790902
9,9,0.9993602,0.00016616035
2,2,0.9989312,0.0004273614
4,4,0.99919826,0.00039129402
3,3,0.5297657,0.08457627
7,7,0.9972373,0.0017451774
9,9,0.99984103,5.9144564e-05
1,1,0.997722,0.0014308369
5,5,0.99957246,0.00019506953
2,2,0.99928176,0.00043604034
4,4,0.95917165,0.013855627
9,9,0.735178,0.07574254
0,0,0.99556,0.0018633564
3,3,0.97645265,0.013087387
8,8,0.99984294,8.972654e-05
5,5,0.9997198,0.00014803349
3,3,0.9993769,0.00038872554
6,6,0.49698448,0.09190075
0,0,0.9956175,0.0027432446
9,9,0.99512607,0.001900883
4,4,0.9993699,0.00027644655
6,6,0.9998797,4.4037235e-05
2,2,0.9985129,0.000686206
5,5,0.99549234,0.0012787591
0,0,0.9994998,0.00029630522
2,0,0.57142276,0.099957064
7,7,0.9997281,0.00015442647
4,4,0.7753266,0.05423004
6,6,0.99992305,2.6422687e-05
6,6,0.9998722,4.947486e-05
8,8,0.9999229,4.2557003e-05
6,6,0.99996585,1.5160874e-05
6,6,0.8920592,0.043546684
8,8,0.99956685,0.00022288707
6,6,0.9896199,0.0051175985
9,9,0.99975455,6.320101e-05
1,1,0.9916447,0.0043015857
7,7,0.9735261,0.01647295
2,2,0.9989581,0.00044541387
5,5,0.99978054,7.399508e-05
9,9,0.99958056,0.0001386471
9,9,0.9996618,9.65152e-05
0,0,0.99753904,0.0014251817
7,7,0.9952835,0.00265824
2,2,0.99994165,3.220962e-05
7,7,0.99887097,0.0007041825
6,6,0.99926376,0.00032035488
7,7,0.8888408,0.05575783
0,0,0.989956,0.006338057
6,6,0.9999916,2.504658e-06
5,5,0.9995512,0.00026567763
2,4,0.9872309,0.0072893454
4,4,0.98684186,0.0048118858
7,7,0.98663694,0.0078594815
2,2,0.99997675,8.684657e-06
0,0,0.99992734,3.9158396e-05
9,9,0.99925554,0.00020962278
9,9,0.9998366,5.2699383e-05
2,2,0.9978231,0.00114568
2,2,0.9808138,0.008928039
9,9,0.9734788,0.007408178
4,4,0.9960697,0.0014458201
4,4,0.9999388,2.58978e-05
2,2,0.9903572,0.0041912002
3,3,0.9982163,0.0010607017
3,3,0.99990064,5.1848932e-05
2,2,0.9999857,5.5798946e-06
1,1,0.9991375,0.00039559742
7,7,0.99991477,3.315993e-05
0,0,0.99998224,9.896933e-06
7,7,0.99380887,0.0034753724
6,6,0.856301,0.056791555
4,4,0.9996414,0.00019158034
1,1,0.9713248,0.013869977
3,3,0.99661696,0.0017732127
8,8,0.500269,0.06446745
7,7,0.9954421,0.0028404077
4,4,0.73797834,0.06957021
5,5,0.9999008,3.429419e-05
9,9,0.8955821,0.056687452
2,2,0.9647912,0.011127814
5,5,0.9999754,1.2212676e-05
1,1,0.9994033,0.00023200057
8,8,0.9966609,0.0021075485
7,7,0.87452507,0.054030813
3,3,0.9970499,0.0013826562
7,7,0.9977876,0.0008040845
1,1,0.97693473,0.0129833175
5,5,0.9972378,0.0011292765
5,5,0.9490253,0.019118201
0,0,0.99962455,0.00013770735
9,9,0.9979107,0.00090947683
1,1,0.99935114,0.00031982773
4,4,0.99949044,0.00022490851
0,0,0.9999938,2.5472923e-06
6,6,0.9053273,0.04225583
3,3,0.70031524,0.06893788
3,5,0.5255389,0.07312159
6,6,0.9992579,0.00026182964
0,0,0.99997866,1.0268325e-05
4,4,0.9999811,5.8078076e-06
9,9,0.9990018,0.0003509003
7,7,0.98969173,0.0043195924
5,5,0.9999663,1.6201695e-05
1,1,0.9994106,0.00035023128
6,6,0.9608754,0.008923408
8,8,0.9998292,9.235474e-05
9,9,0.98044395,0.009954815
5,5,0.9702606,0.013681866
5,5,0.9996419,0.00018759647
7,7,0.9236739,0.048062254
9,9,0.9904913,0.001948419
3,3,0.99807155,0.0011962797
8,8,0.987982,0.006950625
3,3,0.9994446,0.00030588536
8,8,0.97130454,0.017105613
1,1,0.9985441,0.0007692223
5,5,0.9999918,3.894759e-06
3,3,0.99681014,0.0014618745
5,5,0.9967222,0.0012896551
0,0,0.9992725,0.00044182377
5,5,0.99999684,1.3673798e-06
5,5,0.9927273,0.003440788
3,3,0.8406803,0.047868814
8,8,0.9999043,4.5997615e-05
6,6,0.93341064,0.03871238
7,7,0.99973404,0.00016755746
7,7,0.907467,0.04368465
7,7,0.99507666,0.0029804078
3,3,0.99655056,0.0019446671
7,7,0.99985725,8.813982e-05
0,0,0.9992139,0.00049689686
5,5,0.9993106,0.00018843514
9,8,0.6837934,0.06695749
0,0,0.9977829,0.0013669489
2,2,0.99939525,0.000379751
5,5,0.99602824,0.0012189797
5,5,0.9836639,0.009876023
3,3,0.999797,0.00012056297
1,1,0.99970496,0.00012903994
7,7,0.8608745,0.063475065
7,7,0.6790251,0.090734676
8,8,0.9997655,0.00011582715
6,6,0.9612063,0.024088886
5,5,0.9998682,7.561321e-05
9,7,0.68876016,0.06696676
3,3,0.9999369,3.772387e-05
8,8,0.9988796,0.00065028644
9,9,0.99464387,0.0018612746
5,5,0.9999154,3.708344e-05
3,3,0.9996541,0.00016744078
7,7,0.99992484,3.5122306e-05
9,9,0.5462827,0.074863985
1,1,0.99956286,0.00019928635
7,7,0.999911,5.4130833e-05
0,0,0.99915123,0.00046921388
0,0,0.99994624,2.7004458e-05
3,3,0.9990598,0.00052770437
7,7,0.99993813,3.4195815e-05
2,2,0.99843234,0.0007894932
5,5,0.82181215,0.054932546
8,8,0.56664026,0.09185262
1,1,0.9997905,9.307698e-05
8,8,0.99616873,0.0023673219
6,6,0.9999665,1.589397e-05
2,2,0.975427,0.013675975
9,9,0.99606687,0.0014163211
5,5,0.98944455,0.004274909
7,7,0.99964935,0.0001759289
5,5,0.99998665,5.1025186e-06
7,1,0.282339,0.14187379
8,8,0.99841195,0.00094792235
6,6,0.99960697,0.00014975105
2,2,0.9537546,0.025817513
5,5,0.9997624,7.5104384e-05
1,1,0.9996411,0.00014824353
4,4,0.99982435,6.3603395e-05
8,8,0.9993083,0.00042057497
4,4,0.99998873,3.9209526e-06
5,5,0.9820905,0.0069684326
8,8,0.98588216,0.00683013
3,3,0.52487767,0.07136232
0,0,0.99903786,0.00037910155
6,6,0.9554512,0.0210782
2,2,0.99946326,0.00031802006
7,7,0.99938023,0.00038357015
3,3,0.9896304,0.0060624564
3,3,0.957965,0.016720697
2,2,0.9904133,0.0053530536
1,1,0.9995244,0.0002787636
0,0,0.99995804,1.3862997e-05
7,7,0.9756888,0.015356682
3,3,0.9927176,0.002940581
4,4,0.5033846,0.07434713
0,0,0.90463,0.05504047
3,3,0.9998047,0.00012203948
9,9,0.9986512,0.00052891474
3,3,0.99731666,0.0010501547
2,2,0.9359369,0.024493625
8,8,0.98502636,0.008405069
9,9,0.9954511,0.0025280206
0,0,0.999998,1.1190712e-06
3,3,0.9981434,0.0009111528
8,8,0.99920034,0.000490611
0,0,0.9994028,0.0003754074
7,7,0.99749005,0.0013721709
6,6,0.95266247,0.026713243
5,5,0.99998367,5.994925e-06
4,4,0.99951345,0.00012780385
7,7,0.9998442,9.678405e-05
3,3,0.99932367,0.00033011814
9,0,0.98338497,0.009836253
0,0,0.9988513,0.00041593512
8,8,0.9997972,0.00011783243
6,6,0.8528086,0.0742562
2,2,0.65855587,0.08349047
5,5,0.9946629,0.0031377878
6,1,0.9937587,0.0027739163
1,1,0.999448,0.000232701
0,0,0.9999809,1.1195783e-05
0,0,0.99999774,1.1172724e-06
4,4,0.9994793,0.00018820411
4,4,0.99794054,0.0011067583
0,0,0.9984242,0.00072229287
1,1,0.999163,0.00037335767
2,2,0.999993,3.9920033e-06
3,3,0.99902916,0.000534241
2,2,0.99995077,2.1031967e-05
7,7,0.945721,0.03322975
7,7,0.9979466,0.0012960363
8,8,0.9999741,1.5744614e-05
5,5,0.9987062,0.00040590082
2,2,0.999811,0.00011462744
5,5,0.9520938,0.014309755
7,7,0.81412077,0.07549541
6,6,0.7783867,0.053489435
9,9,0.9997632,7.958706e-05
1,1,0.9998256,7.681522e-05
4,4,0.999973,1.101149e-05
1,1,0.9976306,0.000957115
6,6,0.99552745,0.0026491554
4,4,0.9679983,0.010571932
2,2,0.9999954,1.9385955e-06
4,4,0.9987357,0.00041445633
3,3,0.95444024,0.019999946
5,5,0.9988387,0.00068562024
4,4,0.9992604,0.00023869344
3,3,0.98582506,0.0035323228
9,9,0.9998743,4.0618208e-05
5,5,0.9990509,0.00034288494
0,0,0.99979734,9.8307966e-05
1,1,0.99823016,0.0010872993
5,5,0.9849738,0.0043589314
3,3,0.9927367,0.0044771684
8,8,0.9994626,0.00033388383
9,9,0.999601,0.000117996606
1,1,0.99929255,0.0003694022
9,9,0.99923646,0.00030523323
7,7,0.89572096,0.052560173
9,9,0.9959036,0.0017108893
5,5,0.9999696,1.1273185e-05
5,5,0.9438423,0.02258521
2,2,0.9723366,0.014772231
7,7,0.99930364,0.00039387034
4,4,0.99998444,5.6392137e-06
6,6,0.8493296,0.05492382
0,0,0.9999782,1.1456847e-05
1,1,0.99937344,0.00026089518
1,1,0.9994683,0.00019020586
1,1,0.9969451,0.001893507
0,0,0.9999898,3.822862e-06
4,4,0.9971466,0.00090528
4,4,0.99905044,0.00033767187
7,7,0.9997941,0.00010018004
6,6,0.999869,6.1716455e-05
3,3,0.9998511,5.7469868e-05
0,0,0.97848606,0.012615627
0,0,0.9999982,6.5065865e-07
4,4,0.9665535,0.019221038
3,3,0.9999176,4.5857167e-05
0,0,0.99996746,1.3360926e-05
6,6,0.9689743,0.0135991825
1,1,0.99737406,0.0014918661
9,4,0.9641191,0.012983573
6,6,0.55600494,0.10167722
1,1,0.9992275,0.00040717563
3,3,0.9993431,0.000231255
8,8,0.8561419,0.049007047
1,1,0.9968411,0.0013367435
2,2,0.9934449,0.003961673
5,5,0.99997216,1.5142262e-05
6,6,0.9996158,0.00016056886
2,2,0.9997362,0.00015499876
7,7,0.7472514,0.072154
3,3,0.9232232,0.026059818
6,6,0.9816742,0.010567489
0,0,0.9995383,0.0002624465
1,1,0.9874091,0.006067575
9,9,0.83327913,0.051977564
7,7,0.8603552,0.060846258
6,6,0.9926788,0.00223275
6,6,0.9999728,1.08259055e-05
8,8,0.90528345,0.032783948
9,9,0.9597996,0.014294952
2,2,0.9999582,2.1560616e-05
9,9,0.58841,0.11038604
5,5,0.5542141,0.07809949
8,8,0.9998723,6.4439606e-05
3,3,0.99879265,0.0005428806
1,1,0.99998045,6.9501248e-06
0,0,0.9997511,0.00015695332
0,0,0.9999687,1.7159897e-05
7,7,0.99713886,0.0016913159
6,6,0.8448445,0.066424355
6,6,0.9247478,0.018125031
2,2,0.99984646,7.965036e-05
1,1,0.9929258,0.0030688879
6,6,0.8224553,0.059873722
9,9,0.9955493,0.0013527639
3,3,0.85233843,0.063337974
1,1,0.9977091,0.0014185307
8,8,0.9799091,0.0097171115
6,6,0.9999217,2.2431157e-05
9,9,0.9845716,0.006232947
0,0,0.9998759,4.328142e-05
6,6,0.99241436,0.0039008446
0,0,0.9999162,4.911611e-05
0,0,0.9991077,0.00039303844
0,0,0.99998176,1.0497935e-05
6,6,0.99706256,0.0012050882
3,3,0.99998456,7.634642e-06
5,5,0.99999017,4.4791286e-06
9,4,0.39497405,0.112009645
3,3,0.9580363,0.014937177
4,4,0.52773273,0.08663451
5,5,0.9993677,0.00022893159
5,5,0.99852437,0.00071400346
8,8,0.9999825,8.393328e-06
5,5,0.999924,3.522168e-05
3,3,0.9972954,0.00124179
0,0,0.9999253,2.6296513e-05
4,4,0.8556306,0.061052315
0,0,0.9997678,0.000108450746
2,2,0.9972354,0.0011703185
9,9,0.99931705,0.00020433831
6,6,0.9966324,0.0011119719
8,8,0.9996686,0.00018160736
2,2,0.99604034,0.0016176107
3,3,0.9999329,3.8681235e-05
1,1,0.99855554,0.0008641849
2,2,0.9999666,1.2562814e-05
1,1,0.98577416,0.008244385
1,1,0.99894553,0.0005376919
5,5,0.9999164,3.2565276e-05
6,6,0.9075605,0.047823306
9,9,0.99997884,7.583435e-06
8,8,0.98789537,0.007501273
0,0,0.999792,9.657881e-05
6,6,0.999979,9.882145e-06
6,6,0.9910388,0.004141361
5,5,0.99164265,0.0037912563
5,5,0.9999894,5.1585116e-06
3,3,0.9104141,0.024402082
8,8,0.99918044,0.00049364835
6,6,0.98745835,0.0030896473
2,2,0.8730111,0.04600934
1,1,0.99901783,0.00042216605
4,4,0.99995345,1.812429e-05
5,5,0.99723244,0.000989787
4,4,0.9998026,0.00010850448
3,3,0.9991766,0.0004804794
7,7,0.9993451,0.0003854102
8,8,0.9997891,0.00013015406
5,5,0.5475257,0.0701639
0,0,0.99993896,3.3688066e-05
9,9,0.9948927,0.0017768793
3,3,0.9996133,0.00012680108
5,5,0.9938509,0.0016780974
1,1,0.9964031,0.0013622829
1,1,0.99850863,0.00083284697
0,0,0.98799247,0.006919795
4,4,0.99980193,8.003203e-05
4,4,0.9998706,6.5922395e-05
7,7,0.93876743,0.03851108
0,0,0.9997716,0.00013638439
1,1,0.9997099,0.00012577542
7,7,0.8739848,0.06636968
0,0,0.99971235,0.00014981898
1,1,0.99679315,0.0009873469
6,6,0.9998168,8.9915266e-05
1,1,0.9997536,0.00012419162
4,4,0.9993683,0.00020615221
5,5,0.9936372,0.0020920201
6,6,0.99923915,0.0001984206
6,6,0.84291536,0.05513724
5,5,0.99869025,0.0005438785
7,7,0.999823,7.6008946e-05
8,8,0.99344265,0.0035727099
4,4,0.9999865,4.6256873e-06
4,4,0.95394003,0.018071022
7,7,0.99970376,0.00018619074
2,2,0.99320424,0.0030817878
5,5,0.99981916,8.215595e-05
3,3,0.9999126,5.027235e-05
7,7,0.9923744,0.0048027225
0,0,0.99974555,0.00016046129
7,7,0.90738183,0.054094516
7,7,0.9995321,0.0002941092
9,9,0.9988042,0.00023187452
6,6,0.9901165,0.0060051116
4,4,0.9979247,0.001012618
2,2,0.99449426,0.0033682648
8,8,0.99337035,0.0027246191
5,5,0.99345666,0.0020612455
7,7,0.95773333,0.021084554
8,8,0.9248244,0.04728378
3,3,0.96690524,0.009815367
9,9,0.98407936,0.0044801575
5,5,0.9998497,5.7129586e-05
8,8,0.9979809,0.0012659085
9,9,0.99022293,0.0044431556
9,9,0.9982279,0.00076784665
8,8,0.99968654,0.00015201929
6,5,0.7067525,0.07658232
2,2,0.9984225,0.0008110624
8,8,0.9775299,0.014171491
9,9,0.5531337,0.071229145
2,2,0.9552883,0.018324649
3,3,0.99891627,0.00067761086
6,6,0.8939885,0.04633644
1,1,0.99387455,0.0037064415
1,1,0.99836475,0.0010181029
8,8,0.99952877,0.00024365145
9,9,0.9967623,0.0012510909
3,3,0.95378417,0.026823014
4,4,0.99244374,0.0030981526
0,0,0.99999714,1.0377855e-06
7,7,0.9973687,0.0016629826
9,9,0.9993469,0.00029352301
6,6,0.99773026,0.0014189931
4,7,0.41954178,0.11104729
1,1,0.99881613,0.0007317779
4,4,0.99994135,2.3619768e-05
1,1,0.9990174,0.00034733917
3,3,0.99874276,0.0007269996
4,4,0.99933606,0.00023803455
9,9,0.9998614,3.3313303e-05
3,3,0.99127024,0.003605447
1,1,0.8953552,0.04300071
4,4,0.99998677,4.4762505e-06
7,7,0.99994934,3.0418229e-05
7,7,0.96268594,0.014181964
4,4,0.9997489,0.000117693024
7,7,0.94364035,0.035638936
2,2,0.9996902,0.00013087675
9,9,0.99983823,4.327309e-05
3,3,0.9999809,7.5480175e-06
0,0,0.99983436,6.3514904e-05
8,8,0.99994165,2.811451e-05
8,0,0.9962581,0.001642952
8,8,0.9999933,3.2472071e-06
4,4,0.9998455,8.469912e-05
0,0,0.9999957,2.1926905e-06
4,4,0.99964,0.00017825855
4,4,0.8656761,0.033182353
1,1,0.99916875,0.0002790605
5,5,0.9998571,7.844558e-05
2,2,0.99999774,1.0336045e-06
8,8,0.91390514,0.054079287
3,3,0.9726555,0.013390264
4,4,0.8610942,0.056731544
9,9,0.9999728,8.04022e-06
5,5,0.99971086,0.00017360933
2,2,0.9982893,0.0006579266
8,8,0.9516679,0.027534977
1,1,0.9997314,0.0001444581
5,5,0.99991715,3.7316997e-05
3,3,0.96622956,0.02015021
7,7,0.88808614,0.053038202
9,9,0.9998449,5.4053537e-05
4,4,0.9986485,0.0004998975
2,2,0.9998267,6.696096e-05
5,5,0.9923889,0.002526656
6,6,0.86921483,0.048475698
3,2,0.7128881,0.07147647
5,5,0.9998733,6.680361e-05
9,9,0.9999932,2.0702419e-06
3,3,0.99906284,0.00037916485
5,0,0.61841595,0.08618709
9,9,0.9995152,0.00013823385
3,2,0.7894181,0.05307784
1,1,0.9951639,0.0023720593
9,9,0.9989828,0.00031632354
5,5,0.47355533,0.1225147
3,3,0.98580474,0.008298298
0,0,0.9999796,1.095915e-05
6,6,0.9978175,0.0010589054
9,9,0.99965537,0.000102109465
8,8,0.9998309,8.300551e-05
4,4,0.9818961,0.007972152
0,0,0.9991976,0.00046328432
4,4,0.9995983,0.00015521838
9,7,0.62119013,0.095893204
2,2,0.78365505,0.06120049
9,9,0.99251926,0.002890086
0,0,0.9999976,1.4179072e-06
1,1,0.93754035,0.039035257
0,0,0.9950101,0.0018326286
3,3,0.6139003,0.08850208
1,1,0.9355861,0.02611212
6,6,0.9999731,1.1145284e-05
5,5,0.9990608,0.00039499602
8,8,0.99894094,0.0006307815
1,1,0.9980656,0.0010699785
5,5,0.999972,1.0602324e-05
3,3,0.5116166,0.08247002
3,8,0.45545474,0.09451823
0,0,0.99708545,0.0016195893
3,3,0.9995613,0.00026575685
5,5,0.99597824,0.0019468379
5,5,0.9995729,0.00017148485
9,9,0.99730825,0.0014309025
2,2,0.9991453,0.00046621682
8,8,0.9137953,0.05261337
7,7,0.9186369,0.05092318
0,0,0.9999897,5.849727e-06
4,4,0.99921876,0.0003157857
9,9,0.997188,0.0012711273
1,1,0.99885386,0.0004514184
9,9,0.9998391,3.6450503e-05
7,7,0.99907744,0.00058227807
7,7,0.9981521,0.0011202315
5,5,0.98623097,0.0054140105
5,5,0.96357834,0.009230407
2,2,0.9993885,0.0003719734
0,0,0.8645519,0.06415655
9,9,0.9982622,0.00075409433
1,1,0.99675167,0.0017810275
8,8,0.994094,0.0025970773
6,6,0.9960791,0.0019328851
2,2,0.9792617,0.009191459
3,3,0.99531853,0.0026870202
9,9,0.5357044,0.13625214
6,6,0.99993074,3.330214e-05
2,2,0.9999474,2.0577343e-05
1,1,0.9998277,9.129618e-05
9,9,0.9999615,1.4049331e-05
1,1,0.9993719,0.00036185706
3,3,0.9811826,0.008906078
5,5,0.99974144,0.00013166899
5,5,0.99987394,4.1049767e-05
0,0,0.9999453,2.0997755e-05
3,3,0.9945499,0.00212827
8,8,0.9838756,0.0076772617
3,3,0.9002241,0.037718657
3,3,0.9966098,0.0015174698
7,7,0.9564787,0.0253997
6,6,0.98439467,0.0070698233
6,5,0.36550087,0.09439816
0,0,0.999977,1.1122123e-05
1,1,0.999259,0.00040788637
4,4,0.98667413,0.0052849413
0,0,0.9999911,4.83018e-06
6,6,0.9339088,0.04003335
9,9,0.91779184,0.0424487
8,8,0.99911726,0.00054388144
1,1,0.9995483,0.00020569372
2,2,0.9099719,0.05047015
9,9,0.55085206,0.10053921
9,9,0.9998538,4.6645226e-05
5,5,0.9997079,0.00016686993
9,9,0.9988713,0.00061413296
7,7,0.99937487,0.00037852544
3,3,0.99666274,0.0020592432
7,7,0.97593707,0.014440542
8,8,0.6692391,0.08386103
0,0,0.9999868,5.1567213e-06
1,1,0.99154603,0.004899503
3,3,0.9994664,0.00032177605
0,0,0.99976903,0.00013789893
4,4,0.9999881,4.1595786e-06
6,6,0.96660507,0.021028426
1,1,0.9976945,0.0009077412
0,0,0.9997091,0.00017989273
2,2,0.98204595,0.008344482
5,5,0.999697,0.00012544994
8,8,0.5454312,0.06458514
4,4,0.9634205,0.0109037375
4,4,0.9996255,0.00014611987
1,1,0.990675,0.0039967927
1,1,0.9989023,0.0006220654
5,5,0.9997802,0.000102368955
4,4,0.9998888,4.0160583e-05
6,8,0.8576113,0.049661573
6,6,0.9998716,3.697258e-05
0,0,0.9999301,3.2622393e-05
6,6,0.49396086,0.093239084
9,9,0.99971664,9.332319e-05
2,2,0.99329454,0.0029989174
6,6,0.99961835,0.00011287304
2,2,0.9998916,3.9221217e-05
7,7,0.9500744,0.023802998
1,1,0.9999155,4.327846e-05
7,7,0.9996764,0.00020128643
9,9,0.9999901,2.5713978e-06
4,4,0.9995143,0.0002702423
0,0,0.9999693,1.73554e-05
0,0,0.99990493,5.848181e-05
3,3,0.99997205,1.6555983e-05
8,8,0.999822,9.8592966e-05
2,2,0.99897766,0.0006001169
2,2,0.9996191,0.00021647364
3,3,0.9978134,0.0011141548
1,1,0.9997924,9.7984004e-05
6,6,0.86542606,0.04939887
0,0,0.99999964,2.1081453e-07
5,5,0.99997205,1.55817e-05
7,7,0.99702483,0.0015920559
7,7,0.94473237,0.033125732
9,9,0.79921556,0.067241944
2,2,0.9959863,0.002500723
6,6,0.99405736,0.0022369518
7,7,0.9224766,0.032554545
9,7,0.71311605,0.08349593
7,7,0.9639376,0.022761086
8,8,0.92168015,0.033827115
6,6,0.99013776,0.004303768
8,8,0.99876034,0.00065026444
8,8,0.9017226,0.057962377
4,4,0.9998627,6.001459e-05
6,6,0.9991393,0.0004022405
8,8,0.9994,0.00030714402
4,4,0.99813473,0.00094354094
1,1,0.9999285,3.1283602e-05
2,2,0.999719,0.00017210994
8,8,0.99962366,0.00023203084
1,1,0.84430075,0.06593819
3,3,0.99995935,2.4448604e-05
9,9,0.9986018,0.0004810791
4,4,0.99997634,1.0994374e-05
0,0,0.99978,0.000101353406
3,3,0.53606683,0.06187854
7,7,0.9997097,0.0001829369
3,3,0.9991663,0.00051237864
2,2,0.9999695,1.1024995e-05
3,3,0.99950373,0.00025151827
3,3,0.9999796,7.904658e-06
7,7,0.9986008,0.0006685474
3,3,0.99730045,0.0013577437
4,4,0.9999665,9.790844e-06
0,0,0.9999323,2.9864106e-05
6,6,0.9993003,0.0002035194
2,2,0.8628413,0.057539683
0,0,0.9832865,0.010130826
8,8,0.9916981,0.0034960483
1,1,0.97042054,0.010778068
5,5,0.99883556,0.0005764175
3,3,0.9986884,0.0008118651
5,5,0.9989374,0.00041357303
4,4,0.9980172,0.0012017832
1,1,0.9997985,6.5866145e-05
7,7,0.99939966,0.00037202344
1,1,0.9998415,7.5391596e-05
5,5,0.9890367,0.0055954442
7,7,0.9990816,0.00044285692
5,5,0.9874662,0.0061093653
7,7,0.9993124,0.00027319306
3,3,0.9997506,0.00013028353
2,2,0.9999441,2.6498892e-05
2,2,0.9894401,0.0041524633
7,7,0.9982823,0.0006852447
3,3,0.8393242,0.054419816
7,7,0.941086,0.029344488
3,3,0.9079361,0.03155275
7,7,0.99939024,0.0003723554
8,8,0.9512974,0.022094497
5,5,0.9998956,6.0846913e-05
4,4,0.99713576,0.0013467843
5,5,0.70316076,0.09206599
2,2,0.99998057,9.157091e-06
5,9,0.7620251,0.070471846
6,6,0.99992466,4.003893e-05
5,5,0.99995947,1.7820617e-05
3,3,0.99461544,0.0033220388
6,6,0.98802567,0.005055924
7,7,0.7047237,0.09171568
4,4,0.9999386,2.4587935e-05
1,1,0.9984547,0.0007228332
7,7,0.9981605,0.0011541846
1,1,0.99730766,0.0016339561
5,5,0.9992871,0.00036518983
2,2,0.99991053,2.8614784e-05
3,3,0.98538095,0.0067533264
6,0,0.7318275,0.06984122
3,3,0.999922,3.9283e-05
1,1,0.92747766,0.02823546
4,4,0.9998354,8.325193e-05
2,2,0.99970514,9.100006e-05
6,6,0.9955616,0.0021387734
7,7,0.91049445,0.03770725
4,4,0.9999609,1.601831e-05
3,3,0.88483226,0.044224326
8,8,0.99722564,0.001706608
0,0,0.99998,8.914198e-06
6,6,0.9716501,0.0162918
2,2,0.9999753,1.037058e-05
1,1,0.9999229,3.4799305e-05
6,6,0.9999418,2.65198e-05
5,5,0.99690473,0.0017396959
3,3,0.8693045,0.051366974
9,9,0.99989545,3.887172e-05
1,1,0.9995495,0.00020101161
9,9,0.9978959,0.00066615536
3,3,0.9779226,0.01210991
2,2,0.65410644,0.080542505
1,1,0.99978364,7.739011e-05
8,8,0.99938476,0.00036056098
4,4,0.99883384,0.000543188
4,4,0.9999817,7.939153e-06
6,6,0.9932253,0.0035894457
5,5,0.8123032,0.064511515
8,8,0.9662674,0.021172274
6,6,0.9943326,0.00349996
9,9,0.9955158,0.0015653719
7,7,0.99957675,0.00023414646
7,7,0.99117726,0.0055759912
8,8,0.99733526,0.0016788583
6,6,0.99224454,0.0021706708
9,9,0.9999717,8.199191e-06
7,7,0.9535384,0.02325839
3,3,0.95370704,0.018124921
9,9,0.99970865,9.293061e-05
4,4,0.9999369,2.62528e-05
0,0,0.99749595,0.0015023496
5,5,0.9999274,2.8946935e-05
4,4,0.8185934,0.044969097
6,6,0.98758286,0.0062717632
4,4,0.9985593,0.00068208954
1,1,0.9988128,0.0005250227
2,2,0.7997938,0.054721702
3,3,0.9992467,0.00046212185
0,0,0.9999918,4.909446e-06
0,0,0.9999975,1.3858328e-06
2,2,0.99659044,0.0018932347
6,6,0.7666219,0.06059531
6,6,0.9830721,0.005262845
5,5,0.9965175,0.0017464167
7,7,0.999152,0.0005149186
0,0,0.96581906,0.020799
8,8,0.98112726,0.011798059
6,6,0.99908525,0.0005226081
4,4,0.9999793,1.1321626e-05
7,7,0.8698614,0.04410977
9,9,0.9999175,2.4416333e-05
0,0,0.999761,9.376728e-05
7,7,0.9997617,0.00013450657
3,3,0.99699795,0.0013824648
4,4,0.9998894,3.7059275e-05
2,2,0.9997536,0.00013591778
1,1,0.96693915,0.012483661
8,8,0.99988335,7.0352e-05
8,8,0.99840325,0.00091857056
5,5,0.99995995,1.6917393e-05
9,9,0.99982005,5.412422e-05
2,2,0.99897844,0.00056396064
7,7,0.9766954,0.01299802
1,1,0.99833935,0.00076555525
8,8,0.9957569,0.0026361353
8,8,0.99680215,0.0019369429
8,8,0.960841,0.02391693
2,2,0.9866849,0.0048468527
7,7,0.9840504,0.009747458
6,6,0.9789279,0.013033727
0,0,0.99995404,1.6941836e-05
1,1,0.9422601,0.034491632
2,2,0.9936762,0.0037145813
7,7,0.9751111,0.014284791
1,1,0.99835455,0.0008263358
0,0,0.99985063,6.53336e-05
8,8,0.9725132,0.016260505
3,3,0.99998456,7.867398e-06
6,5,0.48663372,0.0869334
0,0,0.9998307,5.6135097e-05
5,5,0.9999963,1.4864361e-06
3,3,0.99978924,0.000104113504
6,6,0.91018105,0.037684746
2,2,0.99996984,1.6462767e-05
8,8,0.99983275,0.0001023604
7,7,0.457439,0.10245733
0,0,0.99999845,8.8809594e-07
1,1,0.9687561,0.019636486
4,4,0.97523165,0.0155899795
2,2,0.9987982,0.0007029105
1,1,0.99950826,0.00030072915
1,1,0.99972963,0.00015068718
4,4,0.97809637,0.007945936
4,4,0.9999792,6.900933e-06
4,4,0.9998907,4.2872398e-05
4,4,0.99967897,0.000120806915
7,7,0.9717471,0.014938441
1,1,0.9999407,2.371088e-05
6,6,0.9211873,0.04418189
2,2,0.99970496,0.00013067285
9,9,0.90645826,0.04380376
9,9,0.9999191,3.686388e-05
0,0,0.9933677,0.0035053878
0,0,0.997423,0.0010256041
1,1,0.9952954,0.002423897
8,8,0.99953175,0.00014070093
8,8,0.9995772,0.00017041547
4,4,0.99998224,6.67539e-06
3,3,0.99970436,0.00014427862
4,4,0.99998397,6.43935e-06
2,2,0.56214815,0.10266699
0,0,0.8067403,0.08760689
6,6,0.9245974,0.04336937
1,1,0.9736948,0.014834249
6,6,0.6206103,0.10144083
1,1,0.99217147,0.0036540509
2,2,0.9995119,0.0002296558
2,2,0.9991652,0.00045055622
2,2,0.9998139,9.878393e-05
1,1,0.9992582,0.00031508802
2,2,0.99803305,0.0011301899
3,3,0.9354943,0.027315643
7,7,0.9330743,0.034206692
8,8,0.98029506,0.007400228
1,1,0.9994839,0.00021554592
0,0,0.9999903,4.9023265e-06
0,0,0.9931262,0.002331396
2,2,0.8074266,0.06636914
1,1,0.99744654,0.0015003777
6,0,0.51824915,0.09689959
6,6,0.9893384,0.003989574
0,0,0.9999776,8.373583e-06
1,1,0.9890806,0.0060992828
6,6,0.97132695,0.016123328
2,2,0.999973,1.6725757e-05
5,5,0.99112207,0.003955478
1,1,0.9985329,0.00091079733
7,7,0.97608554,0.012968704
4,4,0.99890316,0.00041926032
8,8,0.9990907,0.0005681481
2,2,0.8683176,0.058459587
1,1,0.9995581,0.0002186657
4,4,0.9970292,0.000982776
3,3,0.9901954,0.0028276667
8,8,0.88676775,0.055617463
3,3,0.984124,0.009429359
9,9,0.99999464,1.6438659e-06
9,9,0.9963403,0.0014316484
4,4,0.9886433,0.0046207877
8,8,0.7162962,0.095379315
3,3,0.99211425,0.004030002
4,4,0.9997352,0.0001268862
7,7,0.97099173,0.0097114025
2,2,0.9995022,0.00027955283
7,7,0.9604656,0.024956267
5,5,0.9999054,4.5939112e-05
7,7,0.9399823,0.037915237
0,0,0.99999887,4.6288233e-07
4,4,0.99986994,3.7787308e-05
3,3,0.9997835,8.795239e-05
3,3,0.78028935,0.074668564
2,2,0.9997319,8.517093e-05
6,6,0.8356269,0.06511283
7,7,0.99988854,6.5553686e-05
6,6,0.98501194,0.008023152
0,0,0.9942727,0.0034545078
0,0,0.9915118,0.004194661
6,6,0.9993142,0.0003212483
7,7,0.9881555,0.0074711638
7,7,0.9998112,0.00011089996
0,0,0.99996626,1.9464234e-05
5,5,0.99983466,6.6030065e-05
5,5,0.98929214,0.0025797454
8,8,0.9999628,1.909779e-05
1,1,0.9988574,0.00051683624
0,0,0.99998266,7.53955e-06
7,7,0.99595594,0.0016348434
0,0,0.9997228,0.00015913675
2,2,0.9965011,0.0015898157
8,8,0.9983152,0.0009964143
1,1,0.9993111,0.0002445917
5,5,0.99994594,1.974638e-05
0,0,0.99973375,0.00013996867
8,8,0.9979211,0.0009534739
8,8,0.99914265,0.00052995316
0,0,0.9999973,1.1117295e-06
3,3,0.99516153,0.0028463067
2,2,0.9962982,0.0019086445
7,7,0.9752108,0.01565468
7,7,0.8726427,0.059967868
2,2,0.61075026,0.08198558
6,6,0.92485064,0.033503573
4,4,0.99985725,5.4674147e-05
7,7,0.80584204,0.07188886
5,5,0.99949676,0.00029891162
5,5,0.9999732,1.0874674e-05
5,5,0.6748164,0.087549254
2,2,0.99856436,0.00087658054
9,9,0.9953958,0.0019591514
2,2,0.92860574,0.032920897
8,8,0.9990986,0.00056575617
4,4,0.9759539,0.012163246
6,6,0.84559506,0.05491553
8,8,0.9991541,0.00033388226
6,6,0.68593884,0.09593214
5,5,0.99553335,0.0024864967
0,0,0.9999113,5.174793e-05
0,0,0.99993515,4.0246596e-05
8,8,0.9997393,0.0001401936
7,7,0.91466105,0.05363698
6,6,0.9991002,0.000266381
1,1,0.99089384,0.0051537533
7,7,0.9927365,0.004517725
1,1,0.99977607,9.4453135e-05
1,1,0.99947894,0.0002682392
2,2,0.999994,2.1062992e-06
7,7,0.99994785,3.084971e-05
4,4,0.9996027,0.00018456714
0,0,0.9954219,0.0018900943
0,0,0.99999696,1.5263367e-06
7,7,0.99975,0.00014803783
7,7,0.971269,0.017887548
6,6,0.99996805,1.2283194e-05
3,3,0.9957595,0.0011108308
8,8,0.9950684,0.0025875391
6,6,0.9069005,0.051544268
4,4,0.9999852,7.0028227e-06
2,2,0.99972343,0.00013265523
0,0,0.9999399,3.4509823e-05
9,9,0.5922655,0.09297041
4,4,0.9998843,4.1319225e-05
0,0,0.9999989,4.3733522e-07
5,5,0.9992174,0.00028359564
7,7,0.949032,0.030659836
8,8,0.999421,0.00032620147
2,3,0.34402773,0.11635804
7,7,0.9872915,0.0073895752
4,4,0.9301446,0.021986425
7,7,0.999625,0.0002241917
1,1,0.99984515,9.056274e-05
1,1,0.99907655,0.00046916615
3,3,0.8169106,0.044612907
6,6,0.9987341,0.00078868715
6,6,0.76851964,0.049613096
2,0,0.3989017,0.12910973
9,9,0.99984205,6.8580885e-05
1,1,0.99445486,0.0024614066
9,9,0.9999944,1.5816588e-06
4,4,0.74838024,0.054180194
8,8,0.9998215,0.000108222346
3,3,0.9974785,0.0009208632
6,6,0.9976468,0.00134354
9,9,0.99611473,0.0012994916
5,5,0.9998946,4.5393394e-05
9,9,0.96859455,0.012387129
6,6,0.999845,6.244803e-05
2,2,0.65533954,0.08657748
4,4,0.99996054,1.5595742e-05
6,6,0.97516346,0.013612827
7,7,0.96327066,0.018704798
7,7,0.9998168,0.000113442235
0,0,0.9999978,1.1863601e-06
6,6,0.950497,0.029454717
6,6,0.9999015,5.8360427e-05
9,9,0.99506724,0.0019378212
4,9,0.8097019,0.038409065
8,8,0.9281664,0.042443093
3,3,0.9935759,0.0022195391
5,5,0.99797934,0.00083794666
3,3,0.99886525,0.0006517557
4,4,0.94070673,0.022940323
9,9,0.9979249,0.0007400715
0,0,0.919181,0.048709255
0,0,0.99996614,1.80898e-05
5,5,0.99406356,0.0025792506
2,2,0.99975806,9.751531e-05
5,5,0.999543,0.00018955639
0,0,0.9999963,2.2423305e-06
7,7,0.9989983,0.00044146032
1,1,0.9995581,0.00022969779
1,1,0.99702865,0.0009751807
1,1,0.9980396,0.000829129
6,0,0.9698814,0.009547779
7,7,0.997896,0.0010053308
6,6,0.9630348,0.023114005
7,7,0.96682185,0.020890135
9,9,0.9957759,0.0012113119
6,6,0.93867075,0.03681207
6,6,0.9940761,0.003588133
4,4,0.9997552,9.241553e-05
1,1,0.999842,5.814496e-05
4,4,0.99223125,0.0046415403
3,3,0.65772593,0.060330294
1,1,0.9984218,0.0007117066
1,1,0.9928576,0.0035821865
2,2,0.99991,5.057074e-05
2,2,0.99551046,0.0015422537
4,4,0.9270713,0.02781465
1,1,0.99319494,0.0035336912
0,0,0.9981009,0.0009777761
8,8,0.9997627,0.00010254218
7,7,0.8791248,0.06257838
6,6,0.9250933,0.046371587
3,3,0.9997853,0.00012671393
4,4,0.99978477,7.815364e-05
0,0,0.9999956,2.3722805e-06
0,0,0.9827501,0.008313775
6,6,0.5656454,0.07991184
3,3,0.95185155,0.014717015
3,3,0.9998873,5.6158962e-05
0,0,0.9974561,0.001582741
7,7,0.9474845,0.019647172
1,1,0.9988974,0.0005590357
7,7,0.87074804,0.058939945
1,1,0.9995715,0.00026339327
1,1,0.99979657,0.00012000378
3,3,0.9618603,0.018813591
1,1,0.86478025,0.06220255
0,0,0.99999297,2.8330414e-06
9,9,0.99139977,0.003719801
9,9,0.75329953,0.06231483
7,7,0.9991008,0.0005376719
5,5,0.99997693,1.2656863e-05
4,4,0.99998677,5.070441e-06
1,1,0.97733146,0.010898564
4,4,0.9868409,0.0051506837
8,8,0.97009647,0.012308273
9,9,0.99625933,0.0011793266
5,5,0.9991592,0.00027946278
3,3,0.9994629,0.0002637961
5,5,0.99998266,5.328128e-06
1,1,0.9995195,0.00019282136
9,9,0.99981296,5.372177e-05
8,8,0.99989617,5.4900243e-05
2,2,0.9035031,0.04151375
3,7,0.755159,0.07689376
3,3,0.92189753,0.04268568
9,9,0.9991558,0.00035207704
9,9,0.99947107,0.0001658436
0,0,0.9999819,9.136484e-06
1,1,0.999338,0.00025580803
0,0,0.99999154,4.830322e-06
2,2,0.99994737,2.374662e-05
9,9,0.9759375,0.00744614
3,3,0.99976194,0.00014552784
9,9,0.9996325,0.00011227031
3,3,0.99951327,0.0002451738
3,3,0.9988592,0.00065369916
6,6,0.98556024,0.008896943
2,2,0.99640274,0.0017047075
4,4,0.9565031,0.01485578
9,9,0.98643875,0.003424963
8,8,0.9997503,0.00011758017
3,3,0.9978964,0.001094041
7,7,0.9942423,0.0030265625
4,4,0.9999422,2.5007592e-05
0,0,0.9999873,6.4529168e-06
4,4,0.99952716,0.00018996105
7,7,0.990986,0.0047153034
8,8,0.99917775,0.0004506906
4,4,0.9822205,0.008388146
9,9,0.99991953,1.996243e-05
8,8,0.9999218,3.675883e-05
9,1,0.72818875,0.0885271
9,9,0.99441767,0.0030575192
7,7,0.9985291,0.00092148513
5,5,0.9956295,0.0011962305
9,9,0.9998547,4.6013658e-05
2,2,0.9747528,0.008683886
8,8,0.99997604,9.5626565e-06
2,2,0.9967917,0.0013040158
2,2,0.9902007,0.00513345
0,0,0.99999267,3.4674406e-06
2,2,0.9999754,7.4478985e-06
2,2,0.98952514,0.004744342
3,3,0.99989015,6.173497e-05
8,8,0.9965474,0.00182658
4,4,0.99902594,0.000400208
6,6,0.79426825,0.066391215
8,8,0.9328969,0.042224664
6,4,0.6598479,0.1026569
8,8,0.94961655,0.01962258
2,2,0.98714364,0.0057829064
4,4,0.9999879,5.4638267e-06
6,6,0.9994364,0.00028395402
7,7,0.8808943,0.060234476
9,9,0.9994175,0.0001558883
3,3,0.99888486,0.00062945415
3,3,0.9905778,0.0027228936
9,9,0.9815464,0.0068905936
4,4,0.9971401,0.0013201992
3,3,0.97384197,0.009748878
1,1,0.99979246,0.00010420652
4,9,0.41415167,0.12551226
4,4,0.9374347,0.02060454
7,7,0.99996006,2.0199417e-05
0,0,0.9998109,0.0001163454
5,5,0.9988281,0.00044740393
9,9,0.99999076,3.4989582e-06
6,6,0.99926645,0.00032685965
0,0,0.9997174,0.00017560487
4,4,0.9984268,0.00076668273
4,4,0.9818096,0.0075200885
4,4,0.9998441,5.3267908e-05
4,4,0.99987924,4.547594e-05
6,6,0.99989766,5.2135554e-05
1,1,0.99629784,0.0022645746
2,2,0.99527055,0.0022740443
3,3,0.99744684,0.0014975248
3,2,0.6129617,0.10359629
6,6,0.6604262,0.09917822
4,4,0.999924,2.8320002e-05
5,5,0.5805005,0.0916869
9,9,0.99907047,0.00023255256
6,6,0.9999658,1.5774063e-05
8,8,0.9997961,0.00011626146
5,5,0.9976679,0.0009165277
6,6,0.7835319,0.07273457
5,0,0.8314247,0.057685375
8,0,0.53227794,0.10120088
6,6,0.9998806,4.8772472e-05
4,4,0.9993262,0.00027797915
1,1,0.9959752,0.0018474851
8,8,0.9770476,0.009890252
6,6,0.85549986,0.055243682
5,5,0.8142358,0.042234745
2,2,0.9999849,7.460646e-06
8,5,0.6849056,0.06731722
4,4,0.9995222,0.00021035984
5,5,0.99977094,0.00011227792
5,5,0.9999571,1.8317978e-05
4,4,0.99932355,0.00020703075
7,7,0.9996644,0.00020902828
7,7,0.99239194,0.0041303835
0,0,0.993862,0.0036196443
7,7,0.95634204,0.020873386
8,8,0.9986908,0.00080709124
2,2,0.99871397,0.00067131745
2,2,0.9992426,0.00022936487
3,3,0.9966856,0.0020360942
7,7,0.9075433,0.032954015
0,0,0.9945935,0.0022739607
1,1,0.99975824,0.00011010035
8,8,0.96689254,0.020799305
0,0,0.99999726,1.2978142e-06
7,7,0.9982027,0.00074262975
1,1,0.9986064,0.0008056026
9,9,0.9988459,0.0005370785
8,8,0.99991226,5.0795235e-05
7,7,0.9998676,7.51083e-05
5,5,0.9999639,1.5388023e-05
5,5,0.99666536,0.001423021
9,9,0.9997686,4.9540093e-05
1,1,0.99953765,0.00024496854
7,7,0.9999965,1.845222e-06
5,5,0.99975336,8.6128246e-05
4,4,0.98866767,0.0041691726
9,3,0.7912031,0.072799675
1,1,0.8881873,0.04314599
2,2,0.94428027,0.024019714
2,2,0.8511055,0.060953073
1,1,0.9228333,0.038568284
6,6,0.999967,1.2938765e-05
6,6,0.9999735,1.3406269e-05
7,0,0.4895299,0.10647316
1,1,0.99959147,0.00019324219
1,1,0.8890125,0.047833756
4,4,0.68566626,0.07085242
0,0,0.99999857,8.1897736e-07
7,7,0.9997322,0.00016494942
4,4,0.99998057,8.532649e-06
2,2,0.99958193,0.00016677342
4,4,0.99958956,0.0001654226
0,0,0.9995241,0.00025201347
6,6,0.9802189,0.010247061
4,4,0.9998207,6.087093e-05
7,7,0.9802252,0.01249365
6,6,0.98528355,0.008309641
9,7,0.5555762,0.087717496
5,5,0.9999431,2.6360332e-05
3,3,0.9988766,0.0005872575
4,4,0.9993305,0.00030086044
6,6,0.9999895,4.1810986e-06
5,5,0.99197245,0.0044851117
0,0,0.9999976,1.1483668e-06
1,1,0.99725974,0.001642696
8,8,0.9375839,0.033497293
8,8,0.98407173,0.008743091
2,2,0.9990927,0.00036922548
8,8,0.9367798,0.025271932
3,3,0.9996559,0.00011868971
5,5,0.99997234,1.0910587e-05
7,7,0.999695,0.00018693242
8,8,0.99874336,0.00077696407
0,0,0.8069949,0.07717718
8,8,0.99865407,0.0005749796
5,5,0.9999279,2.783936e-05
7,7,0.9991379,0.0004619201
1,1,0.99638957,0.0017973173
1,1,0.9999037,4.054894e-05
0,0,0.99607307,0.0022964594
1,1,0.99977636,0.0001302234
3,3,0.9999236,4.330219e-05
7,7,0.96263933,0.023587115
8,8,0.9998948,5.2448442e-05
5,5,0.98869115,0.0064992225
0,0,0.99928653,0.00037450733
7,7,0.9981095,0.0011584237
1,1,0.9995966,0.00022608342
1,1,0.9992409,0.00041917697
0,0,0.99989,5.3484528e-05
1,1,0.9997508,0.00013057626
1,1,0.99359274,0.004008545
4,4,0.991686,0.003213947
5,5,0.9647536,0.021914685
2,2,0.99974334,8.8872584e-05
7,7,0.99065703,0.004767476
6,6,0.9994194,0.00026188922
2,2,0.9459516,0.02967915
3,3,0.99423075,0.0036305785
0,0,0.9999994,2.54302e-07
2,2,0.9996659,0.00016061714
8,8,0.51974064,0.08780519
5,5,0.99990255,4.6634752e-05
9,9,0.99518186,0.0022867
6,6,0.6525618,0.07274033
9,9,0.99972427,9.2953145e-05
7,7,0.99902403,0.0006089367
2,2,0.9999979,1.1525815e-06
1,1,0.9993986,0.00032374705
3,3,0.99935454,0.0003890595
6,6,0.9988691,0.0005665963
4,4,0.77701825,0.056135587
1,1,0.9998001,7.639255e-05
8,8,0.67376494,0.08967675
2,2,0.9999997,9.178759e-08
4,4,0.9999684,1.3869224e-05
0,0,0.99997884,1.1493126e-05
5,5,0.99977815,9.105931e-05
1,1,0.9988653,0.00039728853
0,0,0.9999363,2.8190838e-05
2,8,0.5878992,0.093370155
2,2,0.9979025,0.0010965981
6,6,0.99824905,0.00074804423
4,4,0.99976635,0.00010084931
4,4,0.9995371,0.00018327923
3,3,0.9996063,0.00022663355
9,9,0.9885863,0.0035099362
6,6,0.91130716,0.04268568
1,1,0.99890697,0.0005426827
6,6,0.9998826,4.199592e-05
5,5,0.99996597,1.6216856e-05
7,7,0.9999054,5.0513714e-05
9,9,0.99996483,1.5307658e-05
2,2,0.998055,0.0009724713
0,0,0.9999768,1.1978142e-05
2,2,0.999778,0.00011333489
6,6,0.9996964,0.00017004818
0,0,0.9998458,9.080002e-05
1,1,0.9999336,2.7868218e-05
4,4,0.9999868,6.202721e-06
3,3,0.99974936,0.00015245206
5,5,0.68250644,0.064702496
2,2,0.99998844,5.203003e-06
8,8,0.9976389,0.0014844374
8,8,0.9991602,0.0003797543
0,0,0.99995935,2.0133279e-05
8,8,0.9992735,0.00043155308
8,8,0.99985504,7.432291e-05
9,9,0.99705714,0.00070993986
0,0,0.8937522,0.06277925
9,9,0.97043574,0.013110046
6,6,0.9999871,7.087555e-06
7,7,0.99876726,0.000740141
6,6,0.9997093,0.0001675719
3,3,0.9990457,0.0004957079
9,9,0.91729146,0.029407542
3,3,0.9951364,0.0020862801
4,4,0.61772376,0.062743425
7,7,0.99947965,0.00031790356
7,7,0.9841302,0.009667894
7,7,0.7927643,0.06407995
4,4,0.9970624,0.0012735191
9,9,0.73930526,0.07561514
0,0,0.99998415,7.653701e-06
6,6,0.9924587,0.0031692511
4,4,0.88590276,0.0355497
8,0,0.26838893,0.14338847
4,4,0.9999739,9.166352e-06
2,2,0.9989793,0.00031823668
7,7,0.88106716,0.046383195
2,2,0.9987847,0.000561682
8,8,0.9980677,0.0011932877
1,1,0.99927104,0.00033294645
0,0,0.9962557,0.002048042
0,0,0.9998897,6.868366e-05
7,7,0.8906379,0.046282936
8,8,0.999349,0.00021269645
3,3,0.9680335,0.009905888
3,3,0.99370754,0.003725572
3,3,0.99753636,0.0011754497
1,1,0.9996106,0.00023630941
3,3,0.9433071,0.025589306
7,7,0.9997088,0.00017128515
6,6,0.83881253,0.068403065
1,1,0.99860924,0.0006612798
3,3,0.9792077,0.012870465
1,1,0.9998144,8.1429826e-05
6,6,0.95742095,0.025267646
6,0,0.56646025,0.09068312
5,5,0.99928075,0.0002563849
7,7,0.37936634,0.10692954
4,4,0.996431,0.0018318528
7,7,0.9990276,0.0006105964
5,5,0.9998082,8.301271e-05
9,9,0.9283331,0.031870805
5,5,0.9869509,0.0055372296
8,8,0.69422436,0.084676474
4,4,0.9999348,1.8190314e-05
9,9,0.999962,9.190653e-06
9,9,0.99995595,2.0703368e-05
1,1,0.99986696,6.528305e-05
6,6,0.4848296,0.110455774
5,5,0.9829588,0.006099234
0,0,0.95331526,0.027796611
1,1,0.9997549,0.00013188468
3,3,0.9455428,0.02725714
7,7,0.66511023,0.094330475
0,0,0.9999572,2.6589094e-05
3,3,0.9176661,0.047585018
4,4,0.99997455,9.895297e-06
8,8,0.99766064,0.0013586867
2,2,0.9866371,0.005084491
2,2,0.9962777,0.0015472805
0,0,0.9998516,6.2094354e-05
2,2,0.9999874,5.0183444e-06
5,5,0.7206598,0.073961824
1,1,0.99985945,7.777521e-05
5,5,0.9936565,0.0017463826
1,1,0.9998687,7.525421e-05
4,6,0.7957697,0.07190344
8,8,0.9998776,7.08287e-05
8,8,0.9925351,0.003189403
9,9,0.9992062,0.00039561762
1,1,0.99973947,0.00012312585
2,2,0.7155063,0.10150226
1,1,0.9988736,0.0005002938
3,3,0.9994582,0.00020867882
5,5,0.9999792,9.368241e-06
1,1,0.9991085,0.00051477493
0,0,0.99999774,1.2703656e-06
9,9,0.94642764,0.023723435
4,4,0.9981538,0.0005511249
4,4,0.998432,0.00044699502
8,8,0.88911533,0.06445078
3,3,0.92909193,0.044472862
2,8,0.6645593,0.101357356
5,5,0.9999919,3.999939e-06
9,9,0.9621291,0.0073373453
7,7,0.9491151,0.031425193
6,6,0.96542007,0.020620663
6,6,0.61774814,0.078524604
2,2,0.9999914,3.4076238e-06
0,0,0.99957955,0.0002434566
0,0,0.99996626,1.4715001e-05
0,0,0.9999817,1.1110582e-05
5,8,0.48697177,0.10600792
8,8,0.99996674,1.63168e-05
7,7,0.64094657,0.09441059
1,1,0.9984657,0.00082047423
5,5,0.99926627,0.00032900233
2,3,0.30846518,0.14491315
3,3,0.9998733,6.66727e-05
8,8,0.9996214,0.00023138628
5,5,0.9981966,0.0011319492
1,1,0.99941254,0.0003331391
8,8,0.99986064,8.647748e-05
2,2,0.6580707,0.08801338
0,0,0.4722094,0.106997326
4,4,0.9857067,0.0054845
9,9,0.9624891,0.013432829
9,9,0.99949473,0.00020814878
6,6,0.9982427,0.0006962973
2,2,0.99965894,0.00020790726
3,3,0.996937,0.0019326037
3,3,0.99989355,3.9068756e-05
5,5,0.9992876,0.00031831843
6,6,0.99950284,0.00023606967
4,4,0.99397814,0.0023872016
8,8,0.99366266,0.0035157197
0,0,0.99999744,1.4773202e-06
9,9,0.7232696,0.0736492
2,2,0.9664033,0.021069994
8,8,0.87924063,0.058015168
3,3,0.9912769,0.0039682696
6,6,0.99957865,0.0002187469
7,7,0.8337433,0.050205253
5,5,0.99993384,3.2483822e-05
7,1,0.69612443,0.059920035
2,2,0.9963768,0.001531774
9,9,0.98196125,0.00875087
4,4,0.99975157,8.2431376e-05
9,9,0.9999453,1.8746057e-05
1,1,0.99753314,0.0015306325
2,2,0.9999984,7.282398e-07
8,8,0.9998201,0.00010112474
6,6,0.5565878,0.092145845
0,0,0.94124544,0.026532914
7,7,0.9744278,0.016035724
0,0,0.99996394,1.6998385e-05
9,9,0.853192,0.03115001
1,1,0.9950218,0.0026866756
1,1,0.99867994,0.0005706563
6,5,0.78422123,0.053429205
7,7,0.99886644,0.0005550257
5,5,0.6927719,0.057040572
9,9,0.9946782,0.0013893574
9,9,0.9996567,0.000101166006
1,1,0.9978167,0.00083213
9,9,0.9784905,0.00903608
5,5,0.9987091,0.0007024688
9,9,0.9993245,0.00026861974
2,2,0.98891413,0.0062208083
5,5,0.99997985,8.561931e-06
0,0,0.9999234,2.8259212e-05
4,4,0.9999439,2.5062367e-05
1,1,0.9939536,0.0033559222
0,0,0.9973602,0.0016498708
8,8,0.9879651,0.007566292
9,4,0.86023027,0.045836337
0,0,0.9999984,8.3353655e-07
8,8,0.99785435,0.0007992451
9,9,0.9989422,0.00035676183
8,8,0.9998394,7.689669e-05
9,9,0.9997903,5.0807255e-05
4,4,0.9998356,6.0935465e-05
2,2,0.48057538,0.09951373
5,5,0.99996424,1.9160334e-05
7,7,0.967076,0.01541169
9,9,0.9079895,0.03992506
8,8,0.9997646,0.00012507617
9,9,0.9971162,0.0008600109
8,8,0.9998916,6.724067e-05
0,0,0.99998885,6.4932997e-06
9,9,0.98448074,0.0072081536
9,9,0.9942454,0.0021244772
6,6,0.99999124,3.8420717e-06
8,8,0.99994785,2.822435e-05
9,9,0.99736404,0.0011967092
9,9,0.9999434,2.5209645e-05
5,5,0.99922943,0.00036485976
9,9,0.9998088,7.61829e-05
8,8,0.99986184,8.2121376e-05
5,6,0.47844234,0.10346426
1,1,0.9957861,0.0017285824
0,0,0.99997246,1.3911226e-05
3,3,0.9995492,0.00028242735
3,3,0.90662193,0.03519336
5,5,0.9999056,4.0805207e-05
2,2,0.9999744,1.3927795e-05
1,1,0.99940526,0.00026344415
6,6,0.99954176,0.0001842924
5,5,0.71801704,0.08020844
0,0,0.99998647,8.263507e-06
2,2,0.9459568,0.023292884
8,8,0.9998959,6.448454e-05
1,1,0.5112048,0.0972926
5,5,0.9999628,1.9707983e-05
6,6,0.9423116,0.035618383
2,2,0.99741876,0.00091695617
3,3,0.9987505,0.00073611643
0,0,0.9999851,8.00101e-06
2,2,0.99858254,0.0007618295
2,2,0.9976778,0.0010453681
6,6,0.99972,0.00015110233
4,4,0.99994355,2.883967e-05
3,3,0.99936354,0.000375285
5,5,0.99993765,2.8304677e-05
5,5,0.9995554,0.00016046212
1,1,0.9995535,0.00026515013
7,7,0.99969673,0.0001331683
2,2,0.9964137,0.0016948648
1,1,0.9897787,0.0061518503
6,6,0.96437055,0.01037143
9,9,0.97188216,0.009222401
1,1,0.9918848,0.0040853815
9,9,0.68850553,0.074172094
9,9,0.9998213,7.113548e-05
5,5,0.9999072,4.1666528e-05
5,5,0.7353884,0.059564084
1,1,0.99971664,0.00011573396
6,6,0.99939,0.00031819954
2,2,0.9994872,0.00031925875
2,2,0.99998456,6.7856104e-06
8,8,0.99836206,0.0009774202
6,6,0.95925426,0.011620333
7,7,0.9177724,0.05182252
1,1,0.99913377,0.00035253627
4,4,0.99986047,6.381771e-05
6,6,0.67553174,0.07393794
0,0,0.99982035,0.00011062333
4,2,0.42340717,0.116469085
0,0,0.9999367,2.7192937e-05
3,3,0.5294013,0.07422118
3,3,0.9992895,0.00034491328
2,2,0.9999731,8.86196e-06
2,8,0.43659034,0.13129543
3,3,0.99963295,0.00022663779
6,6,0.99569094,0.0019455256
8,8,0.9998337,0.00010259489
9,9,0.9157926,0.023738474
8,8,0.81052387,0.062092684
5,5,0.99945414,0.00018153971
3,3,0.9999835,8.609106e-06
8,8,0.9826056,0.005404787
5,5,0.9995472,0.00023186285
4,4,0.99974287,0.00012775758
5,5,0.99998724,5.6519925e-06
2,2,0.9995052,0.00021227551
0,0,0.9999892,6.503868e-06
5,5,0.9998026,0.00011595269
6,6,0.5506809,0.097762
3,8,0.49598226,0.056680817
2,2,0.9996432,0.0001561498
8,8,0.9995424,0.00026118584
3,3,0.9983513,0.0009471994
9,9,0.9971212,0.0014382539
9,9,0.9754999,0.009184388
5,5,0.67137724,0.05357126
7,7,0.9967799,0.0018949846
9,9,0.87770903,0.040344305
4,4,0.9972722,0.0011474662
6,6,0.99533117,0.002802581
7,7,0.9979682,0.0012826797
1,1,0.9998398,7.811654e-05
3,3,0.9941839,0.002108407
7,1,0.879027,0.03578826
3,3,0.9899529,0.0050094947
6,6,0.99825096,0.00094623805
6,6,0.99991244,4.5646746e-05
0,0,0.9998705,7.455074e-05
9,9,0.9969864,0.00087006035
0,0,0.99999875,7.5465175e-07
1,1,0.9990381,0.0004404015
9,4,0.4839681,0.10691665
9,4,0.637499,0.06910683
2,2,0.99871695,0.00043162858
8,8,0.95438653,0.02172232
8,8,0.99626625,0.0015218663
0,0,0.99932766,0.00037393678
1,1,0.9977123,0.0011212354
6,6,0.99919593,0.00022249125
9,9,0.99992335,2.4999983e-05
7,7,0.9998237,0.000109210865
5,5,0.95699805,0.017946739
3,5,0.74574214,0.06716424
4,4,0.9956912,0.0014871338
7,7,0.99997866,8.656147e-06
4,4,0.99877775,0.00059346564
9,9,0.99997884,6.642673e-06
9,9,0.9666562,0.017053882
4,4,0.99986523,6.194533e-05
3,3,0.9771433,0.008655123
6,6,0.9946887,0.0032096345
3,3,0.9995936,0.0002331326
1,1,0.9998983,4.4667344e-05
1,1,0.999747,9.8249526e-05
7,7,0.851112,0.05567606
6,6,0.9999882,5.044126e-06
9,9,0.99951565,0.00012959642
1,1,0.9990126,0.00060261943
8,8,0.99937,0.00037077483
4,4,0.71328163,0.06508635
1,1,0.9984662,0.00096431805
1,1,0.99952173,0.00027647897
9,9,0.9926343,0.0023232126
9,9,0.9999676,1.03354705e-05
4,4,0.7827863,0.0596328
3,3,0.9115702,0.047251344
6,6,0.9911808,0.0042799087
8,8,0.9988123,0.00049095484
1,1,0.99981993,7.051675e-05
6,6,0.93389714,0.026834989
0,0,0.9999739,1.4031811e-05
4,4,0.9998997,5.2171898e-05
1,1,0.9990727,0.00040391
3,3,0.9999698,1.5966732e-05
7,1,0.64241123,0.07605903
7,7,0.9999301,4.080023e-05
4,4,0.99905556,0.0003107611
9,9,0.99998903,2.7920946e-06
5,5,0.99693793,0.0014983276
1,1,0.9990646,0.0005164639
0,0,0.99997675,1.2671876e-05
0,0,0.9995295,0.00028354826
1,1,0.99954545,0.00024345666
1,1,0.9995707,0.0002491018
6,6,0.7763529,0.06415302
2,2,0.996235,0.0020176568
1,1,0.9988343,0.00040481082
9,9,0.99922466,0.00014086346
8,8,0.99939203,0.0003722794
4,4,0.9993839,0.00026413533
0,0,0.9998315,9.2211485e-05
3,3,0.9953249,0.0019561555
6,6,0.996043,0.0022739074
4,4,0.99994963,1.9492234e-05
9,9,0.9995327,0.00012386669
0,0,0.97366744,0.015713472
7,7,0.99983233,0.000105086074
1,1,0.99989736,4.5751374e-05
6,6,0.99891883,0.00049564184
5,5,0.96792966,0.014619766
7,7,0.7736506,0.07594447
5,5,0.9997824,8.811032e-05
2,2,0.9999752,1.0245724e-05
5,5,0.9817645,0.0060889423
1,1,0.9993742,0.0003877249
8,8,0.99672663,0.0018641636
5,5,0.9995154,0.00021173584
4,4,0.99288213,0.00393585
7,7,0.98528564,0.009138955
0,0,0.9999612,1.7129069e-05
6,5,0.49358281,0.07448241
7,7,0.99969465,0.00018047597
0,2,0.46607828,0.105902195
2,2,0.99395,0.0031436924
5,5,0.88533276,0.045587514
8,8,0.9403167,0.032923587
1,1,0.9998062,0.00011263489
0,0,0.9999852,8.596458e-06
4,4,0.9996327,0.00019092052
5,5,0.9988204,0.00039817594
7,7,0.9999199,5.0028357e-05
1,1,0.99991477,3.0625233e-05
8,8,0.6959394,0.10065973
5,5,0.990934,0.0030874354
1,1,0.9992043,0.00034295188
9,3,0.33902797,0.113230586
0,0,0.99999446,3.2106996e-06
0,0,0.99966586,0.00017721465
6,6,0.9132655,0.042843647
0,0,0.9999655,1.4804403e-05
7,7,0.9997737,0.00014155272
3,3,0.97751725,0.011600092
1,1,0.9995419,0.0002731069
8,8,0.9969303,0.0013314413
3,3,0.99954873,0.00026385084
9,9,0.9990198,0.0005394401
7,7,0.9947777,0.0033011504
0,0,0.9998781,4.7174562e-05
0,0,0.9999849,7.0040905e-06
8,8,0.99595726,0.0017518332
9,9,0.8321414,0.06606318
5,5,0.99803436,0.0007439762
9,9,0.99976027,6.3548025e-05
8,8,0.9996009,0.00014255628
3,3,0.998201,0.0010575356
2,2,0.9992136,0.00028555715
7,7,0.8800992,0.062108885
2,2,0.903526,0.033518218
9,9,0.999972,8.686436e-06
7,7,0.7714582,0.0753291
2,2,0.962288,0.015465446
1,1,0.9993025,0.0003480202
1,1,0.9993743,0.00030087723
3,3,0.95635873,0.023236755
7,7,0.9600433,0.02525043
5,5,0.9977337,0.001203778
3,3,0.999447,0.000224566
1,1,0.99742824,0.0008899059
9,9,0.8368478,0.0616329
8,8,0.996703,0.0014414536
2,2,0.9999981,8.690484e-07
2,2,0.99532425,0.0015009677
2,2,0.9998989,4.7002006e-05
8,8,0.9518732,0.019933412
8,8,0.96967494,0.012375455
5,5,0.9999712,1.2245866e-05
7,7,0.9990674,0.00058389374
3,3,0.9927808,0.003035224
8,8,0.9998363,8.106368e-05
9,9,0.9998175,5.2037874e-05
8,8,0.71506786,0.06549569
8,8,0.9844569,0.005878265
6,6,0.81803644,0.067889705
8,8,0.9988104,0.0007402769
2,2,0.99944496,0.00031783784
3,3,0.9944736,0.0025064398
9,9,0.9998237,5.0247494e-05
7,7,0.9967786,0.0020316776
5,5,0.979548,0.010324614
6,6,0.99335194,0.0041495888
2,2,0.9985917,0.0006256939
9,9,0.99772406,0.0007012573
2,2,0.99847066,0.0008803684
8,8,0.9999008,5.1388964e-05
8,8,0.8101346,0.071858406
1,1,0.9983908,0.000561283
6,6,0.988455,0.005841807
8,8,0.63693225,0.085758284
8,8,0.9997123,0.00012326034
7,7,0.95947474,0.02486376
9,9,0.92627966,0.032573946
1,1,0.99982196,0.00010533583
8,8,0.95168674,0.021941263
0,0,0.99987316,6.099681e-05
1,1,0.9986823,0.00065188063
7,7,0.98169404,0.011458568
2,2,0.9993841,0.00016435131
0,0,0.99999535,2.7334831e-06
7,7,0.9190772,0.03674426
5,5,0.9783858,0.0090355845
1,1,0.9997152,0.00015216514
9,9,0.85448694,0.056068696
0,0,0.999972,1.6649878e-05
2,2,0.78428304,0.085905835
0,0,0.9999749,1.3834882e-05
9,9,0.993698,0.0029558993
8,8,0.72525084,0.094615914
6,6,0.99872094,0.0006787574
2,2,0.99978226,0.00013410609
3,3,0.9958,0.0026470046
9,9,0.63113827,0.087510385
3,3,0.9990591,0.0004752622
8,8,0.8935653,0.049655523
0,0,0.9998768,5.9622944e-05
2,2,0.9964097,0.0014500073
1,1,0.9937175,0.0037372212
1,1,0.9991738,0.00047338652
1,1,0.9998129,8.291896e-05
1,1,0.9983365,0.0006946541
4,4,0.99998295,6.164007e-06
2,2,0.97369325,0.013736809
9,9,0.9906661,0.0028943266
7,7,0.99985725,7.8028286e-05
2,2,0.9107019,0.042150296
5,5,0.99398977,0.0033394333
1,1,0.9683424,0.017983418
1,1,0.9990177,0.00060356164
2,2,0.9900662,0.0028659145
1,1,0.99967366,0.00018529732
9,9,0.9997346,8.006509e-05
9,9,0.9961586,0.00172066
9,9,0.97475874,0.009462418
1,1,0.9941103,0.0017936904
0,0,0.9999628,1.4844259e-05
2,2,0.9989933,0.0004976626
0,0,0.9999865,7.039943e-06
2,2,0.99897516,0.0004948473
1,1,0.99873734,0.000777491
1,1,0.9992439,0.00041877403
4,4,0.9893096,0.004185102
6,6,0.64737314,0.087327674
4,4,0.9575304,0.01958425
1,1,0.9998063,9.713778e-05
5,5,0.99865896,0.0005247916
4,4,0.9983789,0.00084684434
9,9,0.99995595,1.2935809e-05
7,9,0.9871704,0.007392575
7,7,0.993865,0.0038554966
1,1,0.82641125,0.062750235
5,5,0.9999795,9.676058e-06
6,6,0.9497161,0.021388015
2,2,0.99949396,0.00025888722
2,1,0.5318053,0.10241474
2,2,0.99977493,0.00011952691
8,8,0.9072083,0.049322285
0,0,0.99995136,2.6759324e-05
6,6,0.96199787,0.023346487
9,9,0.9959909,0.0013698057
6,6,0.5463529,0.10670774
1,1,0.7744938,0.0751535
9,9,0.94917023,0.020191174
7,7,0.9994818,0.00013825989
7,7,0.99700326,0.0018878166
1,1,0.9956425,0.0017208674
4,4,0.9981124,0.0007149688
8,8,0.9998332,7.8155426e-05
5,5,0.99998987,4.6255473e-06
3,3,0.99910754,0.0003694959
4,4,0.99332076,0.0023198556
3,3,0.99925154,0.00039259586
4,4,0.95445985,0.01098237
9,7,0.7242896,0.078834414
7,7,0.9819498,0.011393038
5,5,0.99994934,2.112291e-05
0,0,0.9999908,5.602533e-06
7,7,0.9092023,0.055650722
4,4,0.9847883,0.007976909
8,8,0.9965197,0.00198139
8,8,0.99859285,0.0006370813
1,1,0.96568286,0.02162662
5,5,0.9992059,0.0005009428
3,3,0.99866116,0.00083897857
9,9,0.99986047,6.721323e-05
5,5,0.9999715,1.02321765e-05
9,9,0.9999407,1.7574373e-05
7,7,0.9074384,0.045842152
6,6,0.89417255,0.040842436
9,9,0.99995863,1.4767125e-05
0,0,0.9999995,2.9712695e-07
3,3,0.9866392,0.008233957
6,6,0.9020737,0.05721433
3,3,0.9606506,0.01074862
9,9,0.99930036,0.00023386054
8,8,0.99987257,7.504677e-05
2,2,0.9931723,0.0030130278
2,8,0.6143138,0.1199101
1,1,0.999681,0.0001701662
2,2,0.87012404,0.040204786
8,8,0.9997196,0.0001361812
6,6,0.9985808,0.0008522499
8,8,0.9999741,9.76652e-06
5,5,0.9999682,1.606419e-05
5,5,0.804824,0.056480758
3,3,0.6170159,0.104270205
9,9,0.99818766,0.00096430705
4,4,0.999946,1.7255123e-05
9,9,0.99542105,0.0012214199
2,2,0.95409423,0.01969603
5,5,0.9889231,0.0035096474
1,1,0.958708,0.02116754
5,5,0.8565057,0.052717783
1,1,0.9998611,8.195212e-05
4,4,0.96355325,0.020331789
4,4,0.99992,2.5238047e-05
1,1,0.99959695,0.00014483291
4,4,0.90406644,0.03861817
4,4,0.8520013,0.03503789
3,3,0.99966156,0.00012396622
5,5,0.89523804,0.036704976
9,9,0.99978626,5.6084984e-05
1,1,0.99987763,4.7126116e-05
2,2,0.98244727,0.010808143
2,2,0.9994224,0.00036289621
3,3,0.99916536,0.00042173575
3,3,0.9782405,0.011269971
0,0,0.99999887,5.39824e-07
2,2,0.9997652,0.00012018964
9,9,0.96095085,0.020363897
0,0,0.99994355,2.4652309e-05
0,0,0.99999523,1.6959668e-06
9,9,0.9886128,0.0056177517
9,9,0.91479,0.042525716
6,6,0.92886764,0.042671707
0,0,0.99526894,0.0029895753
9,9,0.98259324,0.005963716
3,3,0.9995133,0.0003003646
2,7,0.70570964,0.09141996
8,8,0.99890023,0.00068253855
4,4,0.9799547,0.007835736
1,1,0.99934894,0.0003922386
9,9,0.9997476,8.563319e-05
9,5,0.6457039,0.06091101
7,7,0.99979514,0.00012256342
2,2,0.999953,2.152171e-05
7,7,0.8444985,0.059569955
9,9,0.99550456,0.0027177962
9,9,0.9988643,0.00054224534
5,5,0.579883,0.06662886
9,9,0.89162016,0.0576108
5,5,0.96081746,0.017961275
1,1,0.9993185,0.00036089332
1,1,0.99888384,0.0006639914
8,8,0.9962282,0.002356853
3,7,0.6662215,0.0800386
5,5,0.99995726,2.4324083e-05
1,1,0.9967167,0.0017471204
9,9,0.99802,0.0009387292
5,5,0.99887073,0.00043703165
3,3,0.87270707,0.047353126
5,5,0.99985474,7.895761e-05
4,4,0.81600314,0.043871574
9,9,0.4947217,0.104495205
5,5,0.90505207,0.03426626
9,9,0.9999887,3.6779797e-06
3,3,0.8861275,0.046444573
1,1,0.9675771,0.016750528
9,9,0.9999835,5.045313e-06
0,0,0.999996,1.9372587e-06
9,9,0.923399,0.027778536
7,7,0.9947591,0.0032982952
5,5,0.8275131,0.06532222
4,4,0.99997073,9.5879595e-06
9,9,0.9955944,0.0014494141
2,2,0.99996173,1.969907e-05
0,0,0.9397329,0.038023274
1,1,0.9994731,0.00032590356
0,0,0.998304,0.0010584216
5,5,0.99991405,3.5359313e-05
1,1,0.9999631,1.7091113e-05
4,4,0.9999862,6.981413e-06
9,9,0.9992523,0.0002564217
3,3,0.9996146,0.00015771002
3,3,0.93154305,0.036718346
6,6,0.9937444,0.0022515045
1,1,0.9980933,0.0011802202
5,5,0.9999231,2.8813822e-05
2,2,0.82016295,0.06627227
5,5,0.99970853,0.00011021814
2,2,0.9921559,0.0023377303
2,2,0.9999552,1.8036493e-05
0,0,0.99993575,3.3287062e-05
9,9,0.849779,0.048650898
2,2,0.9994466,0.0002634567
6,6,0.99821454,0.0010199798
6,6,0.99982345,9.9415876e-05
0,0,0.9999738,1.3129426e-05
1,1,0.99799603,0.0010898807
2,2,0.5665515,0.0895237
0,0,0.99999535,2.3778923e-06
3,3,0.99299306,0.0037676028
0,0,0.9996365,0.00021781694
2,2,0.9836116,0.009920885
5,5,0.6395539,0.08541997
5,5,0.9984083,0.00062222173
7,7,0.9999838,6.9878615e-06
9,9,0.999802,4.7695223e-05
5,5,0.950601,0.024055855
5,5,0.9828556,0.007528007
0,0,0.9986892,0.0008118856
8,8,0.99972755,0.00016623063
9,9,0.75638694,0.07405345
5,5,0.99983215,6.1000068e-05
0,0,0.99948007,0.00022710781
3,3,0.9994729,0.00032582527
2,2,0.9999483,1.5664067e-05
5,5,0.9996623,0.00014954561
9,9,0.6735201,0.06735353
0,0,0.99852383,0.00084487005
8,8,0.9925268,0.0043707215
8,8,0.9886527,0.0065635433
4,4,0.9182352,0.04156244
5,0,0.46372455,0.08762501
8,8,0.9994221,0.00025669375
8,8,0.9990467,0.00058667234
4,4,0.9974164,0.0009715242
5,5,0.99998075,9.47199e-06
4,4,0.9998988,4.3163564e-05
8,8,0.800941,0.039252467
5,5,0.99984664,8.373569e-05
4,4,0.9835168,0.0048095034
9,9,0.98759097,0.0050174096
2,2,0.7336192,0.07478346
2,2,0.98646736,0.007435815
1,1,0.99986726,6.9062924e-05
2,2,0.99115527,0.0036339134
6,6,0.9998686,5.146471e-05
8,8,0.9956549,0.0027331314
8,8,0.9949497,0.0031799283
7,7,0.8907526,0.047044933
0,0,0.99988383,7.116879e-05
3,3,0.9009387,0.05005907
6,6,0.9991415,0.00027010066
6,6,0.94029856,0.026167754
4,4,0.997132,0.000825981
3,3,0.99986666,7.522893e-05
8,8,0.9992422,0.0003304669
8,8,0.88615686,0.029031644
7,7,0.534324,0.090010345
2,2,0.99882334,0.000415167
2,2,0.999328,0.00039514032
0,0,0.98975384,0.0064216824
0,0,0.99998903,6.725164e-06
9,9,0.7971767,0.04300073
3,3,0.9995619,0.00026400536
9,9,0.9994093,0.00020215413
9,9,0.9275039,0.024188088
1,1,0.99357116,0.003029487
9,9,0.99685746,0.00080440927
8,8,0.99894893,0.0006574433
6,6,0.99984854,6.408229e-05
6,6,0.83219063,0.05798171
4,4,0.999955,1.921808e-05
2,0,0.5017719,0.093880355
6,6,0.9999846,5.483149e-06
9,9,0.9980127,0.0010880977
2,2,0.9999981,9.125515e-07
8,8,0.71309173,0.09325896
5,5,0.9998002,7.325113e-05
4,4,0.9993372,0.0002945462
5,5,0.99915504,0.00028327218
7,7,0.9984379,0.00097501744
9,9,0.99851686,0.00029657347
9,4,0.6750997,0.07412177
9,9,0.9999536,9.587835e-06
2,2,0.8827941,0.046222333
1,1,0.9876979,0.00618308
8,8,0.5609402,0.069274485
3,3,0.99993384,3.6533285e-05
4,4,0.99961126,0.00011174334
0,0,0.99991465,5.3417887e-05
7,7,0.79852235,0.06045847
8,8,0.9895812,0.006504322
3,3,0.7088485,0.07918409
9,9,0.99992895,1.7129965e-05
3,3,0.5180487,0.09765417
4,4,0.9973382,0.000843093
6,4,0.59820455,0.10316249
5,5,0.9999134,3.7984257e-05
6,6,0.96545637,0.012554851
2,2,0.9999577,1.2222141e-05
3,2,0.5685086,0.11115171
9,9,0.999588,0.0001234959
2,2,0.9989542,0.00050135533
6,6,0.99971807,0.00011280755
0,0,0.9995683,0.00014050028
0,0,0.999334,0.00041072344
6,0,0.6714199,0.088994175
1,1,0.9998156,8.902118e-05
2,2,0.785106,0.08589743
8,8,0.99975014,0.0001429511
7,7,0.9998503,5.6936326e-05
9,9,0.99967945,0.00010959005
8,8,0.9587495,0.019900601
2,2,0.9993243,0.00033772926
0,0,0.9999262,3.6075115e-05
4,4,0.9928504,0.0025250833
7,7,0.9995942,0.00025395892
7,7,0.9984492,0.00097061635
5,5,0.9993763,0.00037618575
0,0,0.99998987,6.1304563e-06
5,5,0.99977237,8.101055e-05
6,6,0.9999038,3.2757227e-05
4,4,0.9990512,0.00036652465
6,6,0.90151644,0.053134404
7,7,0.99961454,0.00022857529
4,4,0.99997026,1.2536175e-05
3,3,0.98819923,0.002585374
0,0,0.9997512,0.00013976483
7,7,0.9461387,0.034004636
5,5,0.99562275,0.0014156635
0,0,0.9997748,0.00014183846
7,7,0.99198216,0.004991379
4,4,0.9986517,0.00034290456
2,2,0.9994251,0.00021835577
0,0,0.96503305,0.019855166
8,8,0.9988953,0.0006894427
9,9,0.98415005,0.0053340956
9,9,0.98958606,0.003304137
4,4,0.99997777,6.493582e-06
2,2,0.9968284,0.0007895492
4,4,0.99974585,9.5129086e-05
6,6,0.99991477,3.4446646e-05
7,7,0.99982166,0.00010717404
8,8,0.99999505,2.2566178e-06
7,7,0.7761382,0.08615337
6,6,0.8614074,0.07067137
9,9,0.9691542,0.016914992
4,4,0.99905396,0.0004561511
1,1,0.9975904,0.0008926332
3,3,0.9956757,0.002491802
7,7,0.99853945,0.00091785437
3,3,0.8610512,0.042405654
0,0,0.9999874,5.307556e-06
8,8,0.99361515,0.0040194327
8,7,0.6127578,0.08179748
7,7,0.9011483,0.057889033
6,6,0.9991112,0.0003514863
9,9,0.64792615,0.09125747
3,3,0.9975562,0.0015006008
9,9,0.9999855,4.5017696e-06
2,2,0.88649863,0.050170235
2,2,0.889596,0.041845143
9,9,0.9466707,0.01572421
2,2,0.9880837,0.007250154
1,1,0.7606972,0.09160982
8,8,0.9976371,0.001420575
3,3,0.8914294,0.05422709
2,2,0.99928725,0.0002794385
9,9,0.9099473,0.021956827
6,6,0.9995844,0.00025668665
8,8,0.999792,0.000120834666
4,4,0.99387866,0.0022748855
0,0,0.97106725,0.015637321
1,1,0.9924547,0.004198043
2,2,0.99997836,1.17548325e-05
8,8,0.9999882,7.1035415e-06
4,4,0.9998994,5.5395532e-05
5,5,0.99993074,3.783637e-05
2,2,0.97169656,0.010286639
7,7,0.99984944,8.8824556e-05
8,8,0.98427075,0.007198914
1,1,0.9994914,0.00021970179
1,1,0.9998058,9.8905715e-05
3,3,0.99979496,0.000100467296
0,0,0.9994453,0.00020476783
3,3,0.890453,0.05251526
5,5,0.99999255,3.3709525e-06
7,7,0.9999223,2.8813398e-05
0,0,0.9999798,1.1662842e-05
3,3,0.99970853,0.0001426178
1,1,0.999329,0.0003952339
9,7,0.5279945,0.1060317
3,3,0.99826133,0.0010904662
6,5,0.87476444,0.0385582
3,3,0.9997675,0.00012970346
1,1,0.9989813,0.0004669825
7,7,0.9997492,0.00015733103
7,7,0.8994838,0.055513214
3,3,0.998956,0.00065879925
0,0,0.99999934,2.4996947e-07
8,8,0.99990636,5.8041624e-05
4,4,0.9999629,1.3090263e-05
8,8,0.99915314,0.0005296537
2,2,0.99111766,0.0031943466
6,6,0.7120937,0.09185023
5,5,0.89061534,0.037732236
2,2,0.9999571,2.3907018e-05
9,9,0.99926436,0.00030140317
7,4,0.64663225,0.072134815
3,9,0.4415628,0.12312468
9,9,0.99966556,8.9799076e-05
0,0,0.9953933,0.002102923
9,9,0.99993193,1.7346934e-05
9,9,0.9999539,1.463563e-05
6,6,0.9998218,7.1865026e-05
4,4,0.9997698,8.847135e-05
2,2,0.99915934,0.00044122833
9,9,0.9989961,0.00042206686
7,7,0.99966776,0.00019871071
2,2,0.9996322,0.00017970937
1,1,0.8213293,0.07470448
1,1,0.99968976,0.00014561226
6,6,0.9969217,0.001888014
7,7,0.9627221,0.02342616
4,4,0.9348016,0.014908272
7,7,0.99605626,0.0024672218
5,5,0.99984634,7.0515074e-05
9,9,0.9997136,0.000102365644
6,8,0.8139025,0.04294452
8,8,0.9885454,0.0052469727
2,2,0.9999746,1.3151223e-05
1,1,0.99461585,0.0025887955
4,4,0.70064706,0.081930324
4,4,0.99991906,3.957176e-05
5,5,0.996311,0.0014165172
7,7,0.7724339,0.07221692
6,6,0.9875227,0.005869397
1,1,0.9981195,0.00073857734
3,3,0.9999011,5.3881977e-05
2,2,0.9987768,0.000713072
5,5,0.8983246,0.047165386
9,9,0.99427015,0.0023026303
9,9,0.99794817,0.0008120119
3,3,0.9809227,0.008206781
6,6,0.9999924,2.7325025e-06
1,1,0.99908733,0.0005156483
1,1,0.99987364,6.956982e-05
4,4,0.9999822,9.268703e-06
6,6,0.9636897,0.022407934
9,9,0.99833286,0.0007753875
7,7,0.99937475,0.00030863323
2,2,0.9729344,0.009980952
1,1,0.9998946,5.6250738e-05
5,5,0.99996746,1.3826268e-05
1,1,0.99592495,0.001577969
4,4,0.99936783,0.00024540367
6,6,0.9992933,0.00042743812
3,3,0.99956715,0.00027226645
8,4,0.8343355,0.055822082
1,1,0.9886258,0.0064780237
1,1,0.99985105,7.208199e-05
0,0,0.988358,0.0071553863
3,3,0.9950204,0.0029815477
1,1,0.99931526,0.0003036806
6,6,0.9976219,0.0014219612
8,8,0.9998492,7.1772694e-05
4,4,0.9999374,2.7902914e-05
9,9,0.9985555,0.00058749935
0,0,0.99999344,3.3374115e-06
7,7,0.999576,0.0002611748
3,3,0.99726945,0.0015056597
0,0,0.9999878,6.7689384e-06
2,4,0.6308412,0.077725254
9,9,0.9999298,2.5007384e-05
0,0,0.99922264,0.0004374704
6,6,0.99987555,5.287353e-05
6,6,0.4968494,0.10255186
6,6,0.8660641,0.061863296
3,3,0.99991035,5.5406155e-05
6,6,0.99935645,0.0002681662
7,7,0.99997234,1.3585845e-05
7,7,0.9994379,0.0003443725
2,2,0.9998763,5.916503e-05
8,8,0.99911773,0.0004034561
6,6,0.9997013,0.00011896462
0,0,0.9999849,6.7605715e-06
8,8,0.9999329,3.3976983e-05
3,3,0.69340026,0.06981758
0,0,0.99999666,1.1708892e-06
2,2,0.99980104,6.935599e-05
9,9,0.88056785,0.035070717
8,8,0.91162646,0.054482967
3,3,0.6384171,0.079535924
2,2,0.99879026,0.00066785514
5,5,0.99998397,7.5546695e-06
3,3,0.996956,0.0016172299
8,8,0.5473321,0.08764205
8,8,0.81535447,0.07874474
0,0,0.9999959,2.1517303e-06
0,0,0.9999434,2.3997183e-05
1,1,0.9938409,0.0032973227
9,9,0.9999672,9.429912e-06
5,5,0.9998785,4.748348e-05
1,1,0.9994003,0.0002993407
3,3,0.9530675,0.027381623
9,9,0.9984897,0.000627181
6,6,0.9999426,3.3089247e-05
0,0,0.999996,2.218287e-06
1,1,0.9993898,0.00036797012
4,4,0.99997747,9.826322e-06
1,1,0.99694556,0.0016336174
7,7,0.9436871,0.035304878
1,1,0.99960595,0.00020802971
2,2,0.9146368,0.036135923
3,3,0.95766544,0.019920642
7,7,0.89401513,0.058655106
9,9,0.9997013,0.0001023912
7,7,0.99765855,0.001071173
4,4,0.99970436,0.00011579752
9,9,0.99966973,0.000114700655
9,9,0.99922884,0.00015450998
3,3,0.99955213,0.00024773122
9,9,0.99934405,0.00015291912
2,2,0.9997724,9.849514e-05
8,8,0.99994546,3.1053067e-05
2,2,0.9670049,0.015161437
7,7,0.99983007,0.00010273121
1,1,0.9995745,0.00019223329
8,8,0.9400948,0.031576093
0,0,0.9999736,1.018993e-05
9,9,0.8196765,0.055401795
1,1,0.8861526,0.059044134
0,0,0.9999938,3.619555e-06
1,1,0.9973076,0.0016737519
7,7,0.9876464,0.007660204
7,7,0.9999736,1.19163e-05
9,9,0.8535177,0.06369649
6,6,0.9999973,1.0899377e-06
9,9,0.8888752,0.047560208
9,9,0.99997425,9.8351975e-06
9,9,0.9998415,7.9536156e-05
2,2,0.9978698,0.0013015385
1,1,0.9990184,0.00060846715
6,6,0.9857346,0.005633165
1,1,0.9991601,0.0004495387
3,3,0.99417984,0.0035168617
5,5,0.9998889,5.080866e-05
7,2,0.8535861,0.0528545
1,1,0.99676484,0.0017346668
9,9,0.5795658,0.08396916
7,7,0.98821926,0.0068613486
6,6,0.9996025,0.00015551956
4,4,0.9997972,7.7128294e-05
5,5,0.9928954,0.0037560496
7,7,0.9678687,0.02015436
6,6,0.99259377,0.003252586
6,8,0.6119243,0.10806072
9,9,0.9978508,0.0004671306
9,9,0.999306,0.00028121602
6,6,0.87597877,0.05231432
3,3,0.9998654,5.8462192e-05
6,6,0.9760605,0.01456782
2,2,0.99999654,1.1749057e-06
9,9,0.9998902,3.183437e-05
8,8,0.99957436,0.000243167
1,1,0.99919546,0.0004359313
2,2,0.9998735,4.099367e-05
2,2,0.9974944,0.0011931495
5,5,0.99958533,0.00014573809
5,5,0.94965297,0.017448593
2,2,0.97019255,0.015779052
3,3,0.9988939,0.0006160294
7,7,0.99873686,0.00064162695
2,2,0.93585336,0.033507932
1,1,0.99977,9.168186e-05
0,0,0.9999943,2.435699e-06
1,1,0.99878186,0.0006436043
0,0,0.9958302,0.002376286
4,4,0.9997036,0.00010509917
5,5,0.98591864,0.005715548
2,2,0.73037165,0.06436208
8,8,0.9604815,0.020646099
2,2,0.9999347,3.4281966e-05
8,8,0.98996717,0.006308445
3,3,0.89910346,0.061558764
5,5,0.9994442,0.00019177746
1,1,0.9996225,0.00015963924
7,7,0.9996201,0.00020068693
8,7,0.74315053,0.08334811
1,1,0.9955996,0.0020487816
1,1,0.9988554,0.0005025066
2,2,0.9996459,0.00020557831
9,9,0.99635965,0.0011472687
7,7,0.955362,0.0281622
8,8,0.9927546,0.0021722384
4,4,0.9223647,0.019011674
0,0,0.994002,0.003399539
3,5,0.53343785,0.11116205
0,0,0.99998456,9.684486e-06
7,7,0.93329495,0.039733328
8,8,0.9881112,0.0023480472
8,8,0.9947969,0.003180541
4,4,0.9995187,0.00020650975
7,7,0.99487543,0.0018588603
7,7,0.99981433,9.5450276e-05
8,8,0.9918949,0.003802117
5,5,0.9999747,1.1415885e-05
8,8,0.98493207,0.009358564
4,4,0.9441947,0.015906831
9,9,0.99995506,1.3539832e-05
8,8,0.9987338,0.00074037595
1,1,0.9989277,0.0005628226
3,3,0.9785922,0.0056552924
8,8,0.9996759,0.00018135217
0,0,0.9987672,0.00036703708
3,3,0.99937785,0.00038792536
1,1,0.9942064,0.0026869038
7,7,0.9993824,0.00031506343
9,1,0.4386162,0.13267809
5,5,0.999761,9.5039875e-05
5,5,0.9626215,0.02320116
1,1,0.998875,0.0005801307
6,6,0.9991339,0.00048595286
5,5,0.99997646,1.0208257e-05
7,7,0.99396384,0.0030374264
4,4,0.9981176,0.0007364148
9,9,0.99994314,2.2429831e-05
3,3,0.99975157,0.00012442128
5,5,0.9999503,2.7544462e-05
4,4,0.99998015,6.2942877e-06
7,7,0.9994153,0.000322818
1,1,0.9992787,0.00033369072
2,2,0.99941397,0.00031567708
0,0,0.99991703,4.895677e-05
8,8,0.90835017,0.05535058
1,1,0.9994446,0.00024733637
6,6,0.99987125,3.874181e-05
0,0,0.99998796,5.7816105e-06
7,7,0.9995038,0.00030819993
3,3,0.9700779,0.01837533
4,4,0.9656189,0.01424768
7,7,0.9999825,9.731604e-06
3,3,0.90705395,0.020750862
9,9,0.9997708,8.920404e-05
6,6,0.9998776,4.847006e-05
0,0,0.99987316,7.683724e-05
8,8,0.9816229,0.010602466
6,6,0.96235114,0.021190822
4,4,0.99880254,0.00049254874
8,8,0.9999509,3.0399791e-05
7,7,0.99967825,0.00019731044
7,7,0.98509705,0.0046525216
9,9,0.99823666,0.00060301693
3,3,0.99945307,0.00031649112
8,8,0.99190915,0.004665318
6,6,0.59597266,0.090388075
9,9,0.99930704,0.00021789971
7,7,0.9998249,0.00010243027
2,2,0.99995595,1.70038e-05
3,3,0.9628307,0.0134550985
4,4,0.9999884,5.1495617e-06
0,0,0.999585,0.00025758345
2,2,0.99997646,1.3725944e-05
1,1,0.99946755,0.00025684916
8,0,0.5654849,0.08941071
3,5,0.7753054,0.06533482
5,5,0.99996793,1.4722417e-05
5,5,0.9998411,9.2489645e-05
7,7,0.99846447,0.0009679239
2,2,0.9993493,0.00032653206
4,4,0.9998449,6.1020422e-05
6,0,0.8070606,0.075535044
7,7,0.99961454,0.00021526388
2,2,0.99682474,0.0014171775
8,8,0.9997614,0.00014241479
3,3,0.9962171,0.0023447631
0,0,0.9994737,0.00027116266
8,8,0.97979516,0.012750213
7,7,0.9999749,8.964815e-06
8,8,0.9991697,0.00044027707
9,4,0.8269788,0.057858557
0,0,0.999564,0.00024758987
8,8,0.99807835,0.000964129
4,4,0.95203745,0.018781608
4,4,0.99832135,0.00054588105
5,5,0.99309397,0.0037154395
8,8,0.9934372,0.0040455307
5,5,0.99047196,0.0056644985
6,6,0.9968802,0.0010177309
6,6,0.99930733,0.0003790723
3,3,0.79420793,0.0762076
0,0,0.9925337,0.004141021
9,9,0.9967214,0.0012384227
3,3,0.9589628,0.014428927
7,7,0.7487997,0.10489063
6,6,0.84129125,0.06554566
8,8,0.81697667,0.06751979
9,9,0.9999172,2.6449114e-05
3,3,0.9408701,0.026528453
4,4,0.9629761,0.011380705
9,9,0.99994963,1.3490431e-05
5,5,0.9990641,0.00040837424
8,8,0.9997387,0.00016409218
9,9,0.9993703,0.0001593155
1,1,0.9997546,0.00010236363
2,2,0.9994386,0.00025946822
8,8,0.99956906,0.0002705729
8,8,0.9993593,0.00039995898
6,6,0.96988934,0.016304405
8,8,0.99843246,0.00076172396
1,1,0.99969184,0.00013796033
3,3,0.99564093,0.0026718536
7,7,0.9979714,0.0010203744
9,9,0.9930583,0.0029236902
0,0,0.9866336,0.008198628
1,1,0.99891186,0.0003870708
1,1,0.9997144,0.00012035755
4,4,0.8993041,0.042565614
7,7,0.9297081,0.044074107
0,0,0.9980072,0.0010697687
8,8,0.93927974,0.035355814
1,1,0.99972326,0.00013466136
7,7,0.9995383,0.0002885844
4,4,0.99983037,6.807336e-05
5,5,0.9997097,0.0001578751
7,7,0.96767825,0.020408183
1,1,0.9998678,7.410675e-05
2,2,0.9999938,2.084758e-06
1,1,0.9996537,0.00018723407
1,1,0.99957055,0.0001911253
3,3,0.91368836,0.05323758
9,0,0.62377965,0.092979014
6,6,0.9980313,0.00092268764
2,4,0.55196345,0.09497247
1,1,0.9995891,0.00020589636
2,2,0.9881214,0.005307631
8,8,0.94778824,0.01763216
0,8,0.64282316,0.08039231
7,7,0.9542697,0.028839987
6,6,0.8908286,0.055211116
6,6,0.9988508,0.00049791497
9,9,0.99994403,1.659116e-05
3,3,0.9901455,0.0060180677
7,7,0.59338087,0.08291119
0,0,0.9997443,0.00012433037
5,5,0.9606699,0.01597773
2,2,0.99750996,0.0011335731
8,8,0.9427942,0.029044777
0,0,0.9999768,1.1226273e-05
5,5,0.9999854,7.1180575e-06
4,4,0.9961727,0.0011307941
3,3,0.9945232,0.0033353053
8,8,0.9999172,4.11859e-05
4,4,0.9960128,0.0018530175
6,6,0.9240407,0.042642783
6,6,0.9203372,0.0459221
2,2,0.9997142,0.00017332836
7,7,0.96922255,0.012791345
9,9,0.9997681,8.32448e-05
5,5,0.99992096,3.0621e-05
1,1,0.9993981,0.00028659005
3,3,0.9932758,0.0025523556
2,2,0.9993555,0.00035661046
4,4,0.9994677,0.00027780098
3,3,0.9601509,0.019517045
6,6,0.99943626,0.0003239891
1,1,0.9918631,0.003118342
9,9,0.9973688,0.00097173394
4,4,0.9411724,0.019131541
4,4,0.9999815,7.3734773e-06
7,7,0.99978226,0.00013571903
6,6,0.96494627,0.020362908
5,5,0.9764158,0.009413913
4,4,0.999963,1.3090443e-05
1,1,0.98696977,0.0064572543
9,9,0.7555996,0.073394515
9,9,0.9999717,6.8269865e-06
2,2,0.9992278,0.00038477176
7,7,0.9898264,0.0052953744
8,8,0.9883646,0.0071692513
0,0,0.9934481,0.0026669835
1,1,0.98085153,0.008535663
3,3,0.9993647,0.00029240263
6,6,0.9987631,0.0007477962
1,1,0.9999018,4.441106e-05
3,3,0.9997446,0.0001244421
4,4,0.9572247,0.016044287
1,1,0.9991252,0.00036368234
1,1,0.9998029,0.00011269633
1,1,0.9994009,0.00027028465
5,5,0.9998167,8.133087e-05
6,6,0.94535494,0.021854486
0,0,0.9999679,1.720086e-05
7,7,0.99840564,0.0010043003
0,0,0.9910744,0.004620998
7,7,0.99932575,0.00040975428
2,2,0.7923279,0.06865009
3,3,0.9999148,3.921643e-05
2,2,0.9611803,0.009287578
5,5,0.97282445,0.011679115
2,2,0.756694,0.062336095
2,2,0.9998356,6.897687e-05
9,9,0.9999393,2.5584779e-05
4,4,0.9999765,1.1318541e-05
9,9,0.9997908,8.3466955e-05
8,8,0.99975586,0.00011472196
1,1,0.9995822,0.00019295207
2,2,0.83498275,0.0638252
1,1,0.90727425,0.02517742
6,5,0.7761284,0.061365463
1,1,0.99942017,0.0003556929
2,2,0.9888495,0.0047981814
7,7,0.99976236,0.00014226775
8,4,0.72021806,0.07224881
0,0,0.9999779,1.2774178e-05
0,0,0.99999857,6.18127e-07
0,0,0.9936463,0.00399894
8,8,0.99971616,0.00013158796
2,2,0.9999504,2.3942206e-05
2,2,0.9999868,5.180559e-06
9,9,0.9613635,0.012290172
2,2,0.9999925,2.3432635e-06
2,2,0.9989519,0.0005915741
7,4,0.42650276,0.10358987
9,9,0.9916469,0.0035844601
9,9,0.9674182,0.012187811
2,2,0.99679184,0.0015068009
7,7,0.9998814,6.5028245e-05
5,5,0.9998239,8.325111e-05
1,1,0.9968985,0.001133037
3,3,0.99996245,2.2945396e-05
4,4,0.9990557,0.00037791787
9,9,0.99960244,0.00015544408
4,4,0.99974555,0.00013552891
1,1,0.9997095,0.00015779198
8,8,0.6897562,0.111539125
5,5,0.99882066,0.00060773524
6,6,0.99361515,0.0022288768
2,2,0.93647516,0.021212114
8,8,0.9997506,0.00010472014
3,3,0.9994745,0.00029844366
1,1,0.9991616,0.00034171497
2,2,0.98865634,0.0064454377
8,8,0.99995244,1.6500317e-05
4,4,0.9996193,0.00012968309
9,9,0.987759,0.0045075393
9,9,0.5674098,0.083091795
3,8,0.37245497,0.12785558
7,7,0.99868983,0.00082610844
0,0,0.99997157,1.747935e-05
7,7,0.9991307,0.0003725557
7,7,0.9999794,7.087468e-06
2,2,0.9744854,0.012286825
3,3,0.99982643,6.633518e-05
2,2,0.8843716,0.034714006
4,4,0.9988397,0.00058051443
0,0,0.9999892,4.8970774e-06
3,3,0.99528754,0.00208069
9,9,0.63184,0.077418365
9,9,0.99948883,0.00025772388
8,8,0.9999641,2.1919834e-05
4,4,0.9999714,1.4530832e-05
1,1,0.9994694,0.00017939755
0,0,0.9991954,0.00048584738
6,6,0.99963844,0.00021770895
0,0,0.9999908,3.9523097e-06
9,9,0.9852802,0.0070433333
6,6,0.99979144,0.0001281835
8,8,0.99932367,0.0002316963
6,6,0.99982405,7.7149554e-05
1,1,0.9913872,0.004061347
1,1,0.9990404,0.00032835448
9,9,0.95108986,0.02360911
8,8,0.9999302,3.5286816e-05
9,9,0.93533695,0.026625728
2,2,0.99393386,0.0037483196
3,3,0.9996742,0.00019259844
5,5,0.99986494,4.451004e-05
5,5,0.999987,7.047741e-06
9,9,0.99601376,0.0019515319
4,4,0.9999429,3.1194333e-05
2,2,0.9432853,0.03281162
1,1,0.9989834,0.00050438475
9,9,0.87659466,0.042898674
4,4,0.9998897,5.4617278e-05
3,3,0.9991943,0.0005053325
9,9,0.9998704,3.923958e-05
6,6,0.9929248,0.0044668713
0,0,0.9999968,1.6653739e-06
4,4,0.999973,1.2409907e-05
0,0,0.9999959,1.7578468e-06
6,6,0.9997503,0.00014726826
0,0,0.99998504,6.030261e-06
1,1,0.99968785,0.00013333245
2,2,0.9490474,0.030063462
3,3,0.8564065,0.0624821
4,4,0.9999298,3.4503268e-05
7,7,0.99723595,0.0015369167
8,8,0.9986912,0.00080378354
9,9,0.9993413,0.0003248343
0,0,0.99999905,3.552467e-07
1,1,0.9988324,0.00042661466
2,2,0.98618144,0.0074111656
3,5,0.5227776,0.09486334
4,4,0.9988559,0.00043183338
7,7,0.9973113,0.0016323619
8,8,0.99991286,4.3063726e-05
9,9,0.9998929,3.2686126e-05
0,0,0.9999773,9.10108e-06
1,1,0.9995085,0.00018402543
2,2,0.93758047,0.03170406
3,3,0.49336204,0.115562096
4,4,0.9999884,3.8847156e-06
5,5,0.9932388,0.002618455
6,6,0.99993,3.82299e-05
7,7,0.99921143,0.00047501625
8,8,0.9970547,0.001847341
9,9,0.99880236,0.00046638394
8,8,0.9938666,0.0038749664
3,3,0.92245376,0.025795573
4,4,0.99973124,9.653673e-05
7,7,0.9996874,0.00018553187
8,8,0.99538213,0.0018784378
6,6,0.980813,0.00908705
3,3,0.8803611,0.057571955
4,4,0.61047083,0.066391386
0,0,0.9999973,1.5282073e-06
9,9,0.9975424,0.00089275074
7,7,0.99981344,0.00011457312
1,1,0.9990203,0.00043292195
9,9,0.9999341,2.1726339e-05
3,3,0.9917698,0.004581523
8,8,0.9988135,0.00074149633
4,4,0.9999876,4.196307e-06
7,7,0.99945337,0.00032524831
3,3,0.56195384,0.1170786
0,0,0.9999763,1.3723717e-05
9,9,0.999918,4.6113204e-05
1,1,0.99927014,0.00039579827
4,4,0.9996626,0.00013262816
5,5,0.99427235,0.0024250534
4,4,0.9979788,0.00051789253
6,6,0.9995723,0.00018251679
2,2,0.47570625,0.09694112
0,0,0.9999944,2.5474221e-06
6,6,0.8726038,0.061865084
2,2,0.99996126,2.3660952e-05
1,1,0.9948517,0.0029633194
1,1,0.9981906,0.0007745692
1,1,0.98264503,0.0089552505
1,1,0.9975672,0.0012407791
7,7,0.99679935,0.0019907062
2,2,0.9999792,1.1666867e-05
4,4,0.9999403,3.0256479e-05
7,7,0.9905838,0.00380437
5,5,0.9999484,2.0617099e-05
2,2,0.99952286,0.00028942362
9,9,0.9995702,0.00014373878
4,4,0.9999641,1.5491949e-05
5,5,0.99995816,1.7775666e-05
8,8,0.9998233,9.3677314e-05
4,4,0.99997294,1.2406412e-05
2,2,0.99967587,0.00017226877
9,9,0.9990207,0.0003473942
7,7,0.99954146,0.00028808662
0,0,0.999941,2.5356552e-05
0,0,0.9999982,8.988891e-07
7,7,0.999832,9.55158e-05
5,5,0.9998333,5.1197112e-05
1,1,0.99817526,0.0009391744
1,1,0.9994807,0.00021317616
7,7,0.99932224,0.000380579
6,6,0.99992627,3.4632576e-05
6,6,0.99792033,0.0012814569
6,6,0.9992237,0.00039259339
8,8,0.9970892,0.001818886
2,2,0.9999651,1.3917714e-05
2,2,0.999976,1.3987918e-05
7,7,0.9525181,0.025731063
7,7,0.9996208,0.0002318698
4,4,0.99998283,7.5955068e-06
0,0,0.9999992,3.681077e-07
2,2,0.9998495,6.1685954e-05
4,4,0.9999901,3.550883e-06
2,2,0.8013606,0.049265213
1,1,0.997156,0.0014395519
8,8,0.9994936,0.00022902034
9,9,0.9997784,5.174275e-05
6,6,0.9994036,0.00033676886
1,1,0.9978053,0.0011820772
0,0,0.99999464,2.4722635e-06
5,5,0.9200819,0.0326828
9,9,0.9516716,0.026451025
6,6,0.93358916,0.037139736
9,9,0.99977666,6.307085e-05
8,8,0.8458805,0.061089195
0,0,0.9999566,2.4709307e-05
3,0,0.4373166,0.1458264
0,0,0.9999894,5.4629336e-06
8,8,0.9243914,0.030746061
3,3,0.91861755,0.037480824
9,9,0.9930919,0.0015094895
6,6,0.914317,0.042824287
3,3,0.98013353,0.0070088045
0,0,0.9999941,2.4627811e-06
1,1,0.9980923,0.0009855435
2,2,0.999979,1.0189158e-05
3,3,0.99951136,0.0002937115
4,4,0.99935323,0.00030432345
5,5,0.9982921,0.00089716475
6,6,0.99981606,8.904411e-05
7,7,0.99610615,0.002454788
0,0,0.99991846,4.803935e-05
1,1,0.9993949,0.00025202235
2,2,0.99807155,0.0011136109
3,3,0.9996349,0.00022048622
4,4,0.97829133,0.007098311
5,5,0.99997294,1.4217107e-05
6,6,0.99827033,0.00078166864
7,7,0.99870396,0.0008163521
8,8,0.9999074,3.376208e-05
9,9,0.99944717,0.00013995284
0,0,0.91502076,0.036863204
1,1,0.9994668,0.0002482201
2,2,0.9969099,0.0011383665
3,3,0.9987321,0.0006752844
4,4,0.99982584,9.3336625e-05
5,5,0.9998579,8.038795e-05
6,6,0.9999734,7.973058e-06
7,7,0.9999525,1.9425115e-05
8,8,0.9992565,0.0002538295
5,5,0.9838824,0.0065018744
4,4,0.9999751,8.474866e-06
8,8,0.6054945,0.08137538
7,7,0.9923197,0.0043906188
4,4,0.9999901,3.9561132e-06
7,7,0.99993324,3.7113503e-05
7,7,0.9998373,8.721469e-05
3,3,0.990384,0.0059247944
9,9,0.9993621,0.00018022474
8,8,0.9222457,0.041260142
8,8,0.99993783,2.5920759e-05
3,3,0.9758031,0.012881307
1,1,0.99881077,0.0005641222
5,5,0.9999878,5.8088367e-06
8,8,0.9999372,3.3514014e-05
2,2,0.9991816,0.00026112332
7,7,0.99565345,0.0027337782
4,4,0.9981435,0.000716874
2,2,0.9986204,0.0008350842
1,1,0.97914916,0.010063311
5,5,0.99928796,0.00036691752
4,4,0.9997673,9.303971e-05
5,5,0.9999157,3.7712285e-05
5,5,0.9999771,1.0258687e-05
8,8,0.99787426,0.0011111245
6,6,0.8902836,0.038603652
4,4,0.99992675,3.5342775e-05
4,4,0.9641957,0.00981213
4,4,0.9980211,0.0008539617
1,1,0.9990156,0.00034797707
8,8,0.9998263,8.626195e-05
7,7,0.9772562,0.014345815
5,5,0.99997616,1.0785665e-05
5,5,0.9999838,9.0376125e-06
1,1,0.9960944,0.0019395456
8,8,0.96528786,0.012035101
9,7,0.49943978,0.08782836
1,1,0.99690217,0.0010868032
3,3,0.9859586,0.008170899
6,6,0.9977295,0.0009521019
3,3,0.9945323,0.0033935842
3,3,0.9974014,0.001387354
2,2,0.98969567,0.005846596
2,2,0.99625194,0.0017254485
6,6,0.9894125,0.0032733162
9,9,0.925089,0.035512604
9,9,0.9998417,4.509526e-05
6,6,0.97872066,0.012863219
5,5,0.99855393,0.00059135887
5,5,0.9999625,1.3572133e-05
3,3,0.9996678,0.00017716252
3,3,0.9994112,0.00030074158
8,8,0.99993145,3.6393718e-05
1,1,0.9976903,0.0011234025
6,6,0.70442444,0.07310404
5,5,0.9999647,1.0904823e-05
6,6,0.9998164,6.586911e-05
8,8,0.9367579,0.030563364
1,1,0.9862193,0.0066979206
9,9,0.99992335,2.7311073e-05
7,7,0.99968326,0.00019633347
6,6,0.997145,0.00085104984
8,8,0.9869765,0.005814828
3,3,0.99807894,0.0009438285
7,7,0.99493855,0.0031629212
4,4,0.9967102,0.0019456968
7,7,0.9997112,0.0001804482
0,0,0.9999922,4.1613985e-06
9,9,0.9956312,0.0021231205
0,0,0.9999011,5.4264605e-05
0,0,0.9969633,0.0011733687
3,3,0.99206084,0.004945685
7,7,0.8637161,0.06484926
9,9,0.99821615,0.0005725585
3,3,0.99952257,0.00019157847
0,0,0.99999917,3.8261228e-07
2,2,0.9799759,0.0076149656
0,0,0.9999558,1.9112196e-05
1,1,0.9984555,0.00073472754
0,0,0.9999924,2.7715128e-06
1,1,0.9501829,0.02614316
0,0,0.999681,0.00018614598
4,4,0.99992216,3.558663e-05
0,0,0.99989635,5.996597e-05
1,1,0.9894724,0.005754805
0,0,0.99999636,1.7010237e-06
4,4,0.9998661,5.7145884e-05
7,7,0.9608617,0.024597105
9,9,0.97990894,0.00483952
6,6,0.999527,0.00022387905
2,2,0.9999732,1.3563096e-05
6,6,0.88473475,0.050002348
2,2,0.99981153,6.7299654e-05
2,2,0.99976796,7.7401215e-05
9,9,0.95679826,0.016246691
9,9,0.9784238,0.00855304
0,0,0.99992925,2.9067625e-05
1,1,0.99977046,0.00010064432
2,2,0.999869,4.5705317e-05
3,3,0.9947891,0.0020009882
4,4,0.9997737,0.00010999775
5,5,0.99992675,4.0359457e-05
6,6,0.9998495,5.220686e-05
7,7,0.9994403,0.00035240626
8,8,0.9963937,0.0016857611
9,9,0.9999434,1.769307e-05
0,0,0.9999935,2.8873542e-06
1,1,0.9978266,0.0011187107
2,2,0.9999859,5.15278e-06
3,3,0.9658967,0.014645497
4,4,0.99769574,0.0010731511
5,5,0.9999665,1.7095137e-05
6,6,0.9993847,0.00035173455
7,7,0.9936406,0.0039900905
8,8,0.9124192,0.051278174
9,9,0.9971118,0.0013714392
0,0,0.99998224,7.636834e-06
1,1,0.99929845,0.0003152814
2,2,0.99924743,0.00033817522
3,3,0.9988519,0.0004939922
4,4,0.9998766,5.6253477e-05
5,5,0.9999738,1.2252609e-05
6,6,0.99090004,0.0055334317
7,7,0.9995284,0.00029509384
8,8,0.99497926,0.0030596606
9,9,0.8209411,0.04965646
8,8,0.9997479,0.00015240222
0,0,0.9996918,0.00018470056
5,5,0.99983466,7.263782e-05
6,6,0.9993927,0.00021717884
6,6,0.999903,5.430316e-05
0,0,0.999998,9.119619e-07
8,8,0.99972326,0.0001263185
0,0,0.9999711,1.5317179e-05
2,2,0.99968326,0.00016253619
3,3,0.991789,0.004854451
7,7,0.953045,0.028445434
9,9,0.98723876,0.0041060345
4,4,0.9999712,1.5662768e-05
7,7,0.9984037,0.001005003
1,1,0.999704,0.00013733728
9,9,0.9999584,1.4869055e-05
1,1,0.999592,0.00019639237
7,7,0.9880269,0.0071488335
1,1,0.9993702,0.00027770535
4,4,0.9999297,2.8326922e-05
0,0,0.99975777,0.0001370984
0,0,0.99997663,1.293617e-05
4,4,0.9999424,2.2649121e-05
1,1,0.9987215,0.00053869025
7,7,0.9825326,0.011030019
5,5,0.9999641,1.302708e-05
7,7,0.9993223,0.0004258539
1,1,0.99902266,0.00041805542
3,3,0.99662334,0.0020678525
3,3,0.9904274,0.004499331
3,3,0.9827654,0.0076839887
1,6,0.7398252,0.08635751
6,6,0.99919826,0.0004272495
9,9,0.99977416,9.339423e-05
7,7,0.99937105,0.00039239196
4,4,0.9855833,0.00841526
3,3,0.99466264,0.0027688486
0,0,0.99999905,5.7596185e-07
2,2,0.9999603,1.7313376e-05
5,5,0.9995602,0.00024273685
2,2,0.99996126,2.133643e-05
6,6,0.99090356,0.0055438206
0,0,0.9999979,8.444861e-07
8,8,0.9994575,0.00029431918
9,9,0.9998697,4.5838817e-05
4,4,0.9997533,0.00012717512
3,3,0.99972117,0.0001378225
5,5,0.99997693,9.549985e-06
4,4,0.9999517,1.6722042e-05
8,8,0.99612796,0.0020083147
1,1,0.981438,0.010796539
5,5,0.99997413,1.3365589e-05
9,9,0.99952286,0.00016236193
0,0,0.99999654,1.1294263e-06
6,6,0.9996241,0.00015084511
4,4,0.9999546,2.0164978e-05
3,3,0.96959627,0.015270497
6,6,0.9992059,0.00046240553
3,3,0.9963152,0.001516606
3,3,0.9951353,0.0019000799
8,8,0.99352014,0.0025396878
1,1,0.9898704,0.005597051
4,4,0.9999479,2.4098146e-05
7,7,0.99945086,0.0003419722
5,5,0.99993944,2.728403e-05
7,7,0.9998377,0.00010147174
2,2,0.9990177,0.00044301167
2,2,0.9999691,1.37657025e-05
0,0,0.9999776,1.0200852e-05
0,0,0.9999976,1.1593842e-06
1,1,0.99734366,0.0013017551
7,7,0.9994863,0.0002830679
7,7,0.99971735,0.00012715728
9,9,0.9979749,0.00093617925
5,5,0.99986935,6.493194e-05
9,9,0.9999531,1.3729757e-05
8,8,0.9999674,1.6171809e-05
9,9,0.9994357,0.00019302961
6,6,0.9977972,0.0013638288
8,8,0.9999816,6.844178e-06
8,8,0.9995309,0.00014373375
2,2,0.99998677,5.6139e-06
3,3,0.9999091,2.8113762e-05
6,6,0.99951506,0.00022755086
1,1,0.9997784,0.0001083738
2,2,0.99999934,3.2025292e-07
9,9,0.99992883,2.8567836e-05
8,8,0.99984753,9.259032e-05
9,9,0.99971896,8.407312e-05
5,5,0.99956906,0.00020898106
2,2,0.9822747,0.010436157
6,6,0.99782,0.0009371376
2,2,0.99994993,1.8294679e-05
4,4,0.99993116,3.0017787e-05
8,8,0.9918226,0.0036260032
4,4,0.9998953,5.5478693e-05
6,6,0.99938124,0.00037736006
5,5,0.99405384,0.0023358157
0,0,0.9997867,7.432329e-05
1,1,0.998953,0.000503762
5,5,0.9982985,0.00103162
6,6,0.86845255,0.04417584
7,7,0.99988425,7.247238e-05
8,8,0.99904215,0.0005628951
9,9,0.9996012,0.000128937
0,0,0.9999382,3.3869474e-05
1,1,0.96072245,0.018775484
2,2,0.99961776,0.00020955375
3,3,0.99955404,0.00022637911
4,4,0.8864185,0.045199327
5,5,0.9977703,0.0010392616
6,6,0.9999668,1.44040505e-05
7,7,0.9999032,5.6886092e-05
8,8,0.99963367,0.00022224223
9,9,0.99929583,0.00027532238
0,0,0.9994832,0.00026130182
1,1,0.99952114,0.00017756285
2,2,0.9937681,0.0029350622
3,3,0.99930656,0.0004368055
4,4,0.99993706,2.6750338e-05
5,5,0.999925,3.8016733e-05
6,6,0.99509066,0.0025993295
7,7,0.9993933,0.00021901396
8,8,0.99874514,0.0007702695
9,9,0.91975194,0.026963973
7,7,0.99994963,3.028652e-05
4,4,0.9999612,1.4169203e-05
2,2,0.99934447,0.00023753657
0,0,0.9999987,4.815302e-07
9,9,0.9939294,0.0018025797
0,0,0.9999994,2.2085055e-07
1,1,0.9827099,0.008787673
5,5,0.99998933,3.6765443e-06
8,8,0.99935657,0.0003951712
8,8,0.97951764,0.012931419
0,0,0.999969,1.9109557e-05
2,2,0.99999774,1.144619e-06
7,7,0.9998277,0.00010791023
8,8,0.99751246,0.0015669089
4,4,0.999876,7.211372e-05
4,4,0.9993768,0.00035922523
6,6,0.9999811,7.344034e-06
1,1,0.9960602,0.0019724774
0,0,0.99999905,5.5338353e-07
4,4,0.9999617,1.4796504e-05
5,5,0.99955845,0.00023417594
3,3,0.9967152,0.0010316262
9,9,0.99882126,0.0004447437
4,4,0.99960154,0.00019566382
2,2,0.9994297,0.00031582353
0,0,0.60034007,0.088414244
5,5,0.99999285,3.338399e-06
0,0,0.9999833,9.92794e-06
1,1,0.99932843,0.00027200865
3,3,0.9993302,0.00036616664
2,2,0.99966717,0.00019895157
9,9,0.9965867,0.0012761786
1,8,0.9099207,0.03642977
6,6,0.99995947,1.4760434e-05
0,0,0.9999965,1.5635203e-06
1,1,0.99691457,0.0010550047
1,1,0.99922705,0.00040215589
8,8,0.9969198,0.0019133447
0,0,0.999945,3.3602577e-05
4,4,0.9896916,0.006065487
7,7,0.99888164,0.00070178835
7,7,0.999823,0.0001106226
6,6,0.99999046,4.3768746e-06
3,3,0.9344532,0.038205605
6,6,0.99579275,0.0014832148
0,0,0.99998397,8.309327e-06
7,7,0.99915135,0.00051409926
3,3,0.9998045,0.00012319903
5,5,0.9999889,4.684957e-06
4,4,0.9999713,1.2632807e-05
2,2,0.9999797,1.0721165e-05
4,4,0.9999754,1.0446521e-05
1,1,0.9996375,0.00012978345
8,8,0.9905292,0.0059726057
3,3,0.99861896,0.00069776725
5,5,0.99999315,2.556811e-06
6,6,0.9999922,2.9900577e-06
7,7,0.99864733,0.000853543
0,0,0.9999936,3.0217218e-06
6,6,0.9999973,9.699402e-07
7,7,0.9997554,0.00015371833
1,1,0.9989683,0.00055311865
2,2,0.9998809,4.1625728e-05
5,5,0.9999833,8.889614e-06
8,8,0.99929345,0.0003652653
1,1,0.9996244,0.00012989665
9,9,0.99975365,0.00010699763
3,3,0.99986136,8.357115e-05
8,8,0.85054576,0.06882544
2,2,0.9999617,1.7710548e-05
8,8,0.8826806,0.05782289
7,7,0.9947361,0.0032479886
6,6,0.9999317,3.4978937e-05
7,7,0.99952143,0.00030043014
1,1,0.9984557,0.000558562
4,4,0.999948,2.16808e-05
6,6,0.9999901,4.244696e-06
2,2,0.9983994,0.0008892133
9,9,0.9979862,0.0007562519
3,3,0.9988497,0.00051466224
0,0,0.999992,4.542659e-06
1,1,0.99984777,9.011898e-05
2,2,0.98269147,0.009594997
3,3,0.99981135,9.6062235e-05
4,4,0.9996603,0.0001551078
5,5,0.9997389,0.00014461843
6,6,0.99986905,4.6026755e-05
7,7,0.9997714,8.8803725e-05
0,0,0.9999983,9.609697e-07
1,1,0.9999336,3.325452e-05
2,2,0.9992415,0.00046388502
3,3,0.9997718,0.00012740116
4,4,0.9999423,1.9968564e-05
5,5,0.99990594,4.5260684e-05
0,0,0.99990785,3.9410425e-05
1,1,0.9991325,0.00053073664
2,2,0.99897176,0.0006009929
8,8,0.9119442,0.025319159
9,9,0.9947254,0.0021135428
1,1,0.99940336,0.00035170195
4,4,0.99339694,0.0022813957
0,0,0.9985337,0.00083664217
9,9,0.9871601,0.005555795
5,5,0.9999062,3.6307865e-05
0,0,0.9999582,2.4974715e-05
8,8,0.92296475,0.03436721
0,0,0.9998627,7.8599485e-05
7,7,0.99319446,0.0042955102
7,7,0.99824256,0.0011014288
1,1,0.9996287,0.00019348845
1,1,0.99986947,5.2501542e-05
2,2,0.8782328,0.055666246
9,9,0.9874582,0.0065904176
3,3,0.9997903,0.00013054459
6,6,0.97032946,0.011979907
7,7,0.9997183,0.00017517472
2,2,0.9990765,0.0004047905
3,3,0.99757445,0.0015187168
8,8,0.9996651,0.000107286716
1,1,0.99971807,0.0001442534
2,2,0.97229826,0.01633882
9,9,0.9899696,0.004650763
8,8,0.8659107,0.047233216
8,8,0.9985903,0.00039235782
7,7,0.9999734,1.5730679e-05
1,1,0.9982756,0.0010763945
7,7,0.99980414,9.235871e-05
1,1,0.9996933,0.00015990763
1,1,0.99893415,0.0006604287
0,0,0.9999965,1.9954077e-06
3,3,0.99978477,0.00013110116
4,4,0.9998654,3.884304e-05
2,2,0.9941942,0.0024695212
6,6,0.9998125,6.656211e-05
4,4,0.9737927,0.010647221
7,7,0.99597615,0.0018521752
4,4,0.9956583,0.0015642343
2,2,0.9977087,0.0013671875
7,7,0.99806273,0.001220424
4,4,0.9878769,0.006228362
9,9,0.9994357,0.00024234604
1,1,0.9987647,0.00066737185
0,0,0.99993896,3.1224692e-05
6,6,0.9999727,9.0297e-06
8,8,0.9275769,0.027785901
5,5,0.99998933,4.0253326e-06
5,5,0.99992067,3.4094137e-05
5,5,0.9999256,4.3378695e-05
3,3,0.8828327,0.055810582
5,5,0.9978665,0.0008807088
9,9,0.9851716,0.006960922
7,7,0.9997941,0.00012878762
4,4,0.9995365,0.0001587857
8,8,0.9996678,0.00011595001
5,5,0.99996585,1.4343663e-05
9,9,0.9980418,0.0005756755
6,6,0.9888917,0.0050842944
9,9,0.9990943,0.0002656037
3,3,0.9931968,0.003913761
0,0,0.99998486,8.604182e-06
3,3,0.999698,0.00018578788
8,8,0.7205298,0.086201474
9,9,0.9993144,0.00032528632
1,1,0.9960167,0.0024612278
8,8,0.9999398,3.200502e-05
1,1,0.9991627,0.00049630133
6,6,0.9996606,0.00014995107
0,0,0.99998313,9.97947e-06
0,0,0.9994367,0.0001728405
1,1,0.99280053,0.0031917784
2,2,0.96060836,0.01989621
3,3,0.98811865,0.0064808438
4,4,0.9989451,0.00031572257
5,5,0.999951,2.256496e-05
6,6,0.99850476,0.0005930913
7,7,0.8688847,0.06403319
8,8,0.93987525,0.025030252
9,9,0.9999917,2.576975e-06
0,0,0.999942,3.4348872e-05
1,1,0.9996363,0.00020879002
2,2,0.98050296,0.009620473
3,3,0.9992822,0.00036800173
4,4,0.9998565,4.8044094e-05
5,5,0.72960633,0.06457111
6,6,0.9999973,1.2933837e-06
7,7,0.9870888,0.0053301007
8,8,0.9940275,0.0028061513
9,9,0.9999692,1.0303994e-05
0,0,0.99882305,0.00036632473
1,1,0.9993191,0.00027515212
2,2,0.98872393,0.006657661
3,3,0.9922055,0.0034814358
4,4,0.99586916,0.0013370647
5,5,0.9999522,2.8230783e-05
6,6,0.99772567,0.0010002963
7,7,0.6193682,0.08502437
8,8,0.9940957,0.002396658
9,9,0.9999725,9.63061e-06
3,5,0.5688238,0.0661269
5,5,0.99984664,7.941632e-05
3,3,0.9956328,0.0021684826
2,2,0.965213,0.012948699
9,9,0.99995804,1.5432852e-05
3,3,0.9838432,0.0073141167
2,2,0.99272346,0.0042947736
1,1,0.999846,7.4572556e-05
4,4,0.99872094,0.00030384513
5,5,0.99998057,8.981852e-06
5,5,0.9993062,0.00021255102
2,2,0.7441387,0.07488416
3,3,0.9986559,0.0006190411
2,2,0.99844325,0.0007582678
1,1,0.9997918,8.638401e-05
3,3,0.9998293,6.850944e-05
9,9,0.9996956,0.00010301675
7,7,0.9997014,0.000105955216
2,2,0.9960079,0.0019964327
1,5,0.5034412,0.07478001
2,2,0.95360625,0.023338486
8,8,0.8505189,0.052287918
9,9,0.9998838,3.8495717e-05
1,1,0.9855019,0.009059646
8,8,0.9921053,0.002731117
8,8,0.99865836,0.00065009634
7,7,0.9786701,0.008247246
8,8,0.99977934,9.8705525e-05
1,1,0.99983215,7.771978e-05
0,0,0.99998033,7.998064e-06
0,0,0.87877494,0.06150257
7,7,0.8653137,0.059743404
7,7,0.66560805,0.09602976
8,8,0.9939567,0.003666214
7,7,0.99989253,5.81798e-05
5,5,0.99997455,1.3108502e-05
0,0,0.9999992,4.0753895e-07
6,6,0.99851596,0.0006728614
1,1,0.9985466,0.0007056765
5,5,0.99966514,0.0001492031
7,7,0.9988902,0.00041101952
4,4,0.99996775,8.559271e-06
6,6,0.9964439,0.0020390863
1,1,0.99962556,0.00017720376
2,2,0.9547089,0.023345958
5,5,0.9999617,1.5559513e-05
0,0,0.99999,4.4379926e-06
7,7,0.9943366,0.0027220882
9,9,0.99996156,1.040611e-05
9,9,0.9998172,6.181265e-05
0,0,0.9996139,0.00016051432
3,3,0.9410446,0.024537522
8,8,0.9863909,0.008378251
4,7,0.3994079,0.09998639
4,4,0.91985834,0.02120162
8,8,0.9799754,0.011102681
1,1,0.99982774,8.4730826e-05
8,8,0.9878851,0.005255136
6,6,0.9947416,0.0031233875
5,5,0.9999625,1.3547751e-05
9,9,0.9998814,5.1832518e-05
0,0,0.9999949,2.9275502e-06
0,0,0.99997157,1.2978553e-05
0,0,0.99999505,2.514957e-06
3,3,0.9402777,0.021768682
7,7,0.8807929,0.05012281
1,1,0.99967766,0.0001745758
6,6,0.9979781,0.00086220045
4,4,0.99871147,0.00030149362
2,2,0.9996355,0.00018147407
6,6,0.9992221,0.00044565965
6,6,0.99995995,1.8985691e-05
0,0,0.99715245,0.0008977032
4,4,0.9996332,0.00014056877
5,5,0.99998873,5.2842856e-06
4,4,0.99913615,0.0002325003
1,1,0.9998441,7.3277595e-05
3,3,0.999671,0.00017718865
8,8,0.9969617,0.0016431583
6,6,0.9999245,2.74122e-05
3,3,0.9981039,0.0010549501
9,9,0.99954545,0.00019549826
9,9,0.9999107,1.6664764e-05
5,5,0.99891484,0.00046423907
9,9,0.9999558,2.225819e-05
3,3,0.9978835,0.0013151704
7,7,0.99858963,0.00079533196
8,8,0.96486014,0.022144957
5,5,0.999959,1.791164e-05
6,6,0.9987461,0.00045743055
4,4,0.99993104,1.6818409e-05
7,7,0.99767387,0.00086731056
6,6,0.9924489,0.0046405136
2,2,0.997677,0.0013860671
2,2,0.9980463,0.00085226854
0,0,0.99639827,0.0017488882
9,9,0.865764,0.035305105
4,4,0.9914687,0.0025445106
0,0,0.99997294,1.37519555e-05
1,1,0.9994985,0.00026297156
2,2,0.9999914,2.9046978e-06
3,3,0.99753475,0.001514549
4,4,0.9998701,5.029557e-05
5,5,0.9999301,3.2648717e-05
6,6,0.99847525,0.00041439378
7,7,0.99985677,6.590395e-05
8,8,0.99977285,0.00013962245
9,9,0.9872405,0.0032455467
0,0,0.953606,0.026362732
1,1,0.9974432,0.00092775206
2,2,0.9999471,2.9705898e-05
3,2,0.41437116,0.108438864
5,5,0.9148501,0.04620964
6,6,0.8141643,0.07180609
0,0,0.94880474,0.031458557
1,1,0.9992329,0.00035894598
2,2,0.99990684,3.633317e-05
3,3,0.99691325,0.0012863057
4,4,0.9998358,8.394618e-05
5,5,0.9996313,0.00018142174
6,6,0.99856174,0.00060641504
8,8,0.99998987,5.6622157e-06
7,7,0.8595309,0.06053085
1,1,0.9940847,0.0026653926
3,3,0.9978552,0.0013115823
2,2,0.9997776,0.000106025545
8,5,0.8428701,0.045709345
0,0,0.9950884,0.0029942226
7,7,0.9985727,0.0008925622
5,5,0.99896985,0.0004965563
9,9,0.99647045,0.0012597176
9,9,0.9731711,0.008844992
6,6,0.99998677,5.953252e-06
0,0,0.9996106,0.00021479392
9,7,0.5726044,0.08399277
4,4,0.99997824,7.2566827e-06
1,1,0.9952949,0.002417142
3,3,0.990769,0.005657624
2,2,0.999949,2.491529e-05
1,1,0.9968499,0.001660153
2,2,0.99998873,3.905205e-06
3,3,0.9963438,0.002240065
8,8,0.99990475,5.122e-05
3,3,0.99921674,0.00049171096
2,2,0.9999965,1.27967e-06
6,6,0.9997783,6.06174e-05
5,5,0.9998228,6.274981e-05
6,6,0.99876946,0.00041815307
8,8,0.65497875,0.086597666
2,2,0.99999464,3.1498935e-06
7,7,0.988921,0.0055444026
4,4,0.99997866,1.05568115e-05
8,8,0.9886755,0.0052171038
1,1,0.9972699,0.0012035307
8,8,0.99994946,2.8903369e-05
0,0,0.9991104,0.00044705142
5,5,0.999444,0.00020131895
3,3,0.9994976,0.0003044801
9,9,0.9995947,0.00017310597
4,4,0.99901265,0.0003661178
1,1,0.9992136,0.0004663208
9,9,0.9826811,0.0069995993
2,2,0.9999676,1.4633959e-05
1,1,0.9940125,0.0032892898
9,9,0.9992364,0.00028578375
6,6,0.99999,4.7370654e-06
7,7,0.9993881,0.00038641255
9,9,0.99972117,8.269858e-05
0,0,0.99999267,2.7067777e-06
4,4,0.9999875,6.007844e-06
6,6,0.99989873,3.0235533e-05
1,1,0.997794,0.0008523214
7,7,0.99983484,0.00010265218
3,3,0.9999731,1.2196954e-05
8,8,0.9972022,0.0016750958
7,7,0.9998702,7.894812e-05
2,2,0.99774295,0.0013870895
9,9,0.97122985,0.0114163775
6,6,0.9104317,0.032178022
5,5,0.9995972,0.00019409331
8,8,0.99998504,7.4343725e-06
3,3,0.99600506,0.0024053273
9,9,0.999863,2.5139521e-05
0,0,0.999951,2.7335516e-05
5,5,0.9999695,1.4165848e-05
7,7,0.99960405,0.00024842407
1,1,0.99846685,0.000750105
6,6,0.99968636,0.00015585792
1,1,0.99837,0.0007463489
0,0,0.9998045,0.00010921862
9,9,0.9997803,7.9384234e-05
3,3,0.99970734,8.209797e-05
3,3,0.9991822,0.00034223788
4,4,0.9998745,4.649984e-05
4,4,0.9999545,1.8473656e-05
0,0,0.9995534,0.00021341667
6,6,0.99984014,6.663905e-05
2,2,0.9999641,2.245828e-05
5,5,0.998826,0.0005137087
4,4,0.99992466,3.4073433e-05
2,2,0.9997875,0.00012655188
3,3,0.8777944,0.058577396
4,4,0.99995434,1.6432046e-05
6,6,0.99935216,0.00029632117
0,0,0.9995388,0.0001359437
0,0,0.9973089,0.0015549458
2,2,0.999986,8.053312e-06
0,0,0.99739,0.0014064315
1,1,0.9448596,0.034664582
4,4,0.99454653,0.0022288456
5,5,0.9916646,0.003571619
6,6,0.9999857,7.0200235e-06
7,9,0.4817988,0.09879032
8,8,0.9995899,0.00025730385
9,9,0.9994308,0.00016871044
0,0,0.9993995,0.00019983943
1,1,0.99964416,0.000165656
2,2,0.99951583,0.00026014933
3,3,0.94116557,0.017952971
4,7,0.59130776,0.095589176
5,5,0.9984619,0.0008161734
6,6,0.9999324,3.360875e-05
7,7,0.9770163,0.011654759
8,8,0.9997533,0.00015018095
0,0,0.99995005,2.7007496e-05
1,1,0.99586236,0.0015090095
2,2,0.99951935,0.00024240508
3,3,0.99984056,8.5215455e-05
4,4,0.99985236,5.7911027e-05
5,5,0.9999343,2.7256372e-05
6,6,0.9984145,0.0009824752
7,7,0.95565,0.018743921
8,8,0.99904144,0.0005661611
9,9,0.9998323,7.884602e-05
8,8,0.95178956,0.020881552
7,7,0.8006253,0.07545699
1,1,0.99978447,0.00012990457
3,3,0.99993116,3.4883615e-05
7,7,0.9980338,0.0012354024
5,5,0.9420921,0.023340125
2,2,0.9998722,6.524743e-05
8,8,0.9992994,0.00042432602
0,0,0.9997238,0.00015175124
7,7,0.9979397,0.0012676959
5,5,0.8281706,0.04800215
9,9,0.8923901,0.040439587
9,9,0.99944174,0.00018894309
0,0,0.9991598,0.00043911333
9,9,0.98041975,0.007447685
1,1,0.9997884,8.15385e-05
1,1,0.99727565,0.0017101921
5,5,0.8729026,0.030130506
8,8,0.99981815,7.9920486e-05
8,8,0.9985102,0.00066564005
6,6,0.5321436,0.08460027
3,3,0.9977144,0.0012850874
2,2,0.9998509,6.855778e-05
1,1,0.9995905,0.00024822683
8,8,0.9990786,0.0004600919
3,3,0.72118753,0.07494361
2,2,0.993853,0.0037462339
6,6,0.99999505,2.4641154e-06
5,5,0.99862653,0.0006652451
6,6,0.99647844,0.002120927
7,0,0.6851819,0.095485136
4,0,0.62354004,0.10356442
1,1,0.99956894,0.0002538688
0,0,0.9888937,0.005779569
5,5,0.752885,0.06929888
3,3,0.99996024,1.5448253e-05
1,1,0.9996603,0.0001700492
9,9,0.9999077,3.9024224e-05
2,2,0.99960625,0.00015439307
1,1,0.99963605,0.00021151251
9,9,0.9608701,0.01390147
6,6,0.9998461,5.712331e-05
0,0,0.999098,0.00037296274
4,4,0.9999421,2.5216645e-05
6,6,0.99995375,2.6703352e-05
1,1,0.99725723,0.0015399716
7,7,0.9991313,0.00040617856
3,3,0.9824513,0.008563442
8,8,0.9997107,0.00018134076
7,7,0.9189049,0.041389167
2,2,0.9967489,0.0017355613
9,9,0.9995257,0.00013748152
6,6,0.9950573,0.002934747
5,5,0.99789155,0.0010364933
8,8,0.9916676,0.005154766
3,3,0.96947813,0.014246334
5,3,0.4886504,0.07814814
7,7,0.958687,0.020631311
1,1,0.99876994,0.0007324612
6,6,0.7605256,0.07359521
1,1,0.9996942,0.00012730483
0,0,0.97933257,0.008675543
9,9,0.99988717,3.320088e-05
6,6,0.9998822,6.9897804e-05
2,2,0.75353897,0.07537235
5,5,0.8538861,0.057877976
4,4,0.99992335,2.4440498e-05
2,2,0.91759557,0.039523162
3,3,0.9999735,1.2196778e-05
4,4,0.534593,0.07085135
4,4,0.99982846,5.475629e-05
6,6,0.9989394,0.00044617354
0,0,0.999987,7.9031615e-06
0,0,0.9999973,1.1902083e-06
2,2,0.9998124,8.708531e-05
0,0,0.99985397,7.665029e-05
1,1,0.9992267,0.00031202822
2,2,0.9190922,0.03997629
3,3,0.91156006,0.036105707
4,9,0.7367592,0.058425825
5,5,0.7830554,0.06276135
6,6,0.9985337,0.0006761976
7,7,0.91977435,0.04971475
8,8,0.99761564,0.0013758072
9,9,0.9999936,1.5830676e-06
0,0,0.999973,1.5271065e-05
1,1,0.99752486,0.0010874284
2,2,0.93611157,0.025524717
3,3,0.82536495,0.058556817
4,4,0.9986595,0.00047929282
5,5,0.9997789,9.042436e-05
6,6,0.9998013,7.9661615e-05
7,7,0.99925727,0.0003886053
8,8,0.96325827,0.022430604
9,9,0.9998781,4.5463246e-05
0,0,0.9999011,5.4533117e-05
1,1,0.998563,0.000609387
2,2,0.9999927,3.790449e-06
3,8,0.72349423,0.071715444
4,4,0.99989617,3.6160003e-05
5,5,0.99900115,0.00044052768
6,6,0.9998067,6.6537665e-05
7,7,0.9543794,0.0277379
8,8,0.99915516,0.00028919426
9,9,0.9874261,0.0047546998
8,8,0.9998064,8.394903e-05
6,6,0.94216216,0.032137327
5,5,0.97052526,0.012846862
0,0,0.9999073,5.79811e-05
6,6,0.9960057,0.0018932985
8,8,0.9999372,3.2242748e-05
9,9,0.99999315,2.1815156e-06
4,4,0.9868711,0.004564671
1,1,0.9990326,0.00041658315
9,9,0.99997795,6.608517e-06
5,5,0.5850072,0.06961015
3,8,0.64572835,0.075333506
0,0,0.9968351,0.0019841355
4,4,0.9748095,0.008658873
8,8,0.9974922,0.0015158289
9,9,0.9999797,5.334116e-06
1,1,0.99930465,0.00026743018
4,4,0.9915675,0.0031159858
0,0,0.9978096,0.0013757929
5,5,0.61432666,0.063339934
5,5,0.71482575,0.06452318
2,2,0.94409215,0.033278562
1,1,0.99690914,0.0013279797
5,5,0.9919626,0.003671705
4,4,0.79104483,0.059472136
0,0,0.99789774,0.0013152871
7,7,0.99898356,0.000617151
6,6,0.99810314,0.0010229663
0,0,0.99662817,0.0021299177
1,1,0.9990269,0.00043740746
7,7,0.9774445,0.01366955
0,0,0.9998639,8.282282e-05
6,6,0.99941474,0.00020044777
8,8,0.99999,4.2014517e-06
9,9,0.85098046,0.06232605
5,5,0.619789,0.06868967
1,1,0.9994626,0.00025474155
7,7,0.9999687,1.245706e-05
9,9,0.9996333,9.4375304e-05
8,8,0.9998627,8.2909755e-05
6,6,0.9487325,0.02233151
0,0,0.9467143,0.033686534
8,8,0.9987664,0.0007075869
1,1,0.99503005,0.0021858674
7,7,0.99705774,0.0014745289
7,7,0.9937493,0.0035858178
1,1,0.99675524,0.0013671932
3,3,0.6835438,0.07047647
2,2,0.9999649,1.830622e-05
3,3,0.5097424,0.10257922
1,1,0.9990389,0.00043582256
4,4,0.9994097,0.00022095197
2,2,0.9999921,4.1320677e-06
0,0,0.9976446,0.0009453765
0,0,0.9999005,5.9131118e-05
7,7,0.99796104,0.0012880156
8,8,0.99998415,7.4661452e-06
4,4,0.9886812,0.0036580288
6,6,0.9930847,0.0030151983
4,4,0.994942,0.0021951878
9,9,0.9999688,9.142763e-06
3,3,0.39274555,0.09310403
8,8,0.9828143,0.010176668
4,4,0.9986526,0.00046401113
7,7,0.84406745,0.050524987
2,2,0.9651082,0.0150082465
5,5,0.8751484,0.04711898
6,6,0.9714345,0.016278282
3,3,0.8431994,0.064485766
6,6,0.9915682,0.004861626
9,9,0.99999064,4.7056355e-06
6,6,0.98734653,0.006491784
3,3,0.93640745,0.021115925
2,0,0.587921,0.087554075
2,2,0.99996966,1.8517398e-05
4,4,0.93414134,0.023886593
6,6,0.9668175,0.013621129
9,9,0.9999647,1.0801287e-05
0,0,0.99499834,0.0031420502
2,2,0.99992704,3.775667e-05
5,5,0.8980333,0.05468623
5,5,0.99935186,0.0003471684
1,1,0.9993979,0.00023888805
3,9,0.5698549,0.08461095
3,3,0.7852792,0.065986656
9,9,0.99998,7.451746e-06
7,7,0.9946532,0.003334739
8,8,0.978555,0.0075437883
7,7,0.99919873,0.00044817835
2,2,0.95434713,0.02366225
2,2,0.99989176,6.214509e-05
5,5,0.85056126,0.05574709
7,7,0.9784063,0.0134658795
9,9,0.9999773,6.0356383e-06
8,8,0.99605143,0.0018560663
2,2,0.969067,0.012218775
1,1,0.9987499,0.00070602377
3,9,0.5195333,0.11321197
1,1,0.9994725,0.00028828077
3,3,0.94112587,0.030974234
0,0,0.99999964,1.2533198e-07
1,1,0.99861175,0.00078690116
2,2,0.937809,0.03116788
3,3,0.89177513,0.035048474
4,4,0.99983215,6.925748e-05
5,5,0.9998619,8.3752646e-05
6,6,0.9999693,1.48966155e-05
7,7,0.9999569,2.6028105e-05
8,8,0.9996279,0.00018311918
9,9,0.9940046,0.0033685334
0,0,0.99995536,2.5360136e-05
1,1,0.99926007,0.0003635367
2,2,0.99174356,0.0033188951
3,3,0.93100387,0.036656126
4,4,0.99857724,0.0006285739
5,5,0.9997848,0.000102910875
6,6,0.99992955,2.5859274e-05
7,7,0.99997675,1.1770105e-05
8,8,0.98322105,0.009089331
9,9,0.99029386,0.0031891812
0,0,0.9999973,1.1001628e-06
1,1,0.99819577,0.0010472996
2,2,0.9906532,0.0037006945
3,3,0.99392635,0.0027907696
4,4,0.9998487,7.3624804e-05
5,5,0.92468655,0.032992147
6,6,0.99999523,2.3361383e-06
7,7,0.9998822,7.352907e-05
8,8,0.9999776,7.553793e-06
9,9,0.8978856,0.04131679
1,1,0.99947727,0.00027191322
2,2,0.87595356,0.04577938
6,6,0.9999571,1.8343422e-05
5,5,0.9998621,7.478355e-05
3,3,0.9893239,0.0065301447
0,0,0.99999875,6.9342417e-07
7,7,0.99926156,0.00031649187
0,0,0.99999726,1.3104059e-06
4,4,0.9995201,0.00027772965
1,1,0.95577556,0.023486512
4,4,0.99996156,1.6887356e-05
3,3,0.99888694,0.00067491474
6,6,0.9999819,7.911825e-06
7,7,0.99631464,0.0020103236
2,2,0.9530872,0.02844249
3,3,0.9921834,0.004757401
1,1,0.9971155,0.0012036002
2,2,0.9991139,0.00023409488
1,1,0.999612,0.00016165359
2,2,0.99130565,0.0037576973
9,9,0.9972226,0.0009403716
6,6,0.9998336,7.283344e-05
0,0,0.99999905,4.700168e-07
1,1,0.99871385,0.0005043139
3,3,0.99946356,0.0003277551
0,0,0.9999908,4.9119326e-06
2,2,0.9789494,0.011686763
7,7,0.99983454,0.00010402054
5,5,0.999739,9.873622e-05
7,7,0.9957302,0.0025941934
6,6,0.99999475,2.2275458e-06
2,2,0.9995635,0.00021898032
9,9,0.9994709,0.00020657873
1,1,0.99962246,0.0002052874
9,9,0.9998433,7.009397e-05
0,0,0.99999315,3.5149037e-06
6,6,0.99993247,2.461585e-05
0,0,0.9999965,1.3704097e-06
6,6,0.9999744,9.561613e-06
0,0,0.9999989,4.6292698e-07
2,2,0.9986771,0.0006280692
0,0,0.9999994,3.327783e-07
6,6,0.9992577,0.0004551163
1,1,0.9984258,0.0009021059
5,5,0.99997413,1.01363075e-05
8,8,0.9998272,7.828278e-05
4,4,0.99991024,4.086744e-05
3,3,0.9113099,0.04663931
0,0,0.9999989,5.1817676e-07
1,1,0.99928224,0.00038606074
5,5,0.9998986,4.2120744e-05
4,4,0.99998313,6.8305153e-06
4,4,0.9995464,0.0002766117
8,8,0.99998,9.432684e-06
5,5,0.99909675,0.0005005922
7,7,0.9998956,5.7858088e-05
5,5,0.99998075,8.720502e-06
7,7,0.99301636,0.004349251
8,8,0.999982,8.010506e-06
3,3,0.9976468,0.001457908
4,4,0.9999677,1.603944e-05
8,8,0.99988776,4.115039e-05
8,8,0.99996454,1.6151684e-05
5,5,0.99999607,1.7496301e-06
2,2,0.99974185,0.00013331186
9,9,0.9948305,0.0016089784
7,7,0.99284106,0.0030685957
1,1,0.999757,0.000117378855
3,3,0.97091377,0.009501638
8,8,0.9982036,0.0006201353
1,1,0.99915963,0.0004976733
0,0,0.999998,9.568e-07
7,7,0.9999784,1.0935158e-05
5,5,0.99929,0.0003470032
9,9,0.5767514,0.07614823
6,6,0.9999749,1.1154401e-05
9,9,0.980309,0.0093101235
4,4,0.9999566,1.8120581e-05
7,7,0.99982566,9.503274e-05
7,7,0.9999114,5.383995e-05
9,9,0.90829355,0.028323451
9,9,0.81074923,0.05241547
3,5,0.80621684,0.058897484
4,4,0.9999709,1.4426722e-05
4,4,0.9997994,9.728924e-05
3,3,0.99666786,0.0020725243
8,8,0.9986429,0.0005158383
6,6,0.9987127,0.0007965537
2,2,0.9419305,0.03311658
0,0,0.99998844,4.694636e-06
1,1,0.9983878,0.00059785077
2,2,0.9999406,2.0841744e-05
3,3,0.9995303,0.0002922002
4,4,0.9999825,6.924478e-06
5,5,0.99998415,9.216636e-06
6,6,0.999946,1.7285089e-05
7,7,0.99986255,4.9078157e-05
8,8,0.9944891,0.003470506
9,9,0.999993,1.8857615e-06
0,0,0.99999523,2.2459303e-06
1,1,0.9987148,0.0006057023
2,2,0.9999903,3.2808643e-06
3,3,0.999323,0.0003127355
4,4,0.9998657,6.839036e-05
5,5,0.99998343,8.200748e-06
6,6,0.9999758,9.410293e-06
7,7,0.99994594,3.17991e-05
8,8,0.999129,0.0005463111
9,9,0.9999,3.674675e-05
0,0,0.9999978,1.3082072e-06
1,1,0.9960133,0.0022938324
2,2,0.9999973,1.1398814e-06
3,3,0.99705327,0.0012214527
4,4,0.9999428,3.3432658e-05
5,5,0.99996376,2.0684814e-05
6,6,0.9997543,0.00014031396
7,7,0.9997381,0.000115071845
8,8,0.9995073,0.00030339148
9,9,0.9998809,3.3913435e-05
0,0,0.9999641,2.1982403e-05
8,8,0.97954047,0.012923742
3,3,0.9988348,0.00065599487
9,9,0.9998274,5.8637303e-05
5,5,0.99933594,0.0003544186
5,5,0.999996,1.7769293e-06
2,2,0.9999816,5.7817992e-06
6,6,0.9999037,3.614655e-05
8,8,0.99962485,0.00023472976
4,4,0.99987316,6.8215224e-05
9,9,0.99994946,1.546499e-05
1,1,0.9990838,0.00045875664
7,7,0.9994221,0.0003553194
1,1,0.9993518,0.00023203056
2,2,0.9998385,5.6878594e-05
3,3,0.9955403,0.0026924429
5,5,0.98880184,0.006644713
9,9,0.9993126,0.00031490487
6,6,0.99986136,4.816553e-05
9,9,0.99994105,1.6468523e-05
1,1,0.99906856,0.00037317607
1,1,0.99768335,0.00077450863
1,1,0.99962026,0.00020030879
2,2,0.99968225,0.00018974787
9,9,0.9931699,0.003274057
5,5,0.99993885,3.7452173e-05
6,6,0.99689054,0.0011400841
8,8,0.9014956,0.049520455
1,1,0.9994418,0.00021799367
2,2,0.99999446,3.0708281e-06
0,0,0.9995901,0.00019800248
7,7,0.98871535,0.0044584856
7,7,0.85147464,0.0476541
5,5,0.99965274,0.00018518674
8,8,0.9982154,0.001017755
2,2,0.99996775,1.17141635e-05
9,9,0.99986327,4.958017e-05
8,8,0.9982058,0.0011118377
9,9,0.98770285,0.0062151863
0,0,0.9999674,1.6272517e-05
4,4,0.99998426,6.7717992e-06
6,6,0.9986925,0.00040381
7,7,0.99997044,1.7219374e-05
1,1,0.9996022,0.00014951048
3,3,0.99660414,0.0013350439
4,4,0.9999696,1.3905362e-05
5,5,0.9999752,9.467909e-06
6,6,0.99997294,1.0632919e-05
0,0,0.9999962,2.1009998e-06
3,3,0.9905688,0.0041962187
6,6,0.99991274,2.6497033e-05
8,8,0.9934514,0.0040655816
7,7,0.9943859,0.0033886514
0,0,0.9999975,8.862065e-07
4,4,0.9999596,1.9171597e-05
2,2,0.9999913,4.8619736e-06
7,7,0.99988365,6.9607e-05
4,4,0.999925,3.742832e-05
7,7,0.9973652,0.0009465067
5,5,0.9983066,0.0010374
4,4,0.9999358,3.3581084e-05
3,3,0.99817884,0.00096909347
4,4,0.9996125,0.00019678354
2,2,0.99990666,3.41337e-05
8,8,0.9995514,0.00026499273
1,1,0.99938583,0.0003112219
5,5,0.9999925,3.292982e-06
1,1,0.9978565,0.00097158336
2,2,0.908068,0.050445765
0,0,0.9999981,7.812984e-07
2,2,0.9996212,0.00013844605
5,5,0.9999854,6.828713e-06
6,6,0.9994815,0.00026695407
4,4,0.9999738,1.1978804e-05
3,3,0.99971306,0.00017912191
0,0,0.99999857,7.736036e-07
0,0,0.9999889,6.220779e-06
0,0,0.9999968,1.808028e-06
3,3,0.99653894,0.0019954497
3,3,0.9948602,0.002265396
5,5,0.9999874,6.3024477e-06
7,7,0.9993788,0.00038093646
0,0,0.9999916,4.474058e-06
6,6,0.99909335,0.00035386844
4,4,0.99998105,9.209818e-06
8,8,0.99992657,4.5063516e-05
8,8,0.99192345,0.0050560017
6,6,0.9916547,0.00472957
3,3,0.9983946,0.00093261694
4,4,0.99984914,8.445648e-05
6,6,0.99969995,0.00013522139
9,9,0.99900115,0.0004141042
9,9,0.9924161,0.003031889
8,8,0.9993843,0.0003846294
2,2,0.9957501,0.0014079678
7,7,0.99852216,0.00091776514
7,7,0.9998101,0.00011782142
1,1,0.9948486,0.0023636767
0,0,0.9999954,2.5797412e-06
1,1,0.99248636,0.0035637715
2,2,0.99905264,0.00053553947
3,3,0.99420583,0.0033287979
4,4,0.99994123,3.0173755e-05
5,5,0.9999223,2.8880935e-05
6,6,0.999833,6.915044e-05
7,7,0.9998698,7.2678304e-05
8,8,0.9999487,2.4218221e-05
9,9,0.9999691,9.036849e-06
0,0,0.999997,1.4074669e-06
1,1,0.9982942,0.0008371398
2,2,0.9999981,1.0848318e-06
3,3,0.9984873,0.0006233599
4,4,0.99754155,0.0010966274
5,5,0.999699,0.00017106463
6,6,0.99998236,6.9560024e-06
7,7,0.9987241,0.00075502385
8,8,0.99993104,2.9814799e-05
0,0,0.99998677,6.052078e-06
1,1,0.99846727,0.000794915
2,2,0.99992526,4.4446762e-05
3,3,0.9996015,0.00013148977
4,4,0.99981576,8.603356e-05
5,5,0.9998404,6.9831774e-05
6,6,0.99978083,9.027969e-05
7,7,0.99979573,0.0001250167
8,8,0.999856,8.79622e-05
2,2,0.9938865,0.0038613982
1,1,0.99983966,6.411161e-05
7,7,0.9999713,1.6578784e-05
2,2,0.9999429,2.5856183e-05
5,5,0.9999855,5.8123715e-06
0,0,0.9998847,5.5190565e-05
8,8,0.97738016,0.013577608
0,0,0.9934848,0.0034448102
2,2,0.9999172,4.7198468e-05
7,7,0.9999854,6.422267e-06
8,8,0.98075914,0.009370686
8,8,0.99899703,0.00047557274
3,3,0.8994036,0.05892713
6,6,0.9999484,2.0501171e-05
0,0,0.99993074,3.6014375e-05
2,2,0.9949955,0.0017536901
7,7,0.99920255,0.0003401989
6,6,0.9999755,9.047428e-06
6,6,0.9999918,4.816649e-06
1,1,0.9992806,0.00032770593
2,2,0.99964446,0.00021499398
8,8,0.993553,0.0039384374
8,8,0.8751095,0.045939106
7,7,0.9996724,0.0001531898
7,7,0.9997486,0.00015817201
4,4,0.9999736,1.3279639e-05
7,7,0.9997905,8.225164e-05
7,7,0.99989015,5.8896305e-05
3,3,0.9988944,0.00068554946
7,7,0.99995506,2.7105969e-05
4,4,0.9998148,6.817765e-05
5,5,0.99996805,1.5603766e-05
4,4,0.9998107,9.917838e-05
3,3,0.9798382,0.010232845
3,3,0.99979293,0.00012774553
8,8,0.99893916,0.0006441848
4,4,0.9984706,0.0008009241
1,1,0.9996315,0.0001904983
1,1,0.99984634,7.855197e-05
9,9,0.9998661,5.7249814e-05
7,7,0.9970522,0.0018332461
4,4,0.99973357,0.0001042385
3,3,0.9995884,0.00024789255
7,7,0.9999673,1.3941797e-05
3,3,0.99901724,0.00033093727
3,3,0.99916154,0.0005270144
0,0,0.9994971,0.00031152013
2,2,0.99677527,0.0019384762
5,5,0.9999194,3.735579e-05
5,5,0.99781513,0.0012472456
6,6,0.99976337,8.323447e-05
6,6,0.99958336,0.00018080541
3,3,0.7733655,0.067823194
5,5,0.8923445,0.036992274
2,2,0.8697435,0.06261137
5,5,0.62371504,0.08950116
9,9,0.99986714,5.443719e-05
9,9,0.9998723,3.5767436e-05
8,8,0.9997238,0.0001678692
4,4,0.99996966,8.589337e-06
1,1,0.99947786,0.00030340056
0,0,0.9986536,0.0008449927
6,6,0.9934081,0.0030131638
0,0,0.62630683,0.10702945
9,9,0.9999131,2.9404904e-05
6,6,0.9515435,0.025860269
8,8,0.99979246,8.303855e-05
8,8,0.99966687,0.00016874925
5,5,0.9998766,6.503168e-05
6,6,0.9928813,0.002945371
1,1,0.9996249,0.00014431853
1,1,0.9993884,0.00027117567
9,9,0.99986756,4.134162e-05
8,8,0.9995,0.0003015897
9,9,0.99978685,6.3801715e-05
2,2,0.9999385,1.8589188e-05
3,3,0.9998382,8.359981e-05
5,5,0.9999725,1.2367006e-05
5,5,0.9999563,2.1497948e-05
9,9,0.9471946,0.014975883
4,4,0.99938595,0.00017704806
2,2,0.98875916,0.0069507496
1,1,0.9992832,0.00041223704
9,9,0.999942,2.7670747e-05
3,2,0.5488363,0.049557645
9,9,0.99173224,0.0032318544
2,2,0.9997444,0.00010782595
0,0,0.9984156,0.000933709
6,6,0.6579893,0.069208026
0,0,0.88418007,0.05728354
4,4,0.99999505,1.6898682e-06
0,0,0.9262425,0.027877659
0,0,0.99999017,4.2296406e-06
1,1,0.9833223,0.008853225
2,2,0.9999933,2.697112e-06
3,3,0.99543065,0.002764611
4,4,0.999993,2.6320008e-06
7,7,0.9815835,0.010425065
8,8,0.9999792,8.891455e-06
9,9,0.99994314,2.6402346e-05
0,0,0.99997485,1.2771695e-05
1,1,0.99797714,0.0010591246
2,2,0.99995583,2.741055e-05
3,3,0.9991118,0.00055537804
7,7,0.9940427,0.0029945315
8,8,0.99998647,7.75239e-06
9,9,0.99825066,0.00074411964
0,0,0.9997034,0.00013381528
1,1,0.9911159,0.0048045916
2,2,0.99918664,0.0004940226
3,3,0.9998474,8.8140536e-05
4,4,0.9999954,1.5456695e-06
7,7,0.99831265,0.0010641469
8,8,0.9999216,4.5736713e-05
9,9,0.9964239,0.0011978734
7,7,0.97514945,0.0122466665
3,3,0.6282652,0.082156815
0,0,0.9999978,1.2327943e-06
3,3,0.9989904,0.0006038225
1,1,0.99835694,0.0007850743
8,8,0.99997824,1.23766495e-05
7,7,0.95756036,0.02006542
6,6,0.99636793,0.0022614375
4,4,0.9998374,4.293469e-05
0,0,0.9999841,8.805119e-06
2,2,0.99997044,1.7269633e-05
6,6,0.9975066,0.0015692275
8,8,0.99995375,2.212395e-05
3,3,0.99440897,0.0033099893
2,2,0.9999116,5.306102e-05
8,8,0.9997532,0.00015131138
1,1,0.9942187,0.0032818362
2,2,0.9999944,3.347074e-06
0,0,0.99989796,3.6830337e-05
7,7,0.8513648,0.061889775
1,1,0.9956602,0.002296551
0,0,0.99983615,7.072634e-05
4,4,0.99940026,0.00027428163
4,4,0.99999297,2.6030152e-06
5,5,0.9999836,6.764948e-06
8,8,0.9999936,3.334818e-06
0,0,0.9999895,5.99957e-06
6,6,0.99049294,0.005751851
2,2,0.87179387,0.04169948
3,3,0.626824,0.09402338
1,1,0.99986064,6.0158163e-05
5,5,0.999873,7.5735115e-05
1,1,0.99660176,0.0017603819
8,8,0.99999064,4.574527e-06
5,5,0.99991006,4.5879853e-05
9,9,0.99979895,6.734279e-05
4,4,0.99998367,6.687358e-06
0,0,0.9999712,1.7557164e-05
7,7,0.9982871,0.00088773936
5,5,0.9998514,7.516415e-05
8,8,0.99981976,9.828359e-05
8,8,0.9999908,5.072235e-06
3,3,0.9947931,0.0031044944
8,8,0.99943507,0.00026349793
9,9,0.99992055,2.3047865e-05
2,2,0.99992913,4.442824e-05
6,6,0.9847002,0.008232968
2,2,0.9999671,1.994663e-05
5,5,0.9999908,3.0294373e-06
3,3,0.99166393,0.005034551
1,1,0.9986248,0.00069899776
7,7,0.98357856,0.010268369
3,3,0.99643886,0.0021826425
9,0,0.58415693,0.0926671
1,1,0.9950762,0.00292764
9,9,0.9960604,0.0014557331
9,9,0.99994075,1.987454e-05
6,6,0.99964225,0.00019835561
0,0,0.9999941,3.5782111e-06
3,3,0.94291687,0.03339987
9,9,0.9958596,0.0021277852
2,2,0.99990904,4.4332177e-05
8,8,0.9969524,0.0017110242
1,1,0.9973952,0.0013348333
4,4,0.9999944,1.86697e-06
3,3,0.9744134,0.0091200555
5,5,0.999963,1.5062668e-05
2,2,0.99996454,1.4893923e-05
9,9,0.99994755,1.8166276e-05
2,2,0.9997913,0.00012496297
5,5,0.99971086,0.00014097765
8,8,0.99862134,0.00075371715
9,9,0.9995278,0.00012529765
5,5,0.9999567,1.5319642e-05
0,0,0.9999267,4.175345e-05
1,1,0.97651136,0.013336249
2,2,0.9428989,0.018605802
4,4,0.9315068,0.04055394
5,5,0.998284,0.0007637747
6,6,0.99992335,3.442337e-05
0,0,0.7699853,0.072895154
1,1,0.9985422,0.0007405634
2,2,0.9999765,9.901775e-06
3,3,0.9874703,0.0077022975
4,4,0.9999801,7.880332e-06
5,5,0.9999811,7.4869567e-06
6,6,0.84610975,0.065445
7,7,0.99889946,0.00049330265
1,1,0.99981004,8.055341e-05
2,2,0.99999857,7.3739955e-07
3,3,0.89102745,0.057159077
4,4,0.99980146,6.6858265e-05
5,5,0.99839914,0.0006096058
1,1,0.9991355,0.0005029118
0,0,0.99991894,4.908884e-05
4,4,0.9999412,3.4509445e-05
5,5,0.9999879,4.8168645e-06
6,6,0.9996883,0.000109279084
6,6,0.999822,9.575766e-05
3,3,0.99986947,7.737038e-05
4,4,0.99989986,4.9274182e-05
4,4,0.98479575,0.0060309786
2,2,0.99752724,0.0011569381
8,9,0.96793145,0.008705213
1,1,0.992334,0.0034997698
0,0,0.9344689,0.024339646
6,2,0.7716199,0.06237145
4,4,0.98853207,0.0057129487
9,9,0.40650782,0.13239259
7,7,0.98279685,0.0087690605
2,2,0.99957323,0.00025459973
3,3,0.99677354,0.0018036375
3,3,0.8179246,0.073368326
9,9,0.9517376,0.012391252
2,2,0.99614096,0.001721679
0,0,0.9999943,3.237835e-06
9,9,0.5300071,0.07495411
3,3,0.84163463,0.05996411
3,3,0.68017304,0.09370558
9,7,0.9089141,0.03745743
1,1,0.43588367,0.12292409
5,5,0.9948746,0.0024061352
2,2,0.52117914,0.11553192
3,3,0.5707354,0.08296467
7,1,0.43375462,0.12510641
7,7,0.7171037,0.08889605
8,8,0.97375506,0.016232686
4,4,0.9998747,4.3761956e-05
0,0,0.99757195,0.0015159021
2,2,0.9999865,6.903946e-06
4,4,0.99999446,2.7799272e-06
0,0,0.9998128,9.319915e-05
2,2,0.99969995,0.00011650504
4,4,0.9999727,1.1018112e-05
7,7,0.99983424,0.00010363762
8,8,0.99997103,1.3575185e-05
0,0,0.9995775,0.0002536038
7,7,0.9793339,0.0130675705
0,0,0.99428195,0.0028628574
6,6,0.99981576,7.250345e-05
9,9,0.99836904,0.00084399275
3,3,0.9326353,0.03861365
2,2,0.9998924,6.64291e-05
8,8,0.9974102,0.0014753562
6,6,0.9857992,0.0080884
0,7,0.9925213,0.0039402917
5,5,0.86435604,0.0633244
7,7,0.82914734,0.06769167
5,5,0.99965113,0.00016127792
1,1,0.96225584,0.020800635
0,0,0.9997802,0.0001352236
8,8,0.95027846,0.018555265
1,1,0.9952644,0.0028001699
6,6,0.71586823,0.06989438
7,7,0.9998411,7.8025376e-05
2,2,0.9993927,0.00027880678
9,9,0.6299084,0.088406295
7,7,0.96914834,0.017029349
9,9,0.99926007,0.00025037353
5,5,0.98286325,0.0067254556
8,8,0.9810171,0.011785336
6,6,0.81058395,0.06526597
2,2,0.9964422,0.0020800955
6,6,0.99971515,7.960207e-05
2,2,0.9999887,4.1034314e-06
8,8,0.9500311,0.030422643
1,1,0.78119594,0.079061076
7,7,0.9342305,0.02398163
5,5,0.9992283,0.00033939577
0,0,0.8874005,0.06306697
1,1,0.98438394,0.0068386705
1,1,0.8173693,0.0819036
3,3,0.9211715,0.03270317
8,8,0.36269245,0.11506317
4,4,0.9998609,4.3839802e-05
9,9,0.9996589,8.867326e-05
1,1,0.97883546,0.013186203
8,8,0.99842805,0.00096776354
6,6,0.9998096,8.743837e-05
8,8,0.9857794,0.008865951
9,9,0.95923054,0.010339208
0,0,0.99999154,3.8386324e-06
1,1,0.9980507,0.00071092
2,2,0.99980116,0.00011789036
3,3,0.41164294,0.10625945
4,4,0.99996173,1.5713133e-05
5,5,0.99979293,0.00012868902
6,6,0.9922059,0.0046669906
7,7,0.99979895,0.000120467856
8,8,0.761459,0.057979096
9,9,0.99875945,0.00034814375
0,0,0.99963844,0.00017625489
1,1,0.99825716,0.00077006035
2,2,0.9827239,0.005718812
3,3,0.994942,0.0030435827
4,4,0.99998987,4.6680916e-06
7,7,0.99913996,0.00053936325
8,8,0.9989751,0.0005700692
9,9,0.98357093,0.0054125693
0,0,0.58824575,0.10886915
1,1,0.99843085,0.000667726
7,7,0.9993838,0.00038325222
8,8,0.9838006,0.0097555
9,9,0.99655473,0.001590709
9,9,0.9984251,0.00077580346
8,8,0.99980867,6.358307e-05
9,9,0.99960744,0.000118991105
8,8,0.99997556,1.0186551e-05
4,4,0.9999921,2.8023949e-06
1,1,0.9868556,0.0040150583
7,7,0.9344517,0.03773681
7,7,0.99932563,0.00042584678
3,3,0.9764913,0.012386153
3,3,0.99529994,0.0029358522
7,7,0.99973476,0.00015953374
6,6,0.95335466,0.027733395
6,6,0.90618694,0.05042429
6,6,0.9169613,0.04612962
1,1,0.99951327,0.00021004034
9,9,0.99955684,0.00015210414
0,0,0.9996762,0.00017252323
1,1,0.9957126,0.0023582845
7,7,0.9994507,0.00033920797
6,6,0.94926804,0.02859081
3,3,0.9957708,0.0023098316
2,2,0.9967879,0.0019063441
1,1,0.999611,0.00013861689
7,7,0.99914503,0.0005345866
1,1,0.9996236,0.00014471426
3,3,0.9767062,0.014409609
9,9,0.99992913,2.9910996e-05
1,1,0.9997347,0.00012135579
7,7,0.99788535,0.00132756
6,6,0.99920213,0.0004787731
8,8,0.99998456,5.587219e-06
4,4,0.99998933,3.496675e-06
1,1,0.99896467,0.00032159153
4,4,0.9999901,3.638693e-06
3,3,0.9985198,0.000919914
6,6,0.8919592,0.054096878
9,9,0.9979785,0.00074429193
6,6,0.9350333,0.03260753
1,1,0.99924624,0.00020780446
4,4,0.999986,4.313667e-06
4,4,0.9999938,2.8179315e-06
7,7,0.9997926,0.00012324756
2,2,0.99988,5.6459725e-05
4,4,0.99995726,2.2063836e-05
4,4,0.9994569,0.00023117827
0,0,0.9999901,5.016039e-06
1,1,0.9995824,0.00015679451
2,2,0.99634516,0.0016770258
3,3,0.9989871,0.0006203436
4,4,0.99990714,4.8763766e-05
5,5,0.8982288,0.047688194
6,6,0.99522626,0.0029752655
7,7,0.9782384,0.013527801
8,8,0.9999696,1.3697764e-05
9,9,0.96117103,0.018668976
0,0,0.99999654,1.7929062e-06
1,1,0.99919957,0.00037461217
2,2,0.98668545,0.007478345
3,3,0.9978506,0.0012927981
4,4,0.9997425,0.00014892509
5,5,0.99837464,0.0007129495
6,6,0.99871075,0.0007472558
9,9,0.9806245,0.0076288045
0,0,0.99999934,2.1569579e-07
1,1,0.97278947,0.01559327
2,2,0.99073905,0.0033999148
3,3,0.94427454,0.033140015
4,4,0.98818225,0.0073137395
7,7,0.96469796,0.0145536335
8,8,0.8246769,0.060565304
1,1,0.9996454,0.00013951193
3,3,0.9994882,0.00031786464
5,5,0.999251,0.0003672465
1,1,0.99853593,0.0007420419
7,7,0.9852339,0.006684173
7,7,0.99668056,0.0020724856
2,2,0.8948469,0.03769082
1,1,0.99431527,0.0029822513
4,4,0.9935635,0.0031972453
8,8,0.99251,0.0027306743
3,3,0.99809855,0.0011869771
4,4,0.99712217,0.001488449
4,4,0.9999614,1.9306744e-05
3,3,0.8083283,0.056584544
9,9,0.5407463,0.09260218
7,7,0.98468035,0.006897268
4,4,0.99982005,7.724564e-05
1,1,0.9670601,0.012436553
2,2,0.68282735,0.0767138
3,3,0.8425028,0.055192977
5,5,0.7689042,0.07862426
9,9,0.9294238,0.03020775
1,1,0.99857265,0.00074873597
6,6,0.5947312,0.06726418
0,0,0.9999278,4.0289462e-05
1,1,0.9805075,0.010933866
0,0,0.99999094,5.460094e-06
0,0,0.99998933,4.1185062e-06
2,2,0.99958956,0.00020546032
8,7,0.6571218,0.08948767
7,7,0.9973642,0.001580965
1,1,0.998576,0.0006812039
1,1,0.99121505,0.005275233
4,4,0.74205524,0.08374582
0,0,0.9999992,2.8401536e-07
4,4,0.9868768,0.006509577
7,7,0.94258434,0.0357849
3,3,0.99981624,0.000114186536
6,6,0.8268901,0.06645367
8,8,0.6251611,0.07142766
0,0,0.9999958,2.390757e-06
3,3,0.9995195,0.0002977788
7,7,0.9612045,0.022380736
4,4,0.93786657,0.03549688
0,0,0.99999964,2.1737371e-07
6,6,0.90077055,0.0597548
9,9,0.99439824,0.0023638215
2,2,0.9995162,0.00024282136
6,6,0.92857516,0.044860385
5,5,0.96242315,0.020376358
8,8,0.9995285,0.00027596176
6,6,0.99921334,0.0004779386
9,9,0.99907607,0.00037178906
0,0,0.9999936,3.3050515e-06
4,4,0.9569559,0.025749123
0,0,0.9999992,3.5974088e-07
6,6,0.85572684,0.05203263
1,6,0.4501377,0.11677662
9,9,0.8091057,0.061520237
2,2,0.9867837,0.0054692077
0,0,0.9999445,3.1784926e-05
9,9,0.99913275,0.00022620164
5,5,0.9864694,0.0057928255
1,1,0.99970216,0.00014545336
3,3,0.999028,0.00057669735
7,7,0.96279556,0.017992329
6,6,0.94606656,0.033651654
9,9,0.9866789,0.0074453196
3,3,0.9995874,0.00025743752
0,0,0.9999959,2.4886235e-06
2,2,0.9949072,0.0017897116
2,2,0.99903697,0.00052697666
0,0,0.9999975,1.3724365e-06
1,1,0.9998873,5.361308e-05
2,2,0.9895898,0.0063486835
3,3,0.9992792,0.00027136446
4,4,0.9986704,0.00042131235
5,5,0.9999731,1.1196218e-05
6,6,0.99946296,0.0003074113
7,7,0.999458,0.00033913803
8,8,0.8129613,0.05282717
9,9,0.98321867,0.005213841
0,0,0.999994,3.3279746e-06
1,1,0.9995977,0.0001937305
2,2,0.9997576,8.292109e-05
3,3,0.9878976,0.0058123544
4,4,0.9999887,4.618423e-06
5,5,0.9999224,3.841191e-05
6,6,0.9990715,0.00036430176
7,7,0.9998854,7.184567e-05
8,8,0.9994062,0.00025509472
9,9,0.5912659,0.048795395
0,0,0.99890584,0.0006783246
1,1,0.9978713,0.0013035944
2,2,0.97494924,0.01482189
3,3,0.99979365,7.661821e-05
4,4,0.99995697,1.6310692e-05
5,5,0.99999446,2.7250524e-06
6,6,0.9999858,5.23003e-06
7,7,0.99959373,0.0002553467
8,8,0.9956306,0.0022781466
9,9,0.9379694,0.02458961
2,2,0.99994195,3.3876713e-05
1,1,0.9999135,3.6793695e-05
7,7,0.99987984,7.453094e-05
2,2,0.9999593,2.1956446e-05
5,5,0.999938,3.1490454e-05
0,0,0.99998254,9.300717e-06
8,8,0.9912669,0.0052825366
0,0,0.9487814,0.030818671
2,2,0.99893534,0.0005582117
7,7,0.99894714,0.00066408917
8,8,0.9967106,0.0020319873
8,8,0.9765088,0.014548841
3,3,0.9981743,0.0007187436
0,0,0.99373883,0.0034876738
6,6,0.99998665,6.689434e-06
0,0,0.99981344,0.00011670207
2,2,0.99569786,0.0024893521
7,7,0.9999114,3.7780614e-05
6,6,0.9994192,0.00021088026
6,6,0.76150805,0.07452746
1,1,0.99909574,0.00053112186
2,2,0.9981252,0.0010514961
8,8,0.99931353,0.00041581495
8,8,0.99362546,0.0026339663
7,7,0.9996154,0.00020484571
7,7,0.9965479,0.002169322
4,4,0.99990857,2.2682712e-05
7,7,0.99279785,0.0036207996
7,7,0.9998104,0.00011348391
3,3,0.9529729,0.028212938
7,7,0.99994886,1.9499095e-05
4,4,0.9999887,4.7811977e-06
5,5,0.99997395,1.1444175e-05
4,4,0.9999089,3.4762666e-05
3,3,0.99968815,0.00017996816
3,3,0.9995903,0.0001737045
8,8,0.99904406,0.0005748757
4,4,0.9999067,4.551226e-05
5,5,0.99997455,1.0522703e-05
4,4,0.99315274,0.0024627736
1,1,0.9994849,0.0002431771
1,1,0.9996958,0.00017069583
9,9,0.9991514,0.00042964015
7,7,0.99969786,0.0001804001
4,4,0.99770105,0.0008365953
3,3,0.9998766,7.650443e-05
7,7,0.9998509,9.3332186e-05
3,3,0.9998663,8.317504e-05
3,3,0.9995653,0.00021160289
0,0,0.99987286,7.294832e-05
2,2,0.9964541,0.0016642779
5,5,0.9999614,1.9747953e-05
5,5,0.9997182,0.00015712829
6,6,0.99999714,1.4173906e-06
3,3,0.99987805,4.9855713e-05
1,1,0.9530646,0.029087957
5,5,0.9999894,3.6918548e-06
2,2,0.9976655,0.0012119289
5,5,0.9988043,0.0005156094
9,9,0.99993336,2.593369e-05
9,9,0.999818,8.072378e-05
8,8,0.9999626,1.8942324e-05
4,4,0.99997985,7.728918e-06
1,1,0.9993788,0.0003788434
0,0,0.99997616,1.4067913e-05
6,6,0.9981414,0.0008070973
0,0,0.91534126,0.053442173
9,9,0.9979779,0.00050548464
6,6,0.9999245,3.2914875e-05
8,8,0.97393245,0.016186662
8,8,0.97751045,0.009644902
5,5,0.9997531,0.000105302664
6,6,0.99862784,0.000711797
1,1,0.9998374,8.0641024e-05
1,1,0.99978006,0.00011885686
9,9,0.99931777,0.00022447719
8,8,0.9998412,8.205343e-05
9,9,0.9996951,0.000107551576
2,2,0.99117935,0.0027699512
3,3,0.99995536,2.1563425e-05
5,5,0.99999124,4.020335e-06
5,5,0.9985598,0.0007583123
9,9,0.9994224,0.00012141849
4,4,0.99470156,0.0024961606
2,2,0.9739291,0.009896164
1,1,0.99984235,8.147393e-05
9,9,0.9820778,0.010388196
4,4,0.9999468,1.8868985e-05
9,9,0.99994814,1.5331432e-05
1,1,0.9993909,0.00028932458
3,3,0.99842465,0.00082711765
9,9,0.98084563,0.0068740407
2,2,0.9870187,0.0064504384
0,0,0.9945036,0.0026545874
6,6,0.9968184,0.0018582086
0,0,0.99504566,0.0026778853
4,4,0.99997836,6.9455214e-06
0,0,0.9981435,0.0011502256
6,6,0.8369837,0.05593694
0,0,0.9997894,8.563824e-05
1,1,0.99966496,0.00015148454
2,2,0.99838716,0.00097539136
3,3,0.99964696,0.0001575929
4,4,0.99996823,1.669032e-05
5,5,0.99992037,3.1814357e-05
6,6,0.99992114,2.7033864e-05
7,7,0.9998291,0.00010404398
8,8,0.99697876,0.0017837143
9,9,0.9939686,0.0017998932
0,0,0.9995562,0.00022545477
1,1,0.9990753,0.0004265124
2,2,0.9997255,0.00016821493
3,3,0.99556464,0.0021980312
4,4,0.99997073,1.1313092e-05
5,5,0.99977696,0.00012832324
6,6,0.9960373,0.0023364173
7,7,0.996436,0.001955192
8,8,0.9382078,0.0323296
9,9,0.9999272,2.6402917e-05
0,0,0.99999636,1.975642e-06
1,1,0.9991458,0.00038329855
2,2,0.9999426,3.5683006e-05
3,3,0.9981664,0.0010226646
4,4,0.99996156,1.516709e-05
5,5,0.9997145,0.0001409231
6,6,0.99954903,0.00026667287
7,7,0.9207238,0.047465373
8,8,0.99997854,1.1984734e-05
9,9,0.9907199,0.002584693
3,3,0.99861,0.00087129127
8,8,0.9992015,0.0003838402
0,0,0.99999255,3.8082017e-06
7,7,0.99992913,4.3853302e-05
1,1,0.9993507,0.00021765924
0,0,0.99960726,0.00016274776
7,7,0.99989444,6.616554e-05
5,5,0.99822724,0.0010248825
5,5,0.9999052,5.2201318e-05
6,6,0.999276,0.0002801739
9,9,0.99921703,0.00026536238
0,0,0.9999479,2.9803157e-05
1,1,0.9944788,0.002832766
0,0,0.9997795,9.7482916e-05
0,0,0.9496783,0.030692983
8,8,0.99916285,0.00049963035
3,3,0.9995066,0.00028344852
4,4,0.9999733,1.1345212e-05
3,3,0.9997988,8.835249e-05
1,1,0.99618113,0.0019496189
5,5,0.99980986,9.555451e-05
0,0,0.99970186,0.00014642587
0,0,0.9998512,9.3184695e-05
9,9,0.996878,0.00095391134
5,5,0.9974599,0.00091523584
3,3,0.9996131,0.00022029183
4,4,0.9992032,0.00025645044
9,9,0.9985654,0.0007060696
3,3,0.9994076,0.00031140997
7,7,0.9946807,0.003346011
6,6,0.99942446,0.0002560944
9,9,0.9993898,0.00018255554
2,2,0.99910843,0.00038956176
4,4,0.998844,0.0005968874
5,5,0.999839,8.345689e-05
7,7,0.9996837,0.00019383112
2,2,0.9999548,2.3447566e-05
6,6,0.99907815,0.00049502833
4,4,0.99999464,1.6526816e-06
9,9,0.99800396,0.0006997328
4,4,0.99899614,0.000336486
9,9,0.97178334,0.012792294
4,4,0.9993002,0.00024308285
1,1,0.96868867,0.016066223
2,2,0.9938525,0.0036400543
2,2,0.9999145,3.183398e-05
5,5,0.99992645,3.196137e-05
8,8,0.999603,0.00024378262
1,1,0.9964596,0.0016485791
3,3,0.9996271,0.00019026987
2,2,0.9998787,7.043856e-05
9,9,0.9999277,2.565037e-05
4,4,0.9999517,1.8317285e-05
3,3,0.99953413,0.00029242385
8,8,0.98498,0.0063812337
2,2,0.99995726,2.6122501e-05
2,2,0.99998456,8.203093e-06
1,1,0.99874175,0.00067882094
2,2,0.99938077,0.0002722
8,8,0.9905282,0.0058796974
6,6,0.9983077,0.000687786
5,5,0.9999924,3.0042522e-06
1,1,0.99959356,0.00018752294
6,6,0.9998683,7.2025454e-05
7,7,0.9859518,0.00879931
2,2,0.9999933,2.825875e-06
1,1,0.9960828,0.0013308211
3,3,0.9996333,0.00021873465
9,9,0.9746026,0.0087238895
3,3,0.99953717,0.00026251032
8,8,0.99992675,3.479272e-05
7,7,0.9997346,0.0001157886
5,5,0.99939215,0.00036392084
7,7,0.9945265,0.0026767892
0,0,0.9813487,0.009703587
7,7,0.9998673,7.0922695e-05
4,4,0.9994749,0.00014434232
8,8,0.9999777,1.2035911e-05
8,8,0.9979256,0.0010374126
5,5,0.999972,1.3381263e-05
0,0,0.9999715,1.1396731e-05
6,6,0.9997605,9.464273e-05
6,6,0.9992674,0.00035411102
3,3,0.99991494,3.4579098e-05
7,7,0.99726903,0.0017243527
6,6,0.9999808,8.758039e-06
9,9,0.9955333,0.002124933
9,9,0.9943512,0.0014351757
4,4,0.9996812,0.00012493253
8,8,0.9987763,0.0005994219
4,4,0.9993715,0.00020699971
1,1,0.9970744,0.0014500503
0,0,0.98175657,0.008706336
6,6,0.99491405,0.0030907297
6,6,0.99840295,0.00095839414
0,0,0.9999896,4.179722e-06
1,1,0.9996694,0.00014421382
2,2,0.99939334,0.0002211716
3,3,0.9937294,0.003939421
4,4,0.999942,2.174843e-05
5,5,0.99970376,0.00016497582
6,6,0.9998123,5.6601595e-05
7,7,0.9998539,8.875247e-05
8,8,0.9836952,0.010295007
9,9,0.9939785,0.0016426981
0,0,0.9999863,4.2311485e-06
1,1,0.9974605,0.0009242026
2,2,0.99911726,0.0003646601
3,3,0.9993065,0.00039414078
4,4,0.99993896,3.293589e-05
5,5,0.999901,6.022771e-05
6,6,0.98921645,0.0067665824
7,7,0.99957275,0.0002507008
8,8,0.9997846,8.5164356e-05
9,9,0.99554336,0.0015641705
0,0,0.9968259,0.0019943076
1,1,0.9996025,0.00013990646
2,2,0.9957361,0.002002397
3,3,0.9975521,0.0015367826
4,4,0.9999577,1.9933908e-05
5,5,0.9995295,0.00020091077
6,6,0.9999646,1.2845914e-05
7,7,0.9993884,0.00030565946
8,8,0.99978465,0.000116806244
9,9,0.9693552,0.01083803
7,7,0.9998891,6.9616755e-05
4,4,0.99997455,1.03813645e-05
0,0,0.9996436,0.00018964085
4,4,0.9999639,1.2215036e-05
0,0,0.999962,2.1834443e-05
1,1,0.98898304,0.0056578666
7,7,0.9998747,7.731942e-05
9,9,0.9706305,0.010060722
5,5,0.9996745,0.000101026366
1,1,0.99949473,0.00025720953
4,4,0.9997834,0.00011842849
2,2,0.9970287,0.0014502793
8,8,0.9992446,0.00026365725
9,9,0.9996778,8.9542526e-05
4,4,0.99990654,5.079955e-05
3,3,0.9984046,0.0010008693
7,7,0.99950266,0.00026754828
8,8,0.9908535,0.0057556783
2,2,0.99878836,0.0005902803
4,4,0.99997234,8.358551e-06
4,4,0.9990846,0.00026201145
3,3,0.99880254,0.00075355667
3,3,0.9991425,0.0005154438
6,6,0.9997591,9.074908e-05
9,9,0.9933364,0.0040120007
9,9,0.78961945,0.04788301
5,5,0.9998795,5.8738242e-05
8,8,0.9984728,0.0009339438
6,6,0.9999012,4.3262902e-05
7,7,0.9997528,0.00015417817
0,0,0.99998415,6.751573e-06
6,6,0.9998789,4.150018e-05
8,8,0.99947834,0.00027960885
2,2,0.97213775,0.016410854
6,6,0.9999868,5.338614e-06
3,3,0.98073083,0.011964915
9,9,0.96896154,0.015206334
3,3,0.99874055,0.0007943927
2,2,0.9498763,0.026791941
8,8,0.99223554,0.00319887
6,6,0.9990619,0.0003431202
1,1,0.99840224,0.00077699963
7,7,0.9996883,0.0001933632
4,4,0.99998474,6.102532e-06
8,8,0.9998625,7.147381e-05
8,8,0.99645406,0.0015361885
9,9,0.9999713,8.49456e-06
0,0,0.99995345,2.4682897e-05
3,3,0.99312115,0.0042756326
3,3,0.9915846,0.005294437
9,9,0.9997443,8.610518e-05
0,0,0.99303657,0.0033571017
5,5,0.9999815,8.189859e-06
2,2,0.98959416,0.005574386
9,9,0.998934,0.00047841188
4,4,0.99966896,0.00010276848
1,1,0.9187226,0.035339784
0,0,0.99999416,2.6002158e-06
3,3,0.99967146,0.00019875029
7,7,0.99986076,8.619189e-05
5,5,0.99998486,7.750126e-06
8,8,0.9961591,0.0018309422
7,7,0.99982727,0.00010345133
7,7,0.99965316,0.00021396321
8,8,0.9999078,4.4806093e-05
2,2,0.99988014,5.2370306e-05
9,9,0.9811634,0.0051240576
7,7,0.99710095,0.0018051226
1,1,0.99574053,0.0022388361
2,2,0.99671155,0.0018971916
6,6,0.999378,0.00038064766
4,4,0.97636366,0.011631569
2,2,0.973313,0.011138042
5,5,0.9999472,2.1725387e-05
2,2,0.99984616,5.9308564e-05
3,3,0.99661607,0.002085515
6,6,0.9936305,0.0026013597
6,6,0.99994403,2.0466412e-05
5,5,0.9999021,5.1533774e-05
0,0,0.99998415,7.1042523e-06
0,0,0.9984044,0.0007068418
2,2,0.9999959,2.106417e-06
8,8,0.9996584,0.00020222661
1,1,0.998995,0.00048643677
6,6,0.9984967,0.00093748176
1,1,0.99656934,0.0017654581
0,0,0.99999297,3.0399483e-06
4,4,0.9999385,2.0302135e-05
3,3,0.98148984,0.010223208
1,1,0.99034405,0.0046239495
6,6,0.99997413,1.3035358e-05
1,1,0.939289,0.030676803
9,9,0.9999277,2.3753983e-05
0,0,0.9999955,2.000951e-06
1,1,0.9967163,0.0020431962
4,4,0.99997747,6.3080465e-06
5,5,0.9988427,0.0006611621
6,6,0.74723756,0.07524674
7,7,0.9999798,1.2503502e-05
8,8,0.99994314,3.1460197e-05
9,9,0.9951893,0.0012778152
1,1,0.9970328,0.0014023467
2,2,0.9988022,0.0003666096
3,3,0.99849814,0.00090240315
4,4,0.9902817,0.0028919852
5,5,0.99984133,6.523722e-05
6,6,0.99852955,0.0005827259
7,7,0.9998848,6.0863316e-05
0,0,0.9999568,2.6305419e-05
1,1,0.9997865,8.988561e-05
2,2,0.996093,0.0010156125
3,3,0.99841756,0.00093623763
4,4,0.99980754,9.5878015e-05
5,5,0.9250399,0.024938693
6,6,0.99500835,0.0025775537
7,7,0.9932588,0.0029477514
8,8,0.9772404,0.0075954446
9,9,0.99983245,5.5582477e-05
8,8,0.99872506,0.00060374965
4,4,0.99997884,1.030674e-05
0,0,0.9999567,1.5234796e-05
0,0,0.9999918,4.7166886e-06
7,7,0.9885684,0.00721399
2,2,0.9993985,0.00023720355
4,4,0.9999606,1.3718197e-05
3,3,0.9983263,0.0010523319
8,8,0.6570546,0.07918235
6,6,0.86436385,0.063170955
6,6,0.48494762,0.09135042
3,3,0.9982648,0.0009858812
2,2,0.9905015,0.0059071034
6,6,0.99215734,0.003538623
3,3,0.9956301,0.0027081247
3,3,0.9995638,0.00026539975
0,0,0.56289816,0.116860405
1,1,0.9785832,0.010267808
4,4,0.9999234,4.706105e-05
7,7,0.99892646,0.0006000881
8,8,0.9934583,0.0023711415
0,0,0.99998695,7.3123833e-06
3,3,0.99829835,0.0009540177
1,1,0.9996972,0.00010290525
9,9,0.96487457,0.0103932945
0,0,0.99998677,6.1569117e-06
1,1,0.99856824,0.00052766886
9,9,0.9995864,0.00013157092
1,1,0.99274987,0.003735687
2,2,0.9992286,0.0004843399
7,7,0.9992609,0.00044091343
0,0,0.99999255,4.444236e-06
1,1,0.9642525,0.018240973
3,3,0.98742247,0.006332688
8,8,0.99998826,4.56277e-06
2,2,0.99689513,0.0013908006
9,9,0.9954554,0.001858745
2,2,0.998593,0.0006960222
7,7,0.997643,0.0013244126
6,6,0.94662416,0.027977865
5,5,0.98943645,0.0050181635
5,5,0.9708355,0.01345952
9,9,0.99567205,0.0016560496
9,9,0.94701844,0.016839176
8,8,0.9999545,1.6008305e-05
2,2,0.99897844,0.00036881934
9,9,0.99975836,0.000118189186
1,1,0.98159915,0.010347241
3,3,0.9466947,0.02809273
2,2,0.7907025,0.084802866
3,3,0.9882046,0.007040359
4,4,0.99996793,1.8906252e-05
3,3,0.99923116,0.0002931647
1,1,0.93895483,0.03804881
9,9,0.9995135,0.00020669549
0,0,0.99998695,7.0630363e-06
9,9,0.8575959,0.04485897
3,3,0.909712,0.05036201
6,6,0.9177038,0.044727348
8,8,0.72386396,0.078828655
7,7,0.96608734,0.021250427
0,0,0.99999654,1.9306349e-06
1,1,0.9906745,0.0038473252
0,0,0.99915755,0.00041746566
5,5,0.9997009,0.00010815683
8,8,0.99983233,7.762803e-05
2,2,0.99998933,4.062709e-06
7,7,0.9982457,0.0009868111
7,7,0.7540267,0.076105155
0,0,0.9998684,8.030336e-05
1,1,0.99883044,0.00073019054
2,2,0.99869716,0.0006245944
3,3,0.9826137,0.010444072
4,4,0.99998236,8.24491e-06
5,5,0.99983424,0.00010094741
6,6,0.99921954,0.00048611927
7,7,0.96770763,0.020414827
8,8,0.9897253,0.0061461604
9,9,0.99968207,9.3855415e-05
0,0,0.9979278,0.001215436
1,1,0.999616,0.00019567828
2,2,0.9999388,2.5767638e-05
3,3,0.9990829,0.0005605958
4,4,0.998192,0.0009938031
5,5,0.9993763,0.0002825277
6,6,0.9999589,1.8923278e-05
7,7,0.99994993,2.9288425e-05
8,8,0.99879694,0.0005668459
9,9,0.99991685,2.3886478e-05
0,0,0.99995595,2.6442232e-05
1,1,0.99945277,0.00025349652
2,2,0.9966512,0.002012879
3,3,0.9973073,0.0016797284
4,4,0.9999367,2.1916789e-05
5,5,0.999263,0.00029243017
6,6,0.9998536,4.9997696e-05
7,7,0.99996597,1.9767107e-05
8,8,0.9998268,8.263257e-05
9,9,0.999975,1.1052582e-05
1,1,0.99935675,0.00024868775
7,7,0.99958247,0.00024711364
4,4,0.99998987,4.400791e-06
8,8,0.99973214,0.00012551107
1,1,0.9986836,0.0006966633
5,5,0.9993123,0.00022489899
6,6,0.9999302,2.3144366e-05
5,5,0.99998426,6.780957e-06
7,7,0.9998827,6.952984e-05
2,2,0.99992436,3.6538095e-05
8,8,0.6574832,0.07717894
6,6,0.9971574,0.0015401631
3,3,0.9994246,0.0003590383
3,3,0.99973375,0.0001658967
8,8,0.9992751,0.00034478138
6,6,0.9999178,2.7181368e-05
5,5,0.9999668,1.4501775e-05
4,4,0.99998057,1.03536095e-05
0,0,0.9997884,0.00012412705
9,9,0.9998463,4.3138825e-05
1,1,0.9984169,0.0007126424
7,7,0.9966733,0.0015778893
2,2,0.99985427,6.379936e-05
9,9,0.9994028,0.0002675034
1,1,0.99873716,0.0007451854
5,5,0.9999633,1.5893502e-05
1,1,0.99905455,0.0005140812
3,3,0.9974847,0.0015674051
2,2,0.99997854,7.539294e-06
2,2,0.99821186,0.0010204269
3,3,0.9984604,0.0009326731
0,0,0.9996437,0.00020456093
6,6,0.99862707,0.0008528035
4,4,0.99996376,1.5410904e-05
3,3,0.9787941,0.010929126
7,7,0.99185336,0.0050793276
6,6,0.99916637,0.000392978
9,9,0.9999555,1.1003903e-05
0,0,0.99983346,9.333667e-05
4,4,0.92007256,0.03212645
8,8,0.968208,0.018339258
1,1,0.9997368,0.00013038426
4,4,0.9999755,1.0631117e-05
0,0,0.9999505,3.03743e-05
6,6,0.9934592,0.0036313483
1,1,0.9978461,0.00075232505
2,2,0.9849678,0.005614772
6,6,0.9999901,3.8866606e-06
9,9,0.9991188,0.00037986928
2,2,0.9852232,0.006467904
2,2,0.8986095,0.050864667
3,3,0.9854209,0.009095335
5,5,0.999935,3.326789e-05
5,5,0.9998883,6.148644e-05
1,1,0.99885094,0.00053370546
0,0,0.997896,0.0012300164
7,7,0.99994886,2.9788087e-05
7,7,0.9735006,0.016638126
9,9,0.9995848,0.00020802223
6,6,0.9969824,0.0018929786
2,2,0.9997808,0.0001100514
9,9,0.9998721,4.3426593e-05
4,4,0.9999549,1.5278569e-05
7,7,0.9999509,2.5878568e-05
0,0,0.96476257,0.021721479
2,2,0.99997485,8.767859e-06
3,3,0.99083817,0.005475814
4,4,0.999987,4.552839e-06
0,0,0.9961885,0.0023827676
0,0,0.99934113,0.00040398058
8,8,0.9994432,0.00029075707
8,8,0.7489663,0.088523135
8,8,0.9988964,0.00051234977
5,5,0.99995744,2.3862262e-05
1,1,0.9993578,0.00030969683
3,3,0.99864274,0.00085601816
7,7,0.987229,0.008060236
4,4,0.9999835,8.131139e-06
9,9,0.99970853,0.000113995804
8,8,0.9913761,0.0030232908
8,8,0.9961004,0.0018665154
9,9,0.9996935,0.00011734928
0,0,0.99738395,0.0016381256
9,9,0.9998412,5.2131763e-05
8,8,0.99927914,0.00038059533
9,9,0.98496616,0.008374027
0,0,0.9999889,6.127382e-06
2,2,0.99425936,0.0035400179
6,6,0.99936914,0.00023072274
5,5,0.9999261,4.1865263e-05
6,6,0.9982813,0.0005431917
7,7,0.97119045,0.01816135
4,4,0.99997365,7.212796e-06
7,7,0.9951995,0.0029900812
5,5,0.99994385,3.3181197e-05
4,4,0.9974456,0.001059049
1,1,0.9984934,0.0007608995
3,3,0.9984869,0.0009383933
5,5,0.9999593,2.16107e-05
3,3,0.99949276,0.00015912807
1,1,0.9993397,0.00026914926
2,2,0.99921256,0.00045750165
3,3,0.46908045,0.11497903
4,4,0.99977094,8.027416e-05
5,5,0.9996356,0.000116736126
6,6,0.991711,0.003919166
1,1,0.99826306,0.0007273574
2,2,0.9997109,8.565737e-05
3,3,0.98530835,0.008293929
4,4,0.9995696,0.00017584252
6,6,0.9998392,8.409911e-05
0,0,0.999996,1.651423e-06
1,1,0.999949,2.0637885e-05
2,2,0.9979881,0.0010387569
4,4,0.99818933,0.000938154
5,5,0.9996765,0.00015101812
6,6,0.9979499,0.0007470189
7,7,0.9749273,0.015847873
8,8,0.9977745,0.000966166
1,1,0.91970044,0.037244968
7,7,0.99312526,0.004320058
2,2,0.9800854,0.005189331
4,4,0.9999703,1.1961594e-05
1,1,0.99877006,0.0005400573
4,4,0.99623996,0.0014267837
1,1,0.99812067,0.0009519275
4,4,0.99997985,7.454041e-06
9,9,0.97546417,0.0060507944
6,6,0.95566857,0.027247632
8,8,0.99997413,1.5041839e-05
4,4,0.9999339,2.9033177e-05
5,5,0.9996401,0.00015429307
3,3,0.9997338,0.00014635918
7,7,0.73129237,0.08748807
8,8,0.99993163,2.4639667e-05
4,4,0.6900321,0.08568029
3,3,0.99794376,0.0012954
3,3,0.99525404,0.0028968179
5,5,0.99646014,0.0016247008
6,6,0.8768295,0.040724795
7,7,0.9397353,0.038104046
0,0,0.99978304,9.25009e-05
6,6,0.8957205,0.038142476
1,1,0.9992329,0.00037184035
6,6,0.9232782,0.0268931
8,8,0.9323307,0.025228161
7,7,0.94450253,0.034941066
0,0,0.99977195,0.000114649905
1,1,0.9514783,0.014522567
5,5,0.99996054,1.7047867e-05
0,0,0.9999527,2.3629715e-05
8,8,0.9999796,1.1062921e-05
5,6,0.5029622,0.09472752
0,0,0.9999978,9.980779e-07
1,1,0.99986947,6.231551e-05
5,5,0.9598447,0.020801114
8,8,0.9999237,4.519082e-05
4,4,0.9999285,2.7206286e-05
2,2,0.88006866,0.05362338
3,3,0.99982274,0.00010471514
9,9,0.93551576,0.03010664
7,7,0.99321043,0.004290119
6,6,0.99956053,0.00018954756
9,9,0.99869585,0.0005040433
1,1,0.97551405,0.014106251
9,9,0.99873316,0.00026593823
0,0,0.99995977,2.0500876e-05
6,6,0.98515445,0.007166215
7,7,0.9995802,0.0002646449
1,1,0.9996853,0.000110566034
2,2,0.99826163,0.0010862034
3,3,0.9997878,0.00012955585
9,9,0.9998782,4.9487502e-05
2,2,0.869256,0.06445129
4,4,0.98493594,0.007405574
5,5,0.9999615,1.6571157e-05
5,5,0.9999496,2.951482e-05
3,3,0.68621385,0.08776894
7,7,0.9652871,0.021936862
5,5,0.9998701,5.7063142e-05
3,3,0.99732435,0.0012347803
1,1,0.9986474,0.0006976632
8,8,0.9858168,0.007876715
2,2,0.9630245,0.021264246
2,2,0.9921665,0.0041548302
3,3,0.9877559,0.0077165784
0,0,0.99999726,1.2524744e-06
2,2,0.9969638,0.0011973112
9,9,0.8899972,0.0372973
4,4,0.99998486,6.280302e-06
9,9,0.99879587,0.00024321121
7,7,0.9657486,0.021642106
0,0,0.99753,0.0014806972
2,2,0.8087052,0.044688776
7,7,0.99918234,0.00050288194
4,4,0.996758,0.0014006301
9,9,0.9999237,2.1622418e-05
9,9,0.9999941,2.0207858e-06
2,2,0.9997946,0.000118042924
5,5,0.999493,0.00020239383
9,9,0.99668026,0.0014467085
8,8,0.99905825,0.0004681851
3,3,0.9998557,8.8008805e-05
8,8,0.99950206,0.00029763827
6,6,0.9770398,0.0076106586
7,7,0.96068794,0.024850529
0,0,0.99895334,0.0004921434
0,0,0.9997965,0.00012661872
1,1,0.9947837,0.002467731
2,2,0.9998808,5.572565e-05
3,3,0.9994612,0.0003274525
4,4,0.9999529,1.8790186e-05
5,5,0.8779272,0.061398186
6,6,0.9985984,0.00075005373
7,7,0.99695855,0.0017388549
8,8,0.95304203,0.020176034
9,9,0.9999467,1.7919201e-05
0,0,0.99998283,9.5292835e-06
1,1,0.9991587,0.00041848203
2,2,0.9993726,0.00026913296
3,3,0.99733365,0.0016589941
4,4,0.99997413,9.262044e-06
5,5,0.9983657,0.00070553675
6,6,0.97319615,0.016360426
7,7,0.9605422,0.023003101
8,8,0.728145,0.09656066
9,9,0.99813396,0.0005525539
0,0,0.999994,3.0146007e-06
1,1,0.9739294,0.014740731
2,2,0.9983641,0.0006965403
3,3,0.9172856,0.033214636
4,4,0.9995114,0.00027752185
5,5,0.98128605,0.010389724
6,6,0.98212546,0.011026235
7,7,0.99925745,0.0003840073
8,8,0.97713536,0.013400389
9,9,0.9999019,2.3983941e-05
0,0,0.99998635,5.883859e-06
0,0,0.99998873,3.5969733e-06
7,7,0.9613924,0.014797571
2,2,0.9991105,0.00045919511
6,6,0.9853798,0.00880021
5,5,0.9717215,0.012457836
5,5,0.99969065,0.00012898195
3,3,0.9997171,0.00017360027
7,7,0.9959103,0.0025841456
8,8,0.69268286,0.07894352
6,6,0.99811125,0.0010511742
6,6,0.9994608,0.00032570682
6,6,0.9348313,0.03343799
6,6,0.998975,0.00063561474
4,4,0.9999954,1.6008847e-06
3,3,0.9430483,0.030645704
8,8,0.99496144,0.0015448879
8,8,0.99948657,0.00032089924
3,3,0.9950903,0.0029228015
0,0,0.9999938,2.225832e-06
1,1,0.9862863,0.008296902
9,9,0.9999564,1.1671132e-05
0,0,0.9991369,0.00033957104
5,5,0.9998127,7.818575e-05
4,4,0.9997918,9.392475e-05
1,1,0.9992812,0.00033438785
9,9,0.9999269,1.86414e-05
1,1,0.9988192,0.0006025224
2,2,0.9991716,0.0004079041
7,7,0.9004661,0.03949482
0,0,0.9999897,4.603048e-06
1,1,0.98531425,0.0082586575
3,3,0.992163,0.0041369274
8,8,0.9988435,0.0004510853
2,2,0.998937,0.0004212033
9,9,0.9998299,6.233474e-05
2,2,0.9995961,0.0002048472
7,7,0.98476636,0.00955586
4,4,0.9995392,0.00016864754
2,2,0.999671,0.00019694204
6,6,0.9999191,4.8763708e-05
5,5,0.9961027,0.002034446
5,5,0.98378754,0.0098288525
9,9,0.99525607,0.0020191541
9,9,0.9958216,0.0011800101
1,1,0.9989821,0.0005343901
1,1,0.99699277,0.0012952297
5,5,0.99786127,0.0012561572
7,7,0.998933,0.0005928491
6,6,0.9999464,3.0454516e-05
8,8,0.999777,8.2418235e-05
2,2,0.99783087,0.00093158253
9,9,0.997575,0.0011589153
4,4,0.99998456,5.74443e-06
3,3,0.9979885,0.0012682148
1,1,0.9968651,0.0016304931
9,9,0.9998738,4.0364655e-05
0,0,0.9999921,3.7594098e-06
9,9,0.99979913,7.0383016e-05
3,3,0.8766057,0.03893089
6,6,0.9999156,3.8523103e-05
8,8,0.9964348,0.0016900798
7,7,0.99985754,8.835137e-05
0,0,0.99985087,6.626717e-05
1,1,0.9948966,0.0024385075
0,0,0.99997437,1.4439773e-05
5,5,0.99627286,0.002178566
8,8,0.9992979,0.0002704443
2,2,0.99326104,0.003932704
7,7,0.99529284,0.0029382282
7,7,0.9715837,0.010734035
0,0,0.99999875,6.989246e-07
1,1,0.9995146,0.0001607405
2,2,0.9998641,5.265476e-05
3,3,0.997344,0.0014660205
4,4,0.9995268,0.00019665649
5,5,0.9997467,0.000103700695
6,6,0.99980366,0.000112483875
7,7,0.9996856,0.00019810865
8,8,0.99942625,0.00033790336
9,9,0.9998779,4.4467582e-05
0,0,0.9998412,8.121507e-05
1,1,0.9997679,0.00013904826
2,2,0.9979852,0.0009820057
3,3,0.9551772,0.024102999
4,4,0.9988965,0.00045494558
5,5,0.9998363,6.683212e-05
8,8,0.9994674,0.0002902911
9,9,0.9990524,0.00023394013
0,0,0.9999989,6.225724e-07
1,1,0.9992751,0.0004218413
2,2,0.999118,0.00033296633
3,3,0.9985205,0.0009064876
4,4,0.99936664,0.00025692777
5,5,0.99995136,1.5080148e-05
6,6,0.9994585,0.00020039342
7,7,0.9996309,0.00022656136
8,8,0.99943084,0.0003194727
9,9,0.9982711,0.00045325575
2,2,0.99984837,7.586506e-05
1,1,0.9998765,6.2101695e-05
2,2,0.93656766,0.026595365
1,1,0.99665034,0.0017935664
3,3,0.9993946,0.00031463744
9,9,0.9997961,4.8339305e-05
9,9,0.8539451,0.058134682
8,8,0.9771255,0.014432128
5,5,0.99755067,0.00097495725
3,3,0.9997365,9.555991e-05
7,7,0.99986255,6.631324e-05
0,0,0.9998601,5.2549633e-05
7,7,0.999269,0.00045447767
7,7,0.97995013,0.012670723
5,5,0.9999078,3.241041e-05
7,7,0.99957466,0.0002677901
9,9,0.93668824,0.02499776
9,9,0.99720895,0.0008939584
4,4,0.9997915,8.254591e-05
7,7,0.99958706,0.00026067207
0,0,0.99997365,1.3134224e-05
3,3,0.99695045,0.0014866983
4,4,0.9998628,5.4746244e-05
1,1,0.99694365,0.0019154295
5,5,0.9998721,6.629525e-05
8,8,0.99985754,7.856957e-05
1,1,0.9968687,0.0019060631
4,4,0.9999936,2.2720474e-06
8,8,0.99954003,0.00028102513
4,4,0.99475986,0.0020714125
1,1,0.999622,0.00013961173
8,8,0.9987243,0.00075696467
6,6,0.9999464,2.3945815e-05
6,6,0.9995614,0.00017606778
4,4,0.9999439,2.2045806e-05
6,6,0.99854153,0.0006395391
0,0,0.999442,0.0003429117
5,5,0.9992634,0.00031532947
5,5,0.9998727,5.1407267e-05
3,3,0.9999612,2.3283641e-05
3,3,0.99901855,0.000556932
5,5,0.99994755,2.5964702e-05
7,7,0.997708,0.0014461412
2,2,0.99055135,0.0059222644
5,5,0.99580574,0.0015610004
9,9,0.98725617,0.0036990084
6,6,0.999819,0.000102868675
9,9,0.9999822,5.7564657e-06
2,2,0.907156,0.04997781
6,6,0.9999813,6.3822395e-06
2,2,0.9996254,0.00020899417
1,1,0.99972916,0.00014526202
2,2,0.9621185,0.015841572
0,0,0.99999875,5.451083e-07
8,8,0.9919925,0.0029116168
3,3,0.9977039,0.001365906
8,8,0.90968263,0.05316951
3,3,0.9034807,0.04400759
0,0,0.9999854,7.182882e-06
8,8,0.9960219,0.0024928204
7,7,0.99940014,0.00037188752
4,4,0.9982417,0.00057314866
9,9,0.9888056,0.0022152213
5,5,0.99803144,0.0009574842
0,0,0.99999696,1.4953388e-06
9,9,0.9989316,0.00037159756
7,7,0.9991708,0.0005144427
0,0,0.9999987,6.4444646e-07
0,0,0.99999034,4.7199273e-06
4,4,0.99999046,3.91974e-06
6,6,0.9999329,2.7201371e-05
0,0,0.99997187,1.216758e-05
9,9,0.99931896,0.00021693084
1,1,0.99777305,0.00077189336
6,6,0.9996791,0.00017495968
2,2,0.9997694,0.00010113019
7,7,0.9770869,0.011132838
6,6,0.9994338,0.0002650469
8,8,0.7750121,0.06161223
3,3,0.9966343,0.0012936776
5,5,0.9998869,5.9171958e-05
2,2,0.9999701,1.3619438e-05
1,1,0.9934038,0.0034077489
8,8,0.842182,0.04987001
3,3,0.99673015,0.0015537429
8,8,0.98288774,0.010454486
6,6,0.9998549,7.17858e-05
1,1,0.9986245,0.00059714634
0,0,0.9999388,3.057417e-05
2,2,0.99544126,0.0028387287
1,1,0.9998907,5.354028e-05
4,4,0.99993485,2.6475289e-05
0,0,0.99943674,0.00035175332
1,1,0.98416007,0.006378892
2,2,0.97092915,0.014282691
3,3,0.9792825,0.012459761
4,4,0.9998269,8.466903e-05
5,5,0.9935547,0.0031519793
6,6,0.9985859,0.0008573212
7,7,0.99971664,0.00017207794
8,8,0.88473845,0.06353788
9,9,0.9812379,0.010064046
0,0,0.99999714,1.6564533e-06
1,1,0.9936379,0.0032444366
2,2,0.9987445,0.000621122
3,3,0.998454,0.00097247504
4,4,0.9918529,0.004919027
5,5,0.9999973,9.2577375e-07
6,6,0.9958886,0.002468126
7,7,0.98728275,0.008025984
8,8,0.9916824,0.0051524364
9,9,0.9990203,0.0002126244
0,0,0.99997777,1.0283131e-05
1,1,0.9643019,0.018542483
2,2,0.97038335,0.0108160805
3,3,0.9999259,4.471352e-05
4,4,0.9999696,1.4498575e-05
5,5,0.999722,0.00012587887
6,6,0.99998987,6.1445826e-06
7,7,0.9995847,0.00021433418
8,8,0.9888487,0.0066932677
9,9,0.98428136,0.00371884
7,7,0.99970067,0.00015033159
6,6,0.99986345,6.8670466e-05
4,4,0.9999695,1.5739888e-05
7,7,0.9995909,0.00024521205
6,6,0.99999493,2.3748803e-06
2,2,0.9999126,3.651248e-05
3,3,0.9949158,0.003134124
4,4,0.9996964,9.084471e-05
8,8,0.9998237,9.053181e-05
7,7,0.9997444,0.00013292581
8,8,0.99310607,0.004305948
6,6,0.9975742,0.0015035833
9,9,0.9997606,7.828735e-05
8,8,0.9961559,0.0024032122
3,3,0.99845487,0.00096583937
2,2,0.9999717,7.807325e-06
2,2,0.9991745,0.0004009207
8,8,0.9998314,8.7771485e-05
4,4,0.9990325,0.0005131634
8,8,0.9958519,0.0025467332
5,5,0.998584,0.00066864275
6,6,0.99985516,8.9898116e-05
5,5,0.9982954,0.0010261082
0,0,0.99999905,3.726012e-07
2,2,0.99724543,0.0013998902
0,0,0.9999968,1.6721357e-06
1,1,0.8357393,0.068375
1,1,0.9951331,0.002513466
2,2,0.998546,0.00057215046
9,9,0.9225241,0.024740905
6,6,0.99998224,8.287806e-06
8,8,0.99926406,0.00035668307
2,2,0.9997408,0.00012628522
1,1,0.99221766,0.0036423071
0,0,0.99999774,1.066317e-06
6,6,0.99999315,3.076129e-06
5,5,0.9999714,1.4561347e-05
2,2,0.9943568,0.00353362
9,9,0.98918897,0.0038453392
7,7,0.99966323,0.00019790388
5,5,0.99697065,0.0011009315
3,3,0.9989158,0.0004653277
9,9,0.99981225,5.0187005e-05
3,2,0.973828,0.007331996
7,7,0.99997777,1.1815335e-05
1,1,0.9271387,0.038253922
8,8,0.9840139,0.007296824
3,3,0.9997101,0.00016638436
8,8,0.99964494,0.00020753974
1,1,0.8711626,0.055565584
9,9,0.9992527,0.00024056477
5,5,0.9995489,0.0002251165
5,5,0.9999205,4.1408373e-05
0,0,0.9998911,6.24249e-05
1,1,0.9978512,0.0008890463
1,1,0.97827876,0.01065625
9,9,0.99136525,0.004101389
8,8,0.9996871,0.0001484557
2,2,0.9999898,4.8205557e-06
6,6,0.9999809,1.1450939e-05
0,0,0.99999934,3.0884286e-07
4,4,0.99925977,0.00039422986
5,5,0.9968875,0.0014524293
0,0,0.9999698,1.5406447e-05
3,2,0.9498855,0.019537637
1,1,0.89120215,0.06362967
8,8,0.5418641,0.08762066
6,6,0.9997648,0.00012946794
7,7,0.99936163,0.0004007097
5,5,0.99668425,0.0010341282
9,9,0.99983215,7.261887e-05
9,9,0.99908817,0.00040310522
3,3,0.99976045,0.00014561324
0,0,0.9968153,0.0019312904
3,3,0.9973666,0.0013048423
1,1,0.9989864,0.0004721011
4,4,0.9999884,5.214287e-06
4,4,0.9999911,3.4909476e-06
0,0,0.99999505,2.7903347e-06
4,4,0.9999669,1.6024665e-05
9,9,0.99824876,0.00043653272
0,0,0.9995228,0.0002562916
1,1,0.99292964,0.0032830904
2,2,0.999111,0.0005239053
3,3,0.9383944,0.037727688
5,8,0.7782408,0.07617424
6,6,0.97790414,0.00800501
7,7,0.9984852,0.0006503325
8,8,0.82854784,0.06107589
0,0,0.9999906,4.606537e-06
1,1,0.75612533,0.0897067
2,2,0.97644603,0.009753681
3,3,0.75447863,0.060629882
5,8,0.50002134,0.1275397
6,6,0.7634775,0.08191933
7,7,0.99992406,4.431492e-05
8,8,0.84918654,0.05926174
9,9,0.9968079,0.0011953447
0,0,0.99999076,4.055494e-06
1,1,0.70000297,0.08977609
2,2,0.9978615,0.0008195361
3,2,0.80787927,0.061948366
5,5,0.72143614,0.07244725
6,6,0.91705257,0.031012777
7,7,0.9981329,0.0011777104
8,8,0.5899447,0.08992699
9,9,0.99966323,8.4686166e-05
9,9,0.99171716,0.0038237602
7,7,0.99972296,0.00015995419
0,0,0.99993336,3.1955853e-05
9,9,0.99972886,8.120667e-05
0,0,0.9999714,1.5580768e-05
1,1,0.985633,0.006166422
5,5,0.97735107,0.00946374
8,8,0.9965099,0.0019164284
8,8,0.99723464,0.0010687597
0,0,0.9999975,9.69358e-07
9,9,0.99016494,0.004140048
3,3,0.99748343,0.0013854967
2,2,0.9624718,0.019175421
7,7,0.9930897,0.004294818
8,8,0.99396455,0.002915123
4,4,0.99998885,4.425395e-06
6,6,0.96393377,0.022474747
1,1,0.99849445,0.0007361671
0,0,0.99999505,2.2322806e-06
4,4,0.99996823,1.7230685e-05
9,9,0.9996244,9.596171e-05
4,4,0.9999558,1.6006621e-05
2,2,0.86790687,0.053290028
0,0,0.9997344,0.00014214404
5,5,0.7728334,0.074581206
0,0,0.9999994,3.229695e-07
1,1,0.9972992,0.0012789473
6,6,0.9923795,0.0043715183
9,9,0.99924165,0.0001887724
3,3,0.9234954,0.04124167
2,2,0.99804723,0.00086308195
9,9,0.9989397,0.00042343498
1,1,0.98149633,0.009509835
6,6,0.9925273,0.0037800497
0,0,0.9999073,3.6904978e-05
1,1,0.7089684,0.105663195
1,1,0.8329096,0.060567863
8,8,0.9995905,0.00023167957
7,7,0.8974274,0.040677615
7,7,0.99064046,0.005887142
6,6,0.9995591,0.00025843285
3,3,0.83155,0.06142767
6,6,0.99843484,0.0008654121
0,0,0.9999857,6.33915e-06
7,7,0.99797267,0.0009426321
2,2,0.8627502,0.041887484
4,4,0.9999646,1.728648e-05
1,1,0.8917736,0.04379243
7,7,0.99694717,0.001702705
0,0,0.99997723,9.960365e-06
6,6,0.9868091,0.007614018
7,7,0.9822017,0.0066367514
1,1,0.9745264,0.0120140705
2,2,0.96847564,0.014945693
5,5,0.8747349,0.038911577
8,8,0.9698068,0.012636023
1,1,0.9586915,0.017398719
8,2,0.42569774,0.11009089
2,2,0.95562685,0.024923366
8,8,0.87879324,0.038371764
7,7,0.99098426,0.0043145865
6,6,0.9956249,0.0026868635
8,8,0.99049854,0.0039600185
7,7,0.978566,0.013089085
1,0,0.66291666,0.091096096
6,6,0.99059916,0.0057729585
2,2,0.9579526,0.025662597
9,9,0.9999692,1.16740375e-05
3,3,0.9972106,0.0012116346
0,0,0.9999874,7.160492e-06
1,1,0.99543685,0.002533221
2,2,0.99992406,4.3803266e-05
3,3,0.99921685,0.00044642956
4,4,0.99996245,1.8932817e-05
5,5,0.99999297,2.9330063e-06
6,6,0.9994985,0.00020767236
7,7,0.99988306,6.2905e-05
8,8,0.99960697,0.00024307854
9,9,0.99966276,0.00018375684
0,0,0.9999771,1.1396354e-05
1,1,0.9984163,0.00083631993
2,2,0.8883268,0.061296977
3,3,0.877989,0.040955983
4,4,0.99998236,8.042269e-06
5,5,0.9931855,0.003568118
6,6,0.9999708,1.113241e-05
7,7,0.9936102,0.0040400326
8,8,0.9967373,0.0019295221
9,9,0.999823,6.1552135e-05
0,0,0.9999995,2.1106773e-07
1,1,0.9993637,0.00029062675
2,2,0.99546117,0.0027095298
3,3,0.9995122,0.00029928845
4,4,0.99993247,2.5859737e-05
5,5,0.98537606,0.007958327
6,6,0.99993974,2.4257253e-05
7,7,0.99831706,0.0010530567
8,8,0.9783739,0.013403882
9,9,0.9998659,6.2583895e-05
8,8,0.99385345,0.0038351952
9,9,0.9585625,0.019758573
5,5,0.999976,1.04207775e-05
7,7,0.98092127,0.012061593
0,0,0.9999957,2.1599174e-06
3,3,0.99723434,0.0017331911
1,1,0.9991395,0.00038764832
6,6,0.99704885,0.0015453617
8,8,0.9943557,0.0031977189
4,4,0.99997073,1.2585859e-05
1,1,0.9936536,0.0035534513
5,5,0.99996233,1.8822113e-05
6,6,0.9995759,0.00024784092
4,4,0.9999522,2.4488447e-05
2,2,0.9992835,0.00043024254
7,7,0.9146153,0.05364113
8,8,0.99658024,0.0020576045
1,1,0.99944913,0.0002199853
3,3,0.9805492,0.012237204
4,4,0.99931204,0.00018941643
3,3,0.9927325,0.0036418668
4,4,0.99998605,5.3365993e-06
7,7,0.91998357,0.049719587
2,2,0.99966985,0.00018158452
0,0,0.99976224,0.000113159615
5,5,0.9969603,0.001490932
0,0,0.99997157,1.35023265e-05
1,1,0.9783273,0.008069832
9,9,0.7356509,0.061477564
2,2,0.99997604,1.1506552e-05
3,3,0.99984586,7.085336e-05
2,2,0.9998024,0.00012195576
3,3,0.9995497,0.00026788976
5,5,0.9986521,0.0007926893
5,5,0.9998523,7.246061e-05
7,7,0.96427023,0.02257821
8,8,0.7904831,0.07045579
4,4,0.99688184,0.0015889587
9,9,0.99977684,8.658539e-05
9,9,0.99637955,0.0016704832
7,7,0.98980314,0.0059541287
1,1,0.9853881,0.0076390207
1,1,0.99760854,0.00085013936
9,9,0.9993469,0.00020550916
0,0,0.9999844,5.998277e-06
7,7,0.8951665,0.061631817
8,8,0.9988694,0.00066606665
3,3,0.939644,0.022189954
4,4,0.999904,3.6342048e-05
8,8,0.987747,0.0057961075
6,6,0.9999865,5.5799565e-06
3,3,0.99970615,0.000121210236
8,8,0.9997612,0.00013742485
0,0,0.99965537,0.00019918568
9,9,0.9999081,2.734509e-05
6,6,0.9999878,4.5614443e-06
2,2,0.99995613,2.1406186e-05
1,8,0.92162216,0.035391107
0,0,0.9999956,1.8356559e-06
1,1,0.99826604,0.0008308148
0,0,0.9999585,2.0042033e-05
6,6,0.9996275,0.00014053649
2,2,0.9950174,0.0023823718
3,3,0.9988853,0.00068757904
8,8,0.99968565,0.00019125432
9,9,0.999761,0.000100071935
0,0,0.99945176,0.00023361198
7,7,0.9015765,0.06145885
2,2,0.9947375,0.0029092974
3,3,0.99938595,0.000367323
4,4,0.99997723,1.04080145e-05
5,5,0.99986154,6.552655e-05
5,5,0.9964676,0.002121788
2,2,0.99774086,0.001174421
8,8,0.9942101,0.0025607026
5,5,0.99855596,0.0004582548
4,4,0.99993277,3.464697e-05
6,6,0.9999918,3.5891728e-06
6,6,0.99999017,5.1133998e-06
6,6,0.99999046,3.2387784e-06
7,7,0.8327969,0.06147185
9,9,0.9987089,0.00033970425
1,1,0.9700324,0.01788315
8,8,0.99992865,3.9052342e-05
2,2,0.9871491,0.0065592653
1,1,0.9998307,7.515811e-05
5,5,0.99998903,3.9928764e-06
3,3,0.9795008,0.009931353
4,4,0.99996215,1.855005e-05
7,7,0.99863374,0.00085207337
9,9,0.999938,2.1504198e-05
4,4,0.9999582,2.144886e-05
0,0,0.9996255,0.00021493253
0,0,0.9999957,2.1287672e-06
0,0,0.9992983,0.00028217217
1,1,0.99975955,0.00010303293
2,1,0.6843208,0.07617283
3,3,0.99960864,0.00020657413
4,4,0.9893335,0.006066727
5,8,0.81492597,0.03629224
6,6,0.9955627,0.0025420894
7,7,0.9884165,0.007171375
8,8,0.9879343,0.00710643
9,9,0.9950779,0.0022676687
0,0,0.9999851,8.821827e-06
1,1,0.9990538,0.00035949372
2,2,0.8489984,0.04463996
3,3,0.9998156,0.000113028844
4,4,0.88042104,0.05711764
5,5,0.98667336,0.008137761
6,6,0.9985035,0.00064137497
7,7,0.9962491,0.002347753
8,8,0.98874104,0.0065839253
9,9,0.9995859,0.00018837335
0,0,0.993528,0.003720648
1,1,0.99981534,7.706628e-05
2,2,0.6849961,0.077393726
3,3,0.99927694,0.00043818803
4,4,0.98641217,0.0064898646
5,5,0.99981797,8.821926e-05
6,6,0.9996974,0.000121689736
9,9,0.9977865,0.0004356516
0,0,0.99991053,5.333111e-05
1,1,0.9989008,0.00047512254
3,3,0.999531,0.0002946422
1,1,0.9995674,0.00016571619
5,5,0.999973,1.519808e-05
1,1,0.9997166,0.00013707961
2,2,0.43273383,0.10950842
4,4,0.9526553,0.024863284
9,9,0.99300927,0.0030613411
2,8,0.5518502,0.11480796
4,4,0.9690957,0.01893523
6,6,0.99977314,0.00014070157
8,8,0.9790351,0.008268053
0,0,0.9999932,3.4373522e-06
1,1,0.99804896,0.00090458774
1,1,0.9993761,0.0002840403
9,9,0.99484044,0.0014807852
2,2,0.73297036,0.07568683
6,6,0.9988098,0.00073709653
6,6,0.8931424,0.048722573
8,8,0.83052075,0.05034429
7,7,0.95445406,0.026002824
4,4,0.99942863,0.000164917
2,2,0.998809,0.00056706497
9,9,0.9999318,2.5128622e-05
7,7,0.9508464,0.026966125
0,0,0.9999806,8.294651e-06
2,2,0.9880761,0.007015571
1,1,0.99870443,0.00044113622
0,0,0.99999934,3.0544928e-07
3,3,0.84054744,0.05344405
6,6,0.9993917,0.0003751236
0,0,0.99999124,4.2702604e-06
1,1,0.996936,0.0015230728
2,2,0.9758687,0.014928277
3,3,0.9754766,0.0148620065
4,4,0.99999774,7.4791876e-07
5,5,0.99990046,5.3803436e-05
6,6,0.99827707,0.00080229156
7,7,0.9998377,9.944053e-05
8,8,0.9997961,9.003271e-05
9,9,0.924119,0.04218175
0,0,0.9999994,2.9436234e-07
1,1,0.9465702,0.026527574
2,2,0.9997646,0.0001231505
3,3,0.9993634,0.00035047816
4,4,0.99997854,1.1547678e-05
5,5,0.9988624,0.00038629991
6,6,0.99976665,0.00013170176
7,7,0.99963796,0.0002276225
8,8,0.9965628,0.0021502897
9,9,0.999766,7.779892e-05
0,0,0.9999814,1.0916536e-05
1,1,0.9920887,0.0034387778
2,2,0.9997848,9.3118884e-05
3,3,0.99352723,0.0039802
4,4,0.9999855,5.535921e-06
5,5,0.9995263,0.00025958772
6,6,0.88841236,0.05561676
7,7,0.9457265,0.03425151
8,8,0.99998367,8.293393e-06
9,9,0.99867296,0.0005896592
8,8,0.999993,3.4596392e-06
6,6,0.9999564,2.1040572e-05
5,5,0.9999321,3.9639268e-05
9,9,0.9994418,0.00023004545
7,7,0.99454767,0.0034115803
0,0,0.99999905,4.2250994e-07
2,2,0.9901613,0.005815264
3,3,0.99792993,0.0010964717
4,4,0.9998743,7.227754e-05
3,3,0.8104429,0.07011984
8,8,0.9999815,6.181091e-06
5,5,0.9995211,0.0001984478
1,1,0.99957687,0.00016382015
5,5,0.9067601,0.040492866
2,2,0.9977725,0.0013363396
3,3,0.99916995,0.00048047016
0,0,0.9999975,9.303832e-07
1,1,0.98904216,0.0053506955
2,2,0.9644723,0.01959775
1,1,0.9886042,0.0059214216
3,3,0.9992298,0.00048156898
2,2,0.99935216,0.00023914731
6,6,0.9999207,4.8043694e-05
5,5,0.9709676,0.015257289
3,3,0.9932663,0.0034060515
0,0,0.9999989,4.0909967e-07
7,7,0.9988182,0.000742769
2,2,0.99965763,0.00017412481
7,7,0.9993881,0.0002802582
4,4,0.9999892,4.8659504e-06
6,6,0.999938,3.6968067e-05
4,4,0.99849063,0.0006628421
0,0,0.99999774,1.0419458e-06
5,5,0.99930966,0.0002915212
9,9,0.99701035,0.00090891524
9,9,0.6441365,0.106487416
8,5,0.92085093,0.025399711
9,9,0.99441034,0.0021847922
5,5,0.99995357,2.3649056e-05
3,3,0.998583,0.00088926835
1,1,0.9611824,0.021260226
7,7,0.99968183,0.0001972272
4,4,0.99999094,4.5598626e-06
7,7,0.98932207,0.0067438437
6,6,0.99848354,0.0007971193
5,5,0.99956864,0.00023532091
4,4,0.99997807,9.27863e-06
0,0,0.9996406,0.00017292725
0,0,0.9999922,4.0271025e-06
6,6,0.75014496,0.060108583
6,6,0.91800606,0.042103954
2,2,0.8202834,0.06793872
0,0,0.9999979,1.1882992e-06
6,6,0.9928635,0.0043978877
3,3,0.9966303,0.0018724609
7,7,0.99939203,0.0003562354
7,7,0.9988655,0.0007013596
4,4,0.99995005,2.5446501e-05
4,4,0.9999674,1.2112827e-05
3,3,0.99935615,0.00039209853
9,9,0.9994418,0.00013734339
2,2,0.99949205,0.0002835199
8,8,0.99985105,6.406226e-05
9,9,0.9995308,0.00017013866
6,6,0.9999975,1.199732e-06
0,0,0.99992925,3.4669152e-05
9,9,0.9978862,0.0011038266
5,5,0.9998848,6.3977444e-05
3,3,0.9945034,0.0034064886
8,8,0.8678878,0.0435539
8,8,0.9995307,0.00021225082
7,7,0.9975327,0.0015346345
1,1,0.9989339,0.00052475114
4,4,0.9999956,1.6537886e-06
0,0,0.99999934,3.286869e-07
4,4,0.9999838,9.514241e-06
8,8,0.9945782,0.0022122462
5,5,0.99994725,3.144135e-05
2,2,0.9996891,0.00015804157
3,3,0.9963152,0.0015915869
9,9,0.9990659,0.0002816286
0,0,0.99993503,3.2932785e-05
1,1,0.99871886,0.00059691834
9,9,0.9990853,0.00032302187
1,1,0.99838877,0.00086745556
5,5,0.999664,0.00019232859
1,1,0.9965027,0.0018362373
7,7,0.99978065,0.00012319002
4,4,0.99991786,4.463464e-05
8,8,0.99930507,0.0002680228
6,6,0.9989847,0.00062784215
2,2,0.99199915,0.00504163
1,1,0.9845371,0.00825033
6,6,0.9982454,0.001087659
8,8,0.99998647,7.373118e-06
8,8,0.9999703,1.5212599e-05
0,0,0.9652368,0.021724595
1,1,0.9251378,0.029580008
2,2,0.999221,0.00028024687
3,3,0.5325655,0.09503345
4,4,0.9999091,4.1489555e-05
7,7,0.9994358,0.00035364047
8,8,0.99904364,0.0004101669
9,9,0.99983245,7.8468045e-05
0,0,0.9999875,6.9744447e-06
1,1,0.9977623,0.00094624545
2,2,0.9616209,0.023133134
3,3,0.9977387,0.0011656133
4,0,0.34683257,0.10760604
6,6,0.90338296,0.0557796
7,7,0.990873,0.005758591
8,8,0.99669456,0.0012006932
9,9,0.99958354,0.00015624048
0,0,0.99995315,2.6602745e-05
1,1,0.99075115,0.0050442717
2,2,0.9943279,0.002684886
3,3,0.9987896,0.0005987241
4,4,0.99994564,2.8204498e-05
7,7,0.9988245,0.0007302283
8,8,0.9972167,0.0017221961
9,9,0.9972784,0.00095926225
1,1,0.9973222,0.0011459391
4,4,0.99991477,3.9051487e-05
5,5,0.94791347,0.022543212
3,3,0.99739933,0.0016107993
3,3,0.59744394,0.1006972
0,0,0.9943064,0.0028049175
9,9,0.99983627,5.177628e-05
5,5,0.99729663,0.0013502854
4,4,0.9994745,0.0002834213
3,5,0.67025393,0.091541566
0,0,0.98388016,0.009137741
8,4,0.5946447,0.0777149
4,4,0.9998291,7.544389e-05
6,6,0.8912112,0.04822941
7,7,0.9815551,0.011626602
0,0,0.99844533,0.00086797884
7,7,0.99771214,0.0011666373
7,7,0.9980529,0.0012247169
1,1,0.99182445,0.002411234
6,6,0.8660962,0.057498872
9,9,0.96165323,0.01567785
1,1,0.99756145,0.0011451847
3,5,0.4782679,0.09809634
6,6,0.9951388,0.0029992503
2,2,0.99774945,0.001349341
3,3,0.7787341,0.067470185
8,8,0.7072492,0.07368242
2,2,0.999393,0.0003199884
3,3,0.9681972,0.016593382
8,8,0.9990637,0.0003844133
9,9,0.97611344,0.011087288
5,5,0.99748755,0.001206968
8,8,0.9997206,0.0001588847
8,8,0.9997972,9.353403e-05
7,7,0.9996122,0.00024366783
1,1,0.9961216,0.0016877695
7,7,0.9781154,0.012258667
1,1,0.9983532,0.0008957788
1,1,0.94019544,0.030824572
0,0,0.9999973,1.4238354e-06
3,3,0.9511393,0.022320647
4,4,0.99973774,0.000103996565
2,2,0.85137606,0.0487784
6,6,0.79163086,0.07625
4,4,0.99995774,1.7540975e-05
7,7,0.9875102,0.007895968
4,4,0.9997104,0.00014363494
2,2,0.9992708,0.00026326143
7,7,0.83607817,0.061436176
4,4,0.9998708,5.9006532e-05
2,2,0.99813974,0.000880157
9,9,0.9963726,0.0021255005
2,2,0.94191676,0.021246735
7,7,0.99714994,0.0014473081
9,9,0.94227093,0.027792942
2,2,0.9969797,0.0016365603
1,1,0.9879095,0.00475623
0,0,0.7059231,0.08882723
6,6,0.85391665,0.06499951
5,5,0.9766507,0.0116430465
3,3,0.9962578,0.002292913
4,4,0.9948095,0.0030657
8,8,0.99963915,0.0001504865
5,5,0.9998895,5.033718e-05
9,9,0.9744655,0.010539079
6,6,0.9995657,0.00025260446
9,9,0.9997753,7.2899275e-05
0,0,0.9961435,0.0022955704
6,6,0.9999425,3.442748e-05
3,3,0.9980613,0.0008525929
0,0,0.9999984,7.141509e-07
8,8,0.39638418,0.12897849
1,1,0.9995674,0.00020289721
6,6,0.99995077,2.7688739e-05
0,0,0.9997678,0.00014003526
0,0,0.9999868,7.327714e-06
1,1,0.9885929,0.0061211702
2,2,0.99991053,4.9811944e-05
3,3,0.9888091,0.005750962
4,4,0.99996626,1.6371463e-05
5,5,0.9999178,4.0867468e-05
6,6,0.9994892,0.00020954924
7,7,0.99956626,0.00026615715
0,0,0.9998671,6.1034712e-05
1,1,0.9991065,0.00037146857
2,2,0.849996,0.05596298
3,3,0.984406,0.0063337185
4,4,0.99992406,4.1833548e-05
7,7,0.9998251,9.704068e-05
8,8,0.99997294,1.069444e-05
9,9,0.996061,0.0011597994
0,0,0.9999935,3.4131504e-06
1,1,0.99614966,0.0017492378
2,2,0.8848875,0.058923077
3,5,0.48464528,0.09752487
4,4,0.99975884,0.00012120155
7,7,0.9998695,8.053704e-05
2,2,0.9992722,0.00026464806
5,5,0.99990666,4.8561207e-05
1,1,0.9148203,0.044226494
6,6,0.99970114,0.00018007
4,4,0.9999925,2.7431734e-06
3,3,0.9984991,0.0008931636
9,9,0.99979746,7.360563e-05
9,9,0.9969653,0.0013592279
0,0,0.9999178,4.054062e-05
9,9,0.8685101,0.057177227
7,7,0.9548484,0.015549384
1,1,0.86619806,0.06263183
6,6,0.92342484,0.047187008
4,4,0.99992657,2.5007987e-05
3,3,0.6049612,0.08625908
6,6,0.99950457,0.00021142742
2,2,0.995115,0.0023579474
0,0,0.8626914,0.060832866
9,9,0.5952646,0.08956162
8,8,0.9994441,0.00034182533
6,6,0.9992808,0.00040552634
5,5,0.9994952,0.00017420576
7,7,0.9940275,0.003365855
0,0,0.9997157,0.00015101986
0,0,0.9999539,1.872341e-05
1,1,0.999951,1.7085073e-05
7,7,0.9275262,0.04387765
4,4,0.99644005,0.0011979094
3,3,0.9984099,0.0009161232
2,2,0.99997795,1.1182188e-05
4,4,0.99996805,1.7367533e-05
1,1,0.98334044,0.008129254
3,3,0.82604873,0.05590714
7,7,0.999897,6.0205988e-05
6,6,0.9999527,2.4431958e-05
4,4,0.9998603,7.6798235e-05
7,7,0.9990633,0.0005879085
7,7,0.9996542,0.00015760427
7,7,0.99919814,0.00047686612
9,9,0.98944604,0.0053322767
8,8,0.99956167,0.00024578968
4,4,0.945683,0.02616112
3,3,0.9993957,0.0003769561
8,8,0.45264965,0.095841266
2,2,0.99959946,0.0002494117
8,8,0.6960734,0.06206894
3,3,0.9983055,0.0009769138
5,5,0.99041355,0.004062864
8,8,0.96032107,0.012280026
0,0,0.99995863,1.9251818e-05
5,5,0.99987537,6.276034e-05
4,4,0.86016715,0.046585627
7,7,0.9982115,0.00062399555
1,1,0.99806845,0.0008879773
3,3,0.99372256,0.0026982764
1,1,0.99540794,0.002389571
7,7,0.9995822,0.00026346845
9,9,0.99993944,1.7368307e-05
6,6,0.9996296,0.00020279903
2,2,0.9995233,0.000210924
0,0,0.9999851,8.2143115e-06
9,9,0.87319136,0.047958802
1,1,0.9988798,0.00057866034
7,7,0.9981311,0.0009883326
3,3,0.966479,0.011853441
3,3,0.55623263,0.097093664
9,9,0.9952465,0.0016975183
1,1,0.9996225,0.00017966137
6,6,0.99970055,0.00017552896
4,4,0.99993,3.475367e-05
3,3,0.9829682,0.010323571
9,9,0.9991816,0.00021858753
8,8,0.9999752,1.339131e-05
2,2,0.9999035,5.493028e-05
1,1,0.9871289,0.0060657077
8,8,0.9999855,7.0590204e-06
6,6,0.99919784,0.00034673396
4,4,0.99986875,5.990125e-05
1,1,0.987985,0.0062243706
5,5,0.9848811,0.00599059
5,5,0.99995404,2.2061373e-05
6,6,0.9999099,5.449498e-05
5,5,0.9997505,0.00014282201
0,0,0.99999636,2.2030495e-06
1,1,0.9992569,0.0004601747
2,2,0.9999169,4.5827845e-05
3,3,0.99996984,1.8088047e-05
4,4,0.98873997,0.0054841675
5,5,0.9987458,0.0005239511
6,6,0.9999884,6.086847e-06
7,7,0.99723995,0.0017413499
8,8,0.7926389,0.06257179
9,9,0.99948585,0.00019409152
0,0,0.99999875,6.8472633e-07
1,1,0.999872,4.8694314e-05
2,2,0.9998023,0.000107375636
3,3,0.9988082,0.0007407911
4,4,0.99993265,3.0773146e-05
5,5,0.9946949,0.002278211
6,6,0.99992543,2.2553733e-05
7,7,0.9983586,0.0010274395
8,8,0.99994993,2.1710304e-05
9,9,0.9966324,0.0014139322
0,0,0.99999905,4.5786632e-07
1,1,0.9984911,0.00081848947
2,2,0.9995084,0.00022846069
3,3,0.99929875,0.00042755235
4,4,0.9987214,0.0005270825
5,5,0.99959373,0.00021917517
6,6,0.99986345,7.1412636e-05
7,7,0.99871397,0.0008126744
8,8,0.87931097,0.031070124
9,9,0.9921824,0.0029860681
6,6,0.9999291,2.7239608e-05
9,9,0.9996874,0.00010902531
7,7,0.9996406,0.00022608796
0,0,0.9999691,1.7765833e-05
2,2,0.99809617,0.0011087053
3,3,0.9992503,0.0004503838
4,4,0.99995995,1.4127307e-05
3,3,0.99766207,0.0009091133
8,8,0.97843295,0.0075567784
5,5,0.99953353,0.0002247225
1,1,0.9997455,0.00011339552
3,3,0.984355,0.008155232
0,0,0.99978876,0.00012916942
1,1,0.9994276,0.00033476893
2,2,0.97473323,0.015041242
1,1,0.998655,0.0006578408
3,3,0.9924625,0.0025330032
2,2,0.8921587,0.042800244
0,0,0.9999603,1.6694474e-05
7,7,0.5468143,0.10676174
2,2,0.99967897,0.00018361815
6,6,0.9999763,8.914842e-06
4,4,0.99987805,4.830274e-05
0,0,0.99999636,1.5873696e-06
5,5,0.9226097,0.021625465
9,9,0.9748918,0.010190291
9,9,0.7710253,0.053103846
8,8,0.98621833,0.005671897
9,9,0.9999796,4.726565e-06
5,5,0.985483,0.006413523
3,3,0.3834014,0.12429057
1,1,0.99908304,0.0004128657
7,7,0.84216845,0.053924095
4,4,0.9997617,0.0001344435
7,7,0.94718266,0.033101857
0,0,0.99991906,4.2157113e-05
0,0,0.9999884,5.6012186e-06
6,6,0.99984723,6.28297e-05
6,6,0.9990283,0.00036664173
6,6,0.9599018,0.015293783
3,3,0.9924615,0.004733142
7,7,0.8942448,0.056643367
4,4,0.7182285,0.06398166
2,2,0.97792834,0.009508155
8,8,0.50982463,0.10136513
9,9,0.5629876,0.09226813
8,8,0.9965792,0.0020489492
7,7,0.9212551,0.037032507
1,1,0.9996902,0.00013629664
4,9,0.745619,0.077030726
0,0,0.99999774,1.3259389e-06
4,4,0.99961025,0.00017842035
8,8,0.9251421,0.021243762
5,5,0.9999385,2.0790709e-05
2,2,0.99913675,0.0003691223
3,3,0.9998907,5.786802e-05
9,9,0.99913836,0.00027121324
0,0,0.9999946,2.6134508e-06
1,1,0.99910957,0.0003711451
9,9,0.9997405,8.598993e-05
1,1,0.9987354,0.000551844
5,5,0.99804384,0.0010915642
1,1,0.99850714,0.0007958915
7,7,0.9915737,0.0051243016
6,6,0.9991528,0.0004824169
1,1,0.9990323,0.0004363954
2,2,0.99882936,0.0005851673
1,1,0.9992708,0.0003045588
6,6,0.99990636,4.1002284e-05
8,8,0.99976265,9.852704e-05
0,0,0.99999714,1.773465e-06
1,1,0.9989294,0.0006632743
2,2,0.9999461,3.0013078e-05
3,3,0.99855566,0.0007059439
4,4,0.9998375,7.613622e-05
5,5,0.99393255,0.002242381
6,6,0.9960316,0.0016047189
7,7,0.9999825,1.0635861e-05
8,8,0.9994429,0.00033756907
9,9,0.99813306,0.0007160408
0,0,0.9999954,1.8949777e-06
1,1,0.9963868,0.00216508
2,2,0.99921024,0.0003863976
3,3,0.99886215,0.0007075953
4,4,0.9999627,1.7728786e-05
5,5,0.9997923,0.000115819006
6,6,0.999967,1.395859e-05
7,7,0.98394346,0.008552385
8,8,0.9907034,0.0046016313
0,0,0.999924,3.135437e-05
1,1,0.9995443,0.0002793862
2,2,0.9998501,6.7490975e-05
3,3,0.99989206,6.176432e-05
5,5,0.9996683,0.000111187925
6,6,0.9999874,4.7731874e-06
7,7,0.9999509,2.9830455e-05
8,8,0.9978409,0.0013520105
1,1,0.9996974,0.00013203839
0,0,0.9999965,2.160937e-06
4,4,0.99998933,3.9422766e-06
5,5,0.9994524,0.00026013263
6,6,0.99762183,0.0011015061
6,6,0.99922866,0.00023735108
3,3,0.9976574,0.0007927733
4,4,0.9999833,6.8478234e-06
4,4,0.9999587,1.8302842e-05
2,2,0.9198046,0.038734924
8,8,0.99875355,0.0007749383
1,1,0.9993886,0.0002514322
0,0,0.99999845,4.7321032e-07
6,6,0.9983369,0.00048830174
4,4,0.999975,1.2804722e-05
9,9,0.9993849,0.00018972883
7,7,0.99956053,0.0002507857
2,2,0.9992949,0.00034622452
9,9,0.99828017,0.00058714487
2,2,0.998635,0.00042459526
0,0,0.99999964,1.616378e-07
9,9,0.99864876,0.0004720863
3,3,0.98464185,0.008406075
3,3,0.9975643,0.0011647008
9,9,0.99254256,0.0026952308
1,1,0.9998085,8.528378e-05
5,5,0.99991685,3.2838107e-05
2,2,0.9980737,0.0011839109
3,3,0.96289194,0.011362081
1,1,0.9993383,0.00035382394
6,6,0.9956196,0.0017363094
7,7,0.98850805,0.007188971
3,3,0.9107796,0.027854819
7,7,0.99979734,9.165302e-05
8,8,0.99986935,7.8280325e-05
4,4,0.99915886,0.00049600424
0,0,0.9997239,0.00016823197
2,2,0.99998283,9.001412e-06
4,4,0.99676216,0.0020060267
0,0,0.999946,2.0923882e-05
2,2,0.9929633,0.0036724578
4,4,0.99976456,0.00013613534
7,7,0.999979,1.2228704e-05
8,8,0.999862,7.663359e-05
0,0,0.9999983,6.6405397e-07
7,7,0.9999919,3.7761129e-06
0,0,0.9999939,3.2860262e-06
6,6,0.99779195,0.0007685
9,9,0.9993933,0.00016350966
3,3,0.9956875,0.0022339646
2,2,0.9971076,0.0013856364
4,4,0.9999676,1.532696e-05
8,8,0.999895,4.712258e-05
6,6,0.97918624,0.008494668
0,0,0.9999812,6.1190995e-06
5,5,0.9998239,8.627926e-05
7,7,0.9868954,0.0077856006
5,5,0.999259,0.00037155376
1,1,0.99899465,0.00039881235
0,0,0.9998652,5.5360888e-05
8,8,0.99258393,0.0046489267
1,1,0.9986429,0.00083212106
6,6,0.86675084,0.057232432
7,7,0.9999421,3.0346762e-05
2,2,0.9977148,0.00078830926
9,9,0.999043,0.00039426857
7,7,0.9998251,0.00010985949
9,9,0.9998177,5.2847183e-05
5,5,0.9999234,2.9457922e-05
6,6,0.9997345,9.887035e-05
5,5,0.9979538,0.000868107
2,2,0.9994277,0.00033401573
6,6,0.9827439,0.0068870424
2,2,0.9982439,0.0010635979
8,8,0.9990309,0.0005816617
1,1,0.99928856,0.00029045888
7,7,0.9999671,1.8651148e-05
5,5,0.99955356,0.00018434227
5,5,0.9987208,0.000555057
7,7,0.9997963,9.8955e-05
3,3,0.99655074,0.0017823294
5,5,0.9993733,0.00027461827
0,0,0.99999505,2.2862719e-06
1,1,0.9989174,0.0005270663
1,1,0.999646,0.00019096064
3,3,0.9986676,0.00081246503
8,8,0.9998514,7.863097e-05
4,4,0.9997841,0.00010559615
9,9,0.9999526,1.4216013e-05
4,4,0.9998134,8.426211e-05
5,5,0.99988765,4.1925894e-05
1,1,0.9962842,0.0016028614
8,8,0.99992883,3.763532e-05
6,6,0.99993974,2.34277e-05
8,8,0.9998487,6.755657e-05
9,9,0.77266866,0.062013187
0,0,0.9999382,3.3536187e-05
1,1,0.99798477,0.0009755818
2,2,0.9999636,1.6012411e-05
3,3,0.99831474,0.0008701701
4,4,0.9999682,1.4318126e-05
5,5,0.9999359,2.1466403e-05
6,6,0.9999955,1.4741047e-06
7,7,0.999049,0.00059318525
8,8,0.9957921,0.0021863675
9,9,0.99996626,9.027538e-06
0,0,0.9999955,2.203965e-06
1,1,0.9989575,0.00043693808
2,2,0.9999878,6.409498e-06
3,3,0.99977684,9.839832e-05
4,4,0.9999862,6.6546927e-06
5,5,0.9997961,7.137291e-05
6,6,0.9996325,0.00014610343
7,7,0.9964671,0.0022308105
8,8,0.99981165,0.00010315168
9,9,0.99995816,1.1897344e-05
0,0,0.9999849,6.9440603e-06
1,1,0.99963015,0.00014406149
2,2,0.9999951,1.8050966e-06
3,3,0.99696076,0.0018461125
4,4,0.9999548,2.2544924e-05
5,5,0.9999776,8.374151e-06
6,6,0.9998099,7.405762e-05
7,7,0.99928874,0.00043414757
8,8,0.99975234,0.00011591945
9,9,0.9998394,5.6348807e-05
3,3,0.9998921,6.6737775e-05
5,5,0.99906266,0.00045204704
3,3,0.99974775,0.00015135978
2,2,0.9999468,3.2332257e-05
9,9,0.99984896,4.360657e-05
3,3,0.9988538,0.0007029221
2,2,0.9989988,0.00062430056
1,1,0.9966504,0.0016111158
4,4,0.9996579,0.00015228675
5,5,0.99941033,0.00028968073
5,5,0.999998,6.731313e-07
2,2,0.9999858,5.4114744e-06
3,3,0.9994734,0.00030633158
2,2,0.99933606,0.00040294966
1,1,0.9967469,0.0019612203
3,3,0.9999029,5.6918703e-05
9,9,0.9999634,8.223995e-06
7,7,0.99532855,0.002920783
2,2,0.9989837,0.00054730265
1,1,0.99913836,0.00040749818
2,2,0.9999933,3.0721603e-06
8,8,0.9468256,0.02127287
9,9,0.9999118,3.4600635e-05
1,1,0.9969406,0.0013998913
8,8,0.9996499,0.00021792875
8,8,0.99967444,0.0001980345
7,7,0.999066,0.00058595993
8,8,0.9982945,0.0010308555
1,1,0.9994119,0.00027661395
0,0,0.9999711,1.5570464e-05
0,0,0.9999736,1.3192475e-05
6,6,0.99968374,0.0001004217
7,7,0.9995764,0.00026678172
7,7,0.99974805,0.00015688904
8,8,0.9974076,0.001500647
7,7,0.9996684,0.00015460863
5,5,0.99993914,1.9407358e-05
0,0,0.999654,0.00013679772
6,6,0.9995719,0.00016253056
1,1,0.9986812,0.0007228564
5,5,0.9999922,2.7983888e-06
7,7,0.99655306,0.0014771424
4,4,0.99995744,2.0922942e-05
6,6,0.9998412,9.3075505e-05
1,1,0.9959113,0.0020940045
2,2,0.9999939,2.4142387e-06
5,5,0.99987,6.1804996e-05
0,0,0.9998453,8.8940935e-05
7,7,0.9992949,0.00040643942
9,9,0.99912626,0.0002188156
9,9,0.9998895,4.5178578e-05
0,0,0.99966794,0.00015079044
3,3,0.99982655,0.000104787374
4,4,0.9999811,7.541827e-06
4,4,0.9983368,0.0005084418
8,8,0.9987357,0.0007888914
4,4,0.99996233,2.042662e-05
1,1,0.9992609,0.00033905744
8,8,0.99726343,0.0016149872
6,6,0.99996126,1.575078e-05
5,5,0.99981534,9.439281e-05
9,9,0.99986714,4.547434e-05
0,0,0.9991617,0.00038406995
0,0,0.99992573,4.2531916e-05
0,0,0.9999302,2.9299606e-05
3,3,0.9996134,0.0002114471
7,7,0.99959123,0.00024591788
1,1,0.9941409,0.0029339036
6,6,0.9998393,4.435728e-05
4,4,0.99994916,2.4134393e-05
6,6,0.99995434,2.6537848e-05
0,0,0.99994725,3.2638887e-05
4,4,0.9999894,5.0399694e-06
5,5,0.9999906,4.632666e-06
4,4,0.9999741,1.3223842e-05
1,1,0.99560773,0.0021377779
3,3,0.9991714,0.00051210326
8,8,0.9991251,0.0005485724
6,6,0.9999238,2.3870849e-05
3,3,0.99988985,6.703097e-05
9,9,0.82410157,0.05497449
9,9,0.97151965,0.011211769
5,5,0.99998,6.6976645e-06
9,9,0.99997854,9.128142e-06
3,3,0.9894883,0.0056895493
7,7,0.9999216,4.8007943e-05
8,8,0.9998232,0.00010544826
5,5,0.9999722,1.1460788e-05
6,6,0.9999512,2.2476253e-05
4,4,0.9999426,3.005527e-05
7,7,0.99990463,5.753032e-05
6,6,0.9998926,4.5612767e-05
2,2,0.99999857,7.55639e-07
2,2,0.9998037,0.00011710067
0,0,0.9995735,0.0002544516
9,9,0.99994886,1.30274275e-05
4,4,0.99999064,4.0731175e-06
0,0,0.99991214,4.9665057e-05
1,1,0.9992324,0.0003489178
2,2,0.9999908,2.9320531e-06
3,3,0.99917334,0.0005053145
4,4,0.99998045,1.0926205e-05
5,5,0.99967813,8.390753e-05
6,6,0.9935502,0.0034241874
7,7,0.99985677,7.385351e-05
8,8,0.9991382,0.0003833769
9,9,0.99988,2.8476352e-05
0,0,0.9999819,8.111906e-06
1,1,0.9971007,0.0014394759
2,2,0.99215376,0.0049174367
3,3,0.9997862,0.00012786183
4,4,0.99993306,2.9659559e-05
5,5,0.99998367,6.6140246e-06
6,6,0.9991252,0.0005237407
7,7,0.9991147,0.00043293834
8,8,0.9613183,0.013618605
9,9,0.99993247,2.3240078e-05
0,0,0.9999625,2.0487209e-05
1,1,0.9884082,0.0041536703
2,2,0.9996314,0.00019972162
3,3,0.9952307,0.002132809
4,4,0.9998295,8.998091e-05
5,5,0.86210376,0.052550025
6,6,0.9875746,0.0078034634
7,7,0.9998698,7.172697e-05
8,8,0.9999792,9.745402e-06
9,9,0.99996436,1.0523489e-05
6,6,0.9999792,9.049703e-06
4,4,0.99999124,3.0677777e-06
2,2,0.99963415,0.00017015245
6,6,0.9996692,0.00014244356
4,4,0.9999736,1.0701715e-05
7,7,0.9990196,0.0005974391
5,5,0.99998665,6.8766217e-06
5,5,0.9999963,1.6182046e-06
4,4,0.99998283,7.0586634e-06
7,7,0.9993224,0.00041669732
2,2,0.99948233,0.00023855704
9,9,0.9999634,1.08311815e-05
3,3,0.99894685,0.00065145193
9,9,0.9999339,2.8741488e-05
3,3,0.9976333,0.001235056
8,8,0.9999836,8.558895e-06
2,2,0.9998851,5.7255464e-05
0,0,0.9999733,1.08329405e-05
9,9,0.99624825,0.00094316265
5,5,0.9702309,0.014416565
6,6,0.9969493,0.00093621697
0,0,0.9989039,0.0005767421
1,1,0.999545,0.00022352906
0,0,0.99991417,3.630871e-05
6,6,0.9999744,1.33494705e-05
5,5,0.9990486,0.00025470596
3,3,0.99976635,0.00012208865
5,5,0.999786,0.00010880618
3,3,0.99728507,0.0014581409
8,8,0.99980736,9.385514e-05
0,0,0.9999627,2.0832842e-05
0,0,0.9669781,0.018539276
3,3,0.9993574,0.00035082415
4,4,0.9999639,2.0202746e-05
1,1,0.99904096,0.00041268457
5,5,0.9903801,0.0049323235
3,3,0.9998895,5.5764987e-05
0,0,0.9989535,0.00034821627
8,8,0.9990179,0.00042496444
3,3,0.9965336,0.0011568996
0,0,0.9998661,4.5354398e-05
6,6,0.9996273,0.00017613258
2,2,0.99962693,0.00018793788
7,7,0.9986563,0.000833397
8,8,0.9999973,1.1462856e-06
1,1,0.99770135,0.0010983731
7,7,0.9991167,0.0005562977
1,1,0.9981615,0.0009062806
3,3,0.9988554,0.0005855425
8,8,0.9999765,9.746576e-06
5,5,0.9998124,0.00010635481
4,4,0.99997455,1.3521855e-05
2,2,0.99992764,2.7910919e-05
0,0,0.99984217,6.956713e-05
9,9,0.9973264,0.0010701289
7,7,0.9998072,0.00011942617
6,6,0.99996996,1.2150182e-05
7,7,0.967425,0.020589033
4,4,0.99996823,1.7507062e-05
1,1,0.9699482,0.014569896
6,6,0.9985288,0.0008780797
2,2,0.95761144,0.011689728
6,6,0.9866818,0.0076576816
7,7,0.9988407,0.00073018
1,1,0.9838492,0.008153092
9,9,0.99987954,6.320531e-05
8,8,0.9999611,2.1233409e-05
0,0,0.999992,4.256956e-06
6,6,0.9953588,0.002544754
9,9,0.9991307,0.00029679487
4,4,0.99997294,1.3436625e-05
9,9,0.99978495,9.359103e-05
9,9,0.9999527,1.6723567e-05
6,6,0.9949945,0.0030005625
2,2,0.9999809,5.880493e-06
3,3,0.999831,8.529689e-05
7,7,0.9934803,0.0038689263
1,1,0.9996804,0.00010374082
9,9,0.9991004,0.00019872564
2,2,0.9998927,6.150019e-05
2,2,0.8901556,0.042667184
5,5,0.9999453,3.0638563e-05
3,3,0.99811906,0.0011016971
7,7,0.9971636,0.0017927699
8,8,0.8909605,0.05235626
0,0,0.99983776,9.31383e-05
1,1,0.9996748,0.00016369752
2,2,0.999997,1.0059396e-06
3,3,0.9966879,0.0020423525
4,4,0.9999852,5.6395565e-06
7,7,0.9998125,8.878006e-05
8,8,0.99988496,6.0052836e-05
9,9,0.99996483,9.150365e-06
0,0,0.99999076,5.5053433e-06
1,1,0.99621475,0.002177086
2,2,0.99971354,0.00011857475
3,3,0.99026287,0.0059297737
4,4,0.9999925,3.876831e-06
7,7,0.9998768,7.29478e-05
8,8,0.9999924,3.291813e-06
9,9,0.99513185,0.0021352083
0,0,0.9999958,2.1799133e-06
1,1,0.9969249,0.0014246057
7,7,0.9858883,0.0049791485
8,8,0.99991655,4.0144518e-05
9,9,0.99752504,0.0013012465
8,8,0.99984896,9.34362e-05
9,9,0.9997697,9.680913e-05
2,2,0.9999922,2.5301001e-06
6,6,0.9999734,9.925776e-06
1,1,0.9997158,0.00012633069
3,3,0.9981607,0.0011581609
5,5,0.99988997,6.0487735e-05
4,4,0.99991673,3.669183e-05
8,8,0.9993469,0.00026470982
2,2,0.9999954,1.645014e-06
6,6,0.963964,0.017025476
4,4,0.9999956,1.771542e-06
3,3,0.98506117,0.007519392
4,4,0.9999592,1.9990428e-05
5,5,0.99700147,0.0015877867
9,9,0.99989873,3.8863753e-05
2,2,0.9999326,3.0115227e-05
0,0,0.99994195,2.9900915e-05
3,3,0.89276254,0.04327867
9,9,0.99982643,9.580366e-05
4,4,0.99994993,2.3915432e-05
9,9,0.9999441,1.7540926e-05
7,7,0.99458396,0.0033721782
3,3,0.9999196,4.6002497e-05
8,8,0.9505347,0.029280122
7,7,0.9996439,0.00020200873
4,4,0.9999095,5.3214677e-05
4,4,0.99994916,2.7146662e-05
9,9,0.99752265,0.0007104491
8,8,0.99992675,4.2256223e-05
5,5,0.9996355,0.00022495045
8,8,0.99999,4.6958876e-06
2,2,0.9995996,0.00017288144
6,6,0.9807814,0.011074629
6,6,0.9999565,2.7014528e-05
2,2,0.9993814,0.00032865896
3,3,0.9990605,0.0005654214
1,1,0.9908446,0.004682147
3,3,0.9994322,0.00032383236
2,2,0.99999034,5.470611e-06
7,7,0.9903534,0.005881435
3,3,0.9970616,0.001377151
1,1,0.9969572,0.0013692328
9,9,0.99989355,5.2217405e-05
0,0,0.99999696,1.3485939e-06
1,1,0.99963725,0.00014219468
1,1,0.9595248,0.014035016
3,3,0.98842984,0.006173128
5,5,0.99964607,0.00015071753
0,0,0.9999959,1.9922077e-06
7,7,0.9969106,0.0018885151
8,8,0.9999504,3.0155275e-05
1,1,0.9976412,0.0011103882
5,5,0.9999221,3.8410013e-05
1,1,0.99637413,0.0018286733
4,4,0.99998456,6.458079e-06
6,6,0.99985284,8.831931e-05
0,0,0.9999691,1.8009612e-05
0,0,0.99999934,3.1374438e-07
4,4,0.99999285,2.820033e-06
9,9,0.9999596,1.4150695e-05
1,1,0.99762857,0.0010528133
6,6,0.99985427,9.099634e-05
6,6,0.9999011,5.2133313e-05
9,9,0.995838,0.0010580594
0,0,0.99999666,1.8064842e-06
7,7,0.99991095,5.346239e-05
6,6,0.9999633,2.0062433e-05
1,1,0.9997179,0.00011590045
1,1,0.99958,0.00018267833
0,0,0.99998254,6.9343414e-06
1,1,0.9943693,0.0017579825
2,2,0.97385883,0.014724019
3,3,0.9888048,0.0067840135
4,4,0.99880904,0.00061910163
7,2,0.6165114,0.07152273
2,2,0.9989433,0.00042333867
3,3,0.99853784,0.00090815977
4,4,0.9091427,0.046035036
5,5,0.891611,0.04319576
6,6,0.9900759,0.004886917
7,2,0.7634166,0.05272544
0,0,0.9966097,0.0017499595
1,1,0.99692094,0.0011666954
2,2,0.9918974,0.0028539498
7,7,0.6177248,0.076394595
8,8,0.9997629,0.00012915007
6,6,0.99976397,0.0001307769
3,3,0.89541405,0.044467162
9,9,0.98228014,0.010266179
7,2,0.7711813,0.059690297
1,1,0.9990079,0.00036462164
9,9,0.9520649,0.02632002
3,3,0.96030366,0.02393347
9,9,0.9996187,0.00013228593
6,6,0.99687403,0.0017625939
1,1,0.99958545,0.00018277198
7,7,0.96404725,0.022666343
2,2,0.97580844,0.011122044
4,4,0.9999522,1.6477821e-05
4,4,0.99999297,3.0675371e-06
5,5,0.993015,0.0028404018
7,7,0.9677292,0.018555703
0,0,0.99998313,8.917129e-06
0,0,0.9999094,4.4408895e-05
1,1,0.99942195,0.00027286494
6,6,0.9958709,0.002301836
6,6,0.95394707,0.028955707
8,8,0.99999505,2.996136e-06
2,2,0.98201287,0.008336588
7,7,0.92219174,0.049036615
7,7,0.900521,0.06053102
2,2,0.8528783,0.04313197
4,4,0.9999921,2.185592e-06
2,2,0.998703,0.0007839772
1,1,0.99759376,0.0011787165
6,6,0.99544793,0.0026188423
1,1,0.99117106,0.004756798
0,0,0.99999857,6.318685e-07
6,6,0.99875844,0.000592528
9,9,0.5907747,0.07226262
8,8,0.99999464,2.5588276e-06
3,3,0.99989367,5.8483325e-05
9,9,0.9882843,0.006943962
6,6,0.94012386,0.037127208
3,3,0.99890506,0.0006862814
0,0,0.99999464,3.2973621e-06
1,1,0.9982526,0.0010824507
2,2,0.91652346,0.029237155
3,3,0.9382431,0.029800761
4,4,0.99961776,0.00014973963
5,5,0.9999669,1.7423154e-05
6,6,0.9999483,2.4455429e-05
7,7,0.99987143,5.5011944e-05
8,8,0.99962187,0.00019714399
9,9,0.9996425,0.00010523534
0,0,0.9999992,3.109184e-07
1,1,0.9818776,0.0067825527
2,2,0.99799806,0.0011648354
3,3,0.9959669,0.0019759035
4,4,0.9948282,0.0026150285
5,5,0.99995506,1.933563e-05
6,6,0.9999553,2.6346714e-05
7,7,0.9999245,4.6929017e-05
8,8,0.9995028,0.0002848602
9,9,0.99925613,0.0003030109
0,0,0.99999684,1.5901294e-06
1,1,0.99960786,0.0001643135
2,2,0.9989645,0.00054543366
3,3,0.999862,8.402587e-05
4,4,0.9992026,0.00028439128
5,5,0.997969,0.00071565545
6,6,0.9999796,7.913601e-06
7,7,0.99998647,7.657558e-06
8,8,0.9997916,0.0001265248
9,9,0.999874,4.334575e-05
1,1,0.99975204,0.00010532923
6,6,0.9999884,5.607116e-06
8,8,0.97467726,0.014731658
9,9,0.9838991,0.004932066
9,9,0.9999369,1.8466273e-05
0,0,0.9999878,6.1859146e-06
1,1,0.99745715,0.0012600615
2,2,0.9999472,2.4375197e-05
4,4,0.9990156,0.0005673719
4,4,0.99952495,0.00022260752
3,3,0.99993306,3.8490074e-05
7,7,0.99939317,0.00038300402
4,4,0.9999574,1.858025e-05
4,4,0.9786046,0.0065293945
4,4,0.99985105,3.7675556e-05
0,0,0.9999981,7.0448516e-07
3,3,0.9999604,1.9951904e-05
8,8,0.9959394,0.002551174
7,7,0.99827635,0.0008540422
5,5,0.9999889,4.829033e-06
8,8,0.99034536,0.005969056
2,2,0.9944024,0.0030523597
1,1,0.9989562,0.0004014646
7,7,0.9998425,8.017277e-05
5,5,0.99994576,2.1812593e-05
3,3,0.988078,0.0074640387
8,8,0.99888885,0.0005754366
5,5,0.9998686,6.499502e-05
2,2,0.99655116,0.001798347
5,5,0.9999216,3.204784e-05
1,1,0.9967841,0.0019918135
1,1,0.9962571,0.0021584902
6,6,0.99995995,2.3800929e-05
2,2,0.994599,0.0017781429
1,1,0.9977598,0.0013899199
3,3,0.99989957,5.9686783e-05
8,8,0.999952,2.5310597e-05
6,6,0.9997304,0.00011077366
4,4,0.88298196,0.05885628
2,2,0.9998948,5.964609e-05
6,6,0.9998954,4.2054533e-05
2,2,0.9554877,0.016503226
5,5,0.9999548,2.2035887e-05
5,5,0.99983275,7.7548306e-05
0,0,0.9999102,4.8553055e-05
2,2,0.99889505,0.00064816524
8,8,0.99980575,9.858924e-05
0,0,0.9990193,0.00046637826
6,6,0.99998873,4.783772e-06
8,8,0.9998171,0.000102956794
1,1,0.999509,0.0002285688
7,7,0.94830894,0.020740034
9,9,0.9999291,2.1597756e-05
1,1,0.99933755,0.00022956883
9,9,0.9997835,5.023872e-05
2,2,0.9904636,0.0057139723
6,6,0.9998964,6.0744525e-05
7,7,0.9979237,0.0009038805
6,6,0.98931134,0.006672848
6,6,0.98349744,0.010238109
8,8,0.99961853,0.00016406382
7,7,0.9990984,0.0003358094
4,4,0.9999763,9.518743e-06
9,9,0.9998864,5.2509637e-05
2,2,0.999745,0.00015371927
1,1,0.99989927,3.7677186e-05
3,3,0.9961289,0.0021683378
3,3,0.9999604,2.3913944e-05
0,0,0.9986448,0.0007984765
5,5,0.9999698,1.4231516e-05
5,5,0.99999225,3.2832413e-06
8,8,0.99973524,0.00016359259
0,0,0.9996072,0.00021223325
3,3,0.87023926,0.041881606
7,7,0.99992865,3.3445696e-05
9,9,0.99983436,4.042401e-05
7,7,0.99949837,0.00020478907
0,0,0.99998415,8.071402e-06
2,2,0.8289834,0.07024592
7,7,0.99987125,5.324958e-05
9,9,0.86454123,0.04510068
1,1,0.99987334,6.264188e-05
7,7,0.99160004,0.0050410903
8,8,0.99952525,0.00019877183
0,0,0.99999934,3.1672994e-07
3,3,0.9999426,2.493105e-05
5,5,0.9998196,7.598182e-05
3,3,0.99990433,5.7668036e-05
6,6,0.9999962,1.5333455e-06
0,0,0.99999696,1.4921081e-06
1,1,0.9969023,0.0015497786
2,2,0.9998838,6.0413073e-05
3,3,0.9940144,0.002504952
4,4,0.9995972,0.00016426695
5,5,0.99996156,1.7889082e-05
6,6,0.9971445,0.0017741506
7,7,0.9964818,0.0020447331
8,8,0.9999949,2.1818782e-06
9,9,0.9995867,0.00010297686
0,0,0.9999976,1.089857e-06
1,1,0.99559516,0.0023851453
2,2,0.9655943,0.01177088
3,3,0.9464203,0.028158054
4,4,0.99691886,0.0017258499
5,5,0.999263,0.00034060332
6,6,0.9957261,0.0026909462
7,7,0.9957863,0.0023361952
8,8,0.9999552,1.7329941e-05
9,9,0.9994546,0.0002703389
0,0,0.9999987,5.0204466e-07
1,1,0.99728954,0.0014634603
2,2,0.9977207,0.0011035828
3,3,0.9295104,0.035881665
4,4,0.9967626,0.0016039095
7,7,0.9992194,0.00034886255
8,8,0.99304503,0.004326617
9,9,0.99696743,0.0015177698
6,6,0.9995961,0.00018693828
4,4,0.99220496,0.0022168888
2,2,0.999469,0.00029844552
6,6,0.8811655,0.06037712
4,4,0.86178,0.041688297
7,7,0.9876652,0.005790976
8,8,0.99999523,2.8874124e-06
9,9,0.9983099,0.0006586384
2,2,0.9998598,7.0616996e-05
9,9,0.99870765,0.00040082302
3,3,0.993495,0.0028051825
9,9,0.9999644,1.26051045e-05
3,3,0.9992466,0.00046018785
0,0,0.9999525,2.343325e-05
0,0,0.9999937,2.5456761e-06
1,1,0.99928284,0.00019646312
0,0,0.9999897,4.05144e-06
4,4,0.99998844,5.7923253e-06
2,2,0.9959909,0.0014951217
6,6,0.9862444,0.008592314
3,3,0.9299609,0.017597657
5,5,0.99993974,2.841964e-05
3,3,0.99934196,0.00041307067
0,0,0.99996537,1.8143464e-05
3,3,0.97820413,0.013557961
4,4,0.99999696,1.2951283e-06
1,1,0.9926816,0.0036978896
5,5,0.99935436,0.00025585282
3,3,0.9989502,0.00065485114
0,0,0.99999714,1.3730339e-06
8,8,0.99982625,6.7727044e-05
3,3,0.99284476,0.0034018806
0,0,0.99999934,2.8704258e-07
6,6,0.99649876,0.0021215118
1,1,0.995145,0.0025658547
7,7,0.99914944,0.0004303026
8,8,0.9947463,0.0025791172
0,0,0.99998796,4.9917503e-06
9,9,0.96896553,0.009593581
2,2,0.99981135,8.48847e-05
6,6,0.99957526,0.00025499557
7,7,0.99641865,0.0015244086
1,1,0.99709404,0.0013126576
9,9,0.9998913,5.312157e-05
6,6,0.9509266,0.030837242
9,9,0.9867004,0.005024457
4,4,0.942681,0.018626122
9,9,0.9988068,0.00055463484
9,9,0.9910084,0.0040473677
6,6,0.985983,0.008650416
7,7,0.9960828,0.0024326718
1,1,0.9989276,0.00052063103
2,2,0.99931335,0.00032738887
5,5,0.99849004,0.0009268598
3,3,0.99356663,0.003948388
7,7,0.9875439,0.007851006
8,8,0.99963343,0.00016196306
0,0,0.9999949,2.1276926e-06
1,1,0.99797964,0.001235263
2,2,0.99998105,4.7360354e-06
4,4,0.97748387,0.0064750696
5,5,0.99628335,0.0018039693
6,6,0.9976015,0.00093192083
7,7,0.99984634,9.610419e-05
8,8,0.99943244,0.00035345793
9,9,0.9999858,4.956133e-06
0,0,0.99999875,5.617452e-07
1,1,0.9995964,0.00021994908
3,3,0.9996651,0.00015207977
4,4,0.99753654,0.0010070513
5,5,0.99997604,8.458945e-06
6,6,0.99975795,7.5051954e-05
7,7,0.999983,8.645892e-06
8,5,0.67383766,0.0671211
0,0,0.9952036,0.0028496636
1,1,0.9995116,0.0002400742
3,3,0.9960524,0.0024453509
4,4,0.9991724,0.00027082203
7,7,0.9995985,0.00024913717
8,8,0.9858074,0.0068643587
9,9,0.9997791,9.5048876e-05
7,7,0.9997036,0.00018673686
5,5,0.9998662,6.612622e-05
5,5,0.98677856,0.0070188283
1,1,0.99899614,0.0005973621
9,9,0.99998647,3.995785e-06
9,9,0.9942163,0.0017734865
7,7,0.9999634,2.058711e-05
1,1,0.99482936,0.0024998032
0,0,0.999778,8.94729e-05
0,0,0.99995244,2.3798968e-05
5,5,0.99999344,3.1138584e-06
9,9,0.99998635,4.179414e-06
7,7,0.9999712,1.1882835e-05
1,1,0.9988847,0.00064540346
7,7,0.9998976,3.9923278e-05
2,2,0.9915741,0.0033714112
2,2,0.99999505,2.73928e-06
3,3,0.9997773,0.00010721387
6,6,0.9999897,4.9656055e-06
8,8,0.9999262,4.4712073e-05
3,3,0.9851052,0.007154622
2,2,0.9982355,0.0006648107
0,0,0.9998803,6.308551e-05
0,0,0.9998522,8.229875e-05
6,6,0.9995111,0.00018863715
1,1,0.9901292,0.0061972197
7,7,0.99947226,0.00033259852
5,5,0.9999523,1.8364019e-05
8,8,0.8938441,0.049791493
6,6,0.99769545,0.0008342165
2,2,0.9998641,7.089173e-05
9,9,0.9999936,2.3211287e-06
4,4,0.99998456,5.048339e-06
8,8,0.99988973,6.382878e-05
8,8,0.9999647,1.9787663e-05
7,7,0.99991435,5.1944422e-05
1,1,0.99816114,0.00093901576
0,0,0.9995038,0.00023189627
8,8,0.9997994,0.00010801306
7,7,0.9997479,0.0001544903
7,7,0.99998665,7.320509e-06
5,5,0.99998176,7.419739e-06
8,8,0.9998401,9.201776e-05
5,5,0.99998224,6.7056817e-06
3,3,0.99050057,0.0045768037
4,4,0.99999106,3.42528e-06
6,6,0.9989626,0.0004115876
1,1,0.99991447,4.6430127e-05
1,1,0.99960023,0.00023841264
5,5,0.99999315,2.8275836e-06
5,5,0.99781597,0.0010330562
0,0,0.99597204,0.002360852
7,7,0.9998315,0.00010408281
2,2,0.99998415,6.407703e-06
3,3,0.94139177,0.033087526
6,6,0.9995729,0.00021052061
4,4,0.99790907,0.0009051717
1,1,0.99773026,0.0013322907
2,2,0.9962306,0.00145192
4,4,0.9992369,0.00031859093
1,1,0.9961678,0.0023585954
5,5,0.99986184,7.166334e-05
4,4,0.9999418,1.8608594e-05
2,2,0.999996,1.5288481e-06
0,0,0.9999854,7.996864e-06
4,4,0.99220645,0.003471464
8,8,0.9950557,0.00293518
6,6,0.99847364,0.0007193547
1,1,0.99896973,0.0005876545
9,9,0.99996984,1.2796581e-05
0,0,0.99999905,4.417846e-07
2,2,0.9999312,3.458783e-05
5,5,0.99999225,3.583459e-06
6,6,0.9997963,0.00010266241
9,9,0.9996568,0.000114107956
3,3,0.9993886,0.00026685558
6,6,0.99132633,0.004430106
3,3,0.99995553,2.2164724e-05
6,6,0.9341794,0.027183989
0,0,0.99999607,1.9140673e-06
1,1,0.9998614,7.086733e-05
2,2,0.99972713,0.00011890927
3,3,0.9998828,6.2864325e-05
4,4,0.9985739,0.0004983403
5,5,0.99980545,0.000118785814
6,6,0.99998033,6.2386666e-06
7,7,0.99990636,4.6321067e-05
8,8,0.9988925,0.0006686394
9,9,0.99952185,0.00018696397
0,0,0.99906206,0.0005743226
1,1,0.99976856,0.00012751762
2,2,0.9988905,0.0004412555
3,3,0.99992085,4.544096e-05
4,4,0.9950159,0.0019061941
5,5,0.98055047,0.010264194
6,6,0.9999811,4.877433e-06
7,7,0.9999531,2.7904189e-05
8,8,0.9538436,0.019065212
9,9,0.99997586,8.680964e-06
0,0,0.9999984,9.1027414e-07
1,1,0.9995176,0.00022730402
2,2,0.99999905,3.5757762e-07
3,3,0.9997813,0.00013396626
5,5,0.9100542,0.038321145
6,6,0.9992231,0.00026578348
7,7,0.99995786,2.5477255e-05
8,8,0.84078056,0.059964407
1,1,0.9999237,3.9004368e-05
0,0,0.9999984,6.5288316e-07
9,9,0.9996818,9.437645e-05
5,5,0.99843866,0.00080440415
7,7,0.949959,0.02516688
5,5,0.99683064,0.0011911395
1,1,0.9995268,0.00028232075
8,8,0.9996665,0.00020775611
6,6,0.9999951,1.7485308e-06
9,9,0.9940032,0.0023962636
0,0,0.9999878,7.47401e-06
4,4,0.9999234,2.2098495e-05
1,1,0.9996702,0.00017269731
9,9,0.99984854,6.63199e-05
3,3,0.9967577,0.0019091349
8,8,0.99971974,0.00014699166
4,4,0.9986165,0.00069701765
4,4,0.9994423,0.00026768743
7,7,0.99840844,0.000648621
0,0,0.9999717,1.0853465e-05
1,1,0.9999198,4.080572e-05
9,9,0.9999315,2.9746468e-05
2,2,0.9939457,0.002513911
8,8,0.99975604,0.000118584445
7,7,0.99986887,7.456697e-05
8,8,0.9998778,7.2974326e-05
2,2,0.846443,0.064294204
5,5,0.7533027,0.05720049
9,9,0.9980103,0.00067035994
6,6,0.9999803,7.0785763e-06
0,0,0.9983875,0.00089311565
6,6,0.9558651,0.015800197
5,5,0.9695881,0.01437317
5,5,0.9999874,4.6409377e-06
3,3,0.9926693,0.0045073456
3,3,0.998363,0.00077502144
3,3,0.9994875,0.00030636397
9,9,0.99995124,1.3416196e-05
8,8,0.9612111,0.02311096
1,1,0.9998271,7.2939736e-05
1,1,0.9998409,8.104721e-05
0,0,0.99228287,0.0045597455
6,6,0.9998051,6.35679e-05
1,1,0.9998201,9.4018185e-05
0,0,0.9984161,0.00065406447
0,0,0.9999865,6.656669e-06
6,6,0.99988955,4.6185047e-05
2,2,0.9997242,0.00017211516
1,1,0.9977587,0.001373105
1,1,0.9998161,9.8816e-05
3,3,0.999838,9.8996345e-05
2,2,0.9991895,0.00037390416
7,7,0.99942255,0.00020003089
7,7,0.9999121,4.907974e-05
8,8,0.9978676,0.0010952025
8,8,0.9759186,0.008830311
7,7,0.9999653,1.3883284e-05
8,8,0.9998541,8.765826e-05
4,4,0.996002,0.0017116914
6,6,0.99963856,0.00013203431
0,0,0.99796313,0.0012684765
2,2,0.9945601,0.0024918835
0,0,0.9999955,1.4847251e-06
7,7,0.99940187,0.00026918546
0,0,0.999986,8.277644e-06
3,3,0.9949711,0.0031630308
6,6,0.9999957,2.2986792e-06
8,8,0.9998959,5.0156745e-05
7,7,0.99776745,0.0008451052
1,1,0.9991188,0.00033426774
5,5,0.99943817,0.00022119358
9,9,0.99960977,8.045485e-05
9,9,0.998768,0.00024209332
3,3,0.999856,7.85846e-05
7,7,0.9999593,2.2277902e-05
2,2,0.99993515,2.7364138e-05
4,4,0.99971306,0.0001160736
9,9,0.9997697,6.453894e-05
4,4,0.99997103,1.2444119e-05
3,3,0.9967909,0.0016427096
6,6,0.9999569,1.4259133e-05
2,2,0.99725324,0.0011632803
2,2,0.99275273,0.0036948628
5,5,0.99905455,0.0005814224
3,3,0.99990255,5.4158787e-05
2,2,0.9999957,1.9976446e-06
5,5,0.9996274,0.00022115679
5,1,0.5674668,0.10153731
9,9,0.9999472,1.7543245e-05
4,4,0.999975,1.1648675e-05
1,1,0.99868107,0.0006918979
7,7,0.99989575,4.8961403e-05
2,2,0.99927396,0.00032241878
0,0,0.9999979,9.2819636e-07
1,1,0.99961245,0.00019099413
2,2,0.6997614,0.073888026
3,3,0.79546577,0.076050855
4,4,0.98487425,0.00510932
5,5,0.99988496,6.2721425e-05
6,6,0.999977,7.915775e-06
7,7,0.99963987,0.00016265949
8,8,0.99582034,0.0022193168
9,9,0.9776824,0.007363256
0,0,0.9999875,6.5237646e-06
1,1,0.999745,0.00012356926
2,2,0.98516876,0.007498874
3,3,0.92800915,0.041085966
4,4,0.99618465,0.0022252195
5,5,0.99847555,0.0005617422
6,6,0.9998914,3.589677e-05
7,7,0.85590136,0.062136125
8,8,0.9930957,0.002680215
9,9,0.991203,0.0043411
0,0,0.9855673,0.00898342
1,1,0.99382657,0.0026216041
2,2,0.9999666,1.608369e-05
3,3,0.9931154,0.0029979742
4,4,0.9935589,0.0024574606
5,5,0.48185167,0.10918428
6,6,0.99935496,0.00022649672
7,7,0.9939426,0.003825612
8,8,0.9999939,2.723187e-06
9,9,0.96508276,0.012247303
1,1,0.99917144,0.00037928476
0,0,0.9999539,1.7474576e-05
1,1,0.9986309,0.00054391485
2,2,0.9997524,0.00013711592
7,7,0.9076338,0.03661644
5,5,0.9999918,3.1581908e-06
3,3,0.99908954,0.00031615392
4,4,0.997879,0.0013247371
4,4,0.9998096,8.584783e-05
0,0,0.99999493,2.5355416e-06
0,0,0.9999976,9.763297e-07
6,6,0.9999097,3.4896304e-05
9,8,0.62373453,0.065934315
6,6,0.995937,0.0017880419
6,6,0.9026084,0.042926718
5,5,0.98480034,0.007605099
7,7,0.9104991,0.05278299
2,2,0.95930356,0.022765476
3,3,0.9529359,0.028446857
4,4,0.9999173,3.861729e-05
4,4,0.94012356,0.025478825
9,9,0.9998352,5.133191e-05
1,1,0.9477972,0.026699388
4,4,0.9995165,0.00017317594
0,0,0.9999014,4.5864424e-05
7,7,0.9999485,3.051465e-05
9,9,0.98863393,0.0042856983
5,5,0.9996665,0.0001647496
7,7,0.98488694,0.0072729127
2,2,0.9999401,1.9752011e-05
3,3,0.9945076,0.0032687685
1,1,0.9967104,0.0011323112
4,4,0.999815,0.00011023907
4,4,0.9999118,4.8225043e-05
0,0,0.9999493,2.9738123e-05
9,9,0.99997824,8.164716e-06
9,9,0.9828725,0.0067329495
6,6,0.9999863,5.811491e-06
1,1,0.88300765,0.061933704
8,8,0.9999793,8.658178e-06
3,3,0.98179054,0.010582652
3,3,0.98517275,0.007732832
7,7,0.97779626,0.007810687
3,3,0.9935149,0.004007537
9,9,0.9996457,0.0001355618
8,8,0.99999887,4.3184258e-07
8,8,0.99576914,0.0019364951
4,4,0.9997374,0.00012599402
7,7,0.9994551,0.0003360326
7,7,0.9999094,5.592798e-05
6,6,0.99999094,3.6679928e-06
2,2,0.99961835,0.00019855631
1,1,0.9987726,0.0005650257
9,9,0.9955958,0.0015638865
8,8,0.98971766,0.006478595
7,7,0.9991542,0.00052797666
8,8,0.9999954,1.8349931e-06
8,8,0.9999472,2.1001691e-05
7,7,0.9976061,0.0015091675
2,2,0.9898779,0.0055706487
2,2,0.9999444,3.3280092e-05
3,3,0.99786913,0.0012931629
9,9,0.99779195,0.00089014106
3,3,0.9991112,0.0005559307
3,3,0.9971633,0.0016510487
5,5,0.99988365,6.1689905e-05
5,5,0.99997866,1.0205671e-05
0,0,0.9998728,6.373996e-05
7,7,0.9868635,0.00830203
9,4,0.9852616,0.0069939173
5,5,0.9999341,2.7067688e-05
6,6,0.9999881,4.135326e-06
5,5,0.9999868,6.1924643e-06
1,1,0.9423844,0.03466327
4,4,0.9998907,5.8788584e-05
1,1,0.99954855,0.00020780461
1,1,0.9925796,0.0035559349
2,2,0.9977269,0.0011898706
8,8,0.9854479,0.007246797
2,2,0.9999405,2.3917992e-05
6,6,0.9999932,2.1700544e-06
1,1,0.99324304,0.0033174213
5,5,0.9988885,0.00050047867
0,0,0.99996537,2.0411086e-05
1,1,0.9925438,0.0036753174
2,2,0.9998287,7.069347e-05
3,3,0.9997983,0.00010373288
4,4,0.9999444,2.5624573e-05
5,5,0.98418915,0.0074813566
6,6,0.9790146,0.0084209945
7,7,0.95109403,0.030919328
8,8,0.9940521,0.0032511347
9,9,0.99970025,7.1289265e-05
0,0,0.99996966,1.284912e-05
1,1,0.9618354,0.01700642
2,2,0.72521913,0.08417944
3,3,0.97088087,0.013152091
4,4,0.9916414,0.0042424975
5,5,0.9999884,4.5787474e-06
6,6,0.93081,0.040346585
7,7,0.90365905,0.058393456
8,8,0.99970704,0.00012250395
9,9,0.9992223,0.00025633167
0,0,0.99829024,0.0005382261
1,1,0.95565903,0.019276258
2,2,0.999973,1.4708452e-05
3,3,0.8333642,0.051120125
4,4,0.9998201,8.206161e-05
5,5,0.99983597,6.724136e-05
6,6,0.9238717,0.03744524
7,7,0.9905885,0.0059085875
8,8,0.9894112,0.0056985025
8,8,0.9934865,0.0034819685
0,0,0.99994576,2.1414622e-05
6,6,0.8622406,0.05879156
0,0,0.99990976,3.4866614e-05
0,0,0.5110081,0.10705867
2,2,0.99997854,6.7829897e-06
3,5,0.5945448,0.07350896
7,7,0.99688643,0.0019548151
9,9,0.8020026,0.05644965
4,4,0.98834264,0.007289207
7,7,0.97864115,0.013494479
1,1,0.9998267,7.775581e-05
9,7,0.71062005,0.08888501
1,1,0.8474189,0.048888765
7,7,0.97434604,0.016212318
1,1,0.8543814,0.051796537
4,4,0.99947035,0.00018575843
0,0,0.9999939,2.8120985e-06
0,0,0.9999958,1.6415033e-06
1,1,0.99290884,0.0023314455
7,7,0.9988397,0.00055553095
5,5,0.99436677,0.0021883252
7,7,0.9904432,0.0058919033
1,1,0.919244,0.03353667
3,3,0.995598,0.002758279
3,3,0.9653618,0.014947223
3,3,0.9736562,0.016137725
1,1,0.99677736,0.001770727
6,6,0.99269974,0.0044591944
9,9,0.9987856,0.00033000443
7,7,0.9995165,0.0002975214
1,1,0.99510324,0.0028155874
3,3,0.8964075,0.033577513
0,0,0.9999696,1.6511869e-05
2,7,0.6906418,0.07790043
6,6,0.8996768,0.06056565
0,0,0.9998373,6.581227e-05
8,8,0.9930517,0.002673227
9,9,0.99621373,0.0015758192
4,7,0.91602564,0.024507452
3,3,0.99923545,0.0004133495
5,5,0.9999286,3.0886622e-05
4,4,0.99996185,1.4517469e-05
8,8,0.99990684,5.166245e-05
1,1,0.99803436,0.0009038396
5,5,0.99976426,8.756387e-05
9,9,0.99865353,0.00039998704
0,0,0.9978218,0.0009721728
6,6,0.90827733,0.05638231
6,3,0.4128974,0.095876135
3,3,0.9995001,0.00030749658
8,8,0.99886024,0.0006927792
1,1,0.9988488,0.0005407326
4,4,0.9997708,0.000107102984
7,7,0.9837631,0.009322615
5,5,0.99954545,0.00021268692
2,2,0.8866247,0.060590815
0,0,0.99713916,0.0014559829
0,0,0.9997902,8.6422086e-05
1,1,0.99926966,0.00037132733
7,7,0.9993356,0.0004013794
8,8,0.9942768,0.002290933
9,7,0.89437276,0.044630773
6,6,0.9708554,0.016934384
8,8,0.9567971,0.024361018
8,8,0.9046858,0.057159115
2,2,0.86000884,0.05087024
3,3,0.99811935,0.0011313909
6,5,0.57132643,0.077816784
1,1,0.8946886,0.04163199
2,2,0.4307931,0.11144854
9,9,0.99447745,0.0019357763
5,5,0.99995154,1.6434044e-05
2,2,0.99957705,0.00020007181
0,0,0.9999536,2.6681275e-05
1,1,0.99976814,0.000105810395
2,2,0.99985075,5.721557e-05
3,3,0.9995136,0.0003031137
4,4,0.99987495,4.5510882e-05
5,5,0.99799263,0.0007357167
6,6,0.96550846,0.020163039
7,7,0.9982745,0.00087770895
8,8,0.90902156,0.02788258
9,9,0.9998131,6.12142e-05
0,0,0.9999629,1.2607027e-05
1,1,0.99983644,6.998563e-05
2,2,0.85166657,0.052443188
3,3,0.99494106,0.002963485
4,4,0.9999922,2.4729425e-06
5,5,0.90942097,0.031074941
6,6,0.87957716,0.048859764
7,7,0.99829614,0.0010381568
8,8,0.99918807,0.00029010957
9,9,0.996651,0.0013803422
0,0,0.9999176,3.5069337e-05
1,1,0.9996253,0.00013141123
2,2,0.9747502,0.00727691
3,3,0.9999752,1.4365421e-05
4,4,0.9976853,0.0012494116
5,6,0.83953655,0.06431974
6,6,0.9836787,0.007852984
7,7,0.88457346,0.048425097
8,8,0.9102415,0.03500811
9,9,0.48333782,0.127563
7,7,0.99493676,0.002828472
4,9,0.55510557,0.06814338
6,6,0.9635886,0.017475134
1,1,0.99996173,1.6648928e-05
4,4,0.99306697,0.0038205665
0,0,0.9999315,3.0092284e-05
9,9,0.7238438,0.09354299
9,9,0.95316875,0.017787103
3,8,0.66136014,0.087435596
7,7,0.9799749,0.012422896
8,8,0.98882437,0.0042633642
4,0,0.71481204,0.09802518
7,7,0.99620503,0.0022589266
5,5,0.9445697,0.034210797
8,8,0.9999913,4.358607e-06
5,5,0.62871957,0.079470836
3,3,0.9974373,0.0013519895
2,2,0.9278185,0.043371297
2,2,0.7133757,0.06456185
0,0,0.9999968,1.4539306e-06
5,5,0.9711219,0.012423126
8,8,0.6575346,0.06894991
6,6,0.9439713,0.03304196
0,0,0.9999863,5.280503e-06
3,3,0.9998579,6.257326e-05
8,8,0.9999734,1.4985935e-05
1,1,0.9997961,8.9704394e-05
0,0,0.9999982,7.300547e-07
3,3,0.6059758,0.080336794
0,0,0.99999034,4.4169747e-06
4,4,0.96017647,0.018180087
7,7,0.99574745,0.0023844074
4,4,0.9999034,3.8264967e-05
9,9,0.9996239,0.000111950736
2,0,0.964394,0.022101413
9,9,0.99509275,0.002444953
5,0,0.9708293,0.0122959195
7,7,0.9942748,0.0034165345
1,1,0.99868995,0.00072353205
7,7,0.9981445,0.00092890626
1,1,0.9997238,0.000105000836
6,6,0.9518493,0.028545562
6,6,0.9838934,0.0089022415
5,0,0.9675662,0.015482975
6,6,0.9935641,0.0040100603
2,0,0.8419255,0.06456773
8,8,0.70820904,0.07002322
7,7,0.9158565,0.03596808
6,5,0.6015975,0.07645709
4,4,0.99025804,0.0038476554
9,9,0.99986136,3.497667e-05
9,9,0.99912846,0.00041904533
5,5,0.96843207,0.018811608
3,3,0.9904701,0.0045252093
7,7,0.9840682,0.0083359135
4,4,0.99713117,0.001246539
3,3,0.9827102,0.0078796735
0,0,0.99999,3.9884762e-06
4,9,0.40115803,0.10178784
6,5,0.54547894,0.077287875
6,6,0.99458027,0.0032996736
1,1,0.9998034,7.116836e-05
1,1,0.996473,0.0018919718
3,3,0.99833363,0.0010293599
2,2,0.99981767,0.00010763623
1,1,0.98654735,0.004985967
0,0,0.99921215,0.00038052507
0,0,0.9994027,0.00035647672
1,1,0.9998745,4.6684414e-05
2,2,0.9996729,0.0001373565
3,3,0.9662779,0.02027065
4,4,0.99997914,1.0776163e-05
7,7,0.9998295,0.000106248866
8,8,0.9999404,3.667057e-05
9,4,0.6584539,0.07869633
0,0,0.99998665,5.6959943e-06
1,1,0.9998852,4.1015537e-05
2,2,0.5266129,0.12018003
3,3,0.9988704,0.00048537808
4,4,0.9999682,1.5278922e-05
5,5,0.9993927,0.00016886643
6,6,0.94562674,0.033964388
7,7,0.99987304,6.7101755e-05
8,8,0.999246,0.00034985636
0,0,0.9998293,0.000100613666
1,1,0.99935293,0.00033669514
2,2,0.999823,8.984622e-05
3,3,0.99948853,0.0003067292
4,4,0.99998283,7.115815e-06
7,7,0.99975693,0.00015173832
8,8,0.998942,0.00065115845
9,9,0.99992675,2.635479e-05
0,0,0.99773854,0.0010919227
8,8,0.9998053,0.0001197097
3,3,0.5820676,0.07534175
9,9,0.9993558,0.00015400184
5,5,0.9997813,0.000100608784
5,5,0.9940203,0.0024589621
2,2,0.7997249,0.06829288
6,6,0.9985105,0.00067036774
8,8,0.97638094,0.010203408
4,4,0.99994373,2.2063674e-05
1,1,0.99955237,0.00015150456
7,7,0.9998029,0.000110743546
1,1,0.9991635,0.00032201418
2,8,0.38159126,0.11725962
3,3,0.97562075,0.010458305
5,5,0.99998397,4.961086e-06
6,6,0.97697544,0.013596205
9,9,0.99990195,2.8596536e-05
1,1,0.9996685,0.00015444246
1,1,0.9992285,0.00024570007
1,1,0.9974836,0.00094961154
2,2,0.7922631,0.074853264
1,1,0.9997117,0.0001307148
2,2,0.9991636,0.00029554643
0,0,0.9922776,0.004331287
7,7,0.9995618,0.0002669052
7,7,0.9999057,5.3911866e-05
5,5,0.9999356,2.2414366e-05
8,8,0.99989337,6.512834e-05
2,2,0.9728612,0.010924477
9,9,0.99309266,0.0022708385
8,8,0.9985245,0.0009200183
6,8,0.9287845,0.021579634
7,7,0.9998924,6.292338e-05
3,3,0.9985836,0.00055240165
4,4,0.99998826,6.481189e-06
6,6,0.9625505,0.022729635
8,8,0.9995658,0.00024157224
7,7,0.99973047,0.00015723312
0,0,0.9999841,7.616887e-06
4,4,0.99997866,8.968932e-06
2,2,0.88539016,0.054686803
7,7,0.9999369,2.9798675e-05
7,7,0.9999372,3.5961384e-05
5,5,0.9989072,0.00042741522
4,4,0.99997663,1.2639552e-05
3,3,0.9992077,0.0004064715
4,4,0.99975646,0.00010805781
2,2,0.86314124,0.04916893
8,8,0.99966776,0.00019065835
1,1,0.99890167,0.0006081795
5,5,0.999926,3.4933557e-05
1,1,0.99991053,3.7397764e-05
0,0,0.9316009,0.023732675
2,2,0.9863037,0.008363846
3,3,0.99061143,0.004558933
3,3,0.6951492,0.061257787
5,5,0.88010615,0.052907944
7,7,0.93039715,0.035220128
0,0,0.9995228,0.00021412992
6,6,0.90440667,0.042570285
8,8,0.9990543,0.00042793946
6,0,0.5894623,0.09140983
3,3,0.9965917,0.0020140577
9,9,0.9491207,0.021311997
9,9,0.6575116,0.07237716
8,8,0.99018717,0.0050900625
2,2,0.97646093,0.009109151
7,7,0.9971465,0.0017706815
7,7,0.999831,0.00010243675
1,1,0.9998787,4.9880393e-05
0,0,0.99998796,6.763242e-06
1,1,0.9994968,0.0002945216
7,7,0.99989545,6.527723e-05
8,8,0.9998315,9.474996e-05
9,9,0.9179343,0.035874903
0,0,0.9999927,4.2240868e-06
1,1,0.97571516,0.011072395
2,2,0.7010993,0.078210704
3,3,0.69563186,0.07438192
4,4,0.9998312,7.4534706e-05
5,5,0.99803793,0.00093779276
6,6,0.992864,0.004447634
7,7,0.9992658,0.00045936918
8,8,0.96496403,0.014929093
0,0,0.9999984,6.972821e-07
1,1,0.99988633,4.0625713e-05
2,2,0.9952313,0.0026138183
3,3,0.98963535,0.0062821684
4,4,0.999925,3.3786495e-05
7,7,0.81717795,0.062326826
8,8,0.9999936,3.0996027e-06
9,9,0.9632122,0.019706246
7,7,0.998754,0.0007452544
8,8,0.999496,0.00029558528
6,6,0.99378777,0.0028384456
4,4,0.8815278,0.04305839
1,1,0.9966297,0.001721258
9,9,0.9590185,0.013869822
3,3,0.9319731,0.032839097
8,8,0.8300586,0.04739801
4,4,0.9977449,0.0012991992
4,4,0.99995553,2.4582474e-05
7,7,0.99992484,3.5857072e-05
0,0,0.9999849,4.944601e-06
1,1,0.9991972,0.0003906726
9,9,0.9967616,0.0013501318
2,2,0.9998158,7.011225e-05
8,8,0.99959695,0.00025103026
7,7,0.9997083,0.00016246452
8,8,0.9970067,0.0016656148
2,2,0.9986356,0.0007148241
6,6,0.99083936,0.005724012
0,0,0.9999797,1.0961814e-05
6,6,0.84614193,0.039777733
5,5,0.9981766,0.0008615392
3,3,0.99354506,0.004053003
3,3,0.9175768,0.04403902
3,8,0.90529335,0.03547721
9,9,0.9979755,0.00094583875
1,1,0.99978477,9.779395e-05
4,4,0.8589369,0.06397122
0,0,0.9999838,8.304221e-06
6,6,0.99886906,0.0005482578
1,1,0.99993056,2.897951e-05
0,0,0.9999874,4.0290615e-06
0,0,0.9999941,2.2274767e-06
6,6,0.9786002,0.010730718
2,2,0.9989835,0.0006071137
1,1,0.9952692,0.0024478808
1,1,0.98639566,0.007306608
7,7,0.99953973,0.00027152634
7,7,0.9983406,0.0010071539
8,8,0.94697,0.03262256
4,4,0.99990064,4.2432486e-05
6,6,0.9991873,0.00039016583
0,0,0.9998267,7.816263e-05
7,7,0.9965997,0.002030185
0,0,0.9999173,4.3773467e-05
3,3,0.9903911,0.0058159567
6,6,0.9998926,4.063091e-05
8,8,0.99728316,0.0016949195
7,7,0.9996807,0.0002004215
1,1,0.99984455,7.4013384e-05
5,5,0.9991851,0.00024543557
2,2,0.99998915,4.506109e-06
4,4,0.99997663,1.1584825e-05
9,9,0.9978396,0.0009861884
4,4,0.9998973,4.1971063e-05
3,3,0.78316975,0.068841085
6,6,0.7759324,0.07876174
4,4,0.9998886,4.637061e-05
1,1,0.9700222,0.014985663
7,7,0.99447906,0.0031252734
2,2,0.7481005,0.08187303
6,6,0.91794646,0.043453403
5,6,0.7092259,0.05960814
0,0,0.99999464,2.7927929e-06
1,1,0.99740297,0.0011378331
2,2,0.9340395,0.033959545
3,3,0.9742878,0.011812905
4,4,0.9999813,7.2680077e-06
5,5,0.9995602,0.00026962344
6,6,0.99535435,0.0029302146
7,7,0.9987794,0.0006573065
8,8,0.99814826,0.001148937
9,9,0.99969023,0.00013778365
0,0,0.99998015,6.6320436e-06
1,1,0.99385357,0.0032342982
2,2,0.9995818,0.00022471
3,3,0.83141994,0.060235076
4,4,0.99999076,2.9218968e-06
5,5,0.99880046,0.00050360395
6,6,0.99996996,1.7895898e-05
